2024-09-28 19:17:49,496 - my_logger - INFO -                CFNAI     NGDP1  CPIAUCSL      CPI1    Growth  ...  MSCI WORLD/INDUSTRL  MSCI WORLD REAL ESTATE  ISM Manufacturing PMI SA  US CPI Urban Consumers YoY NSA  Federal Funds Target Rate - Up
2004-10-01  0.440324 -0.249076  0.829350 -0.458396  0.095624  ...             0.017105                0.035133                 -0.019164                        0.280000                        0.000000
2004-11-01  0.020029 -0.213042  0.839871 -0.341355 -0.096507  ...             0.064366                0.073984                 -0.001776                        0.093750                        0.142857
2004-12-01  0.810584 -0.171887  0.839871 -0.026042  0.319349  ...             0.030030                0.050138                  0.017794                       -0.057143                        0.125000
2005-01-01  0.180141 -0.006927  0.838702  0.203004  0.086607  ...            -0.008192               -0.046460                 -0.006993                       -0.090909                        0.000000
2005-02-01  0.380282  0.161254  0.848054  0.118742  0.270768  ...             0.016439                0.020496                 -0.022887                        0.000000                        0.111111
...              ...       ...       ...       ...       ...  ...                  ...                     ...                       ...                             ...                             ...
2023-10-01 -0.600407  0.735563  2.193915  0.290099  0.067578  ...            -0.041802               -0.035619                 -0.034979                       -0.135135                        0.000000
2023-11-01  0.230176  0.131303  2.199678  0.250005  0.180740  ...             0.101848                0.000000                 -0.006397                       -0.031250                        0.000000
2023-12-01 -0.140084 -0.401207  2.208072  0.101464 -0.270645  ...             0.074830                0.000000                  0.010730                        0.096774                        0.000000
2024-01-01 -0.790541 -0.616885  2.219095 -0.063211 -0.703713  ...            -0.002013                0.000000                  0.042463                       -0.088235                        0.000000
2024-02-01  0.310233 -0.586657  2.235098 -0.135360 -0.138212  ...             0.056306                0.000000                 -0.026477                        0.032258                        0.000000

[233 rows x 28 columns]
2024-09-28 19:39:18,178 - my_logger - INFO - Date
2020-01-01    0.009417
dtype: float64
2024-09-28 19:39:18,191 - my_logger - INFO - Date
2020-02-01   -0.069003
dtype: float64
2024-09-28 19:39:18,203 - my_logger - INFO - Date
2020-03-01   -0.068214
dtype: float64
2024-09-28 19:39:18,211 - my_logger - INFO - Date
2020-04-01    0.093552
dtype: float64
2024-09-28 19:39:18,224 - my_logger - INFO - Date
2020-05-01    0.041172
dtype: float64
2024-09-28 19:39:18,234 - my_logger - INFO - Date
2020-06-01    0.025986
dtype: float64
2024-09-28 19:39:19,339 - my_logger - INFO - Date
2020-07-01    0.07249
dtype: float64
2024-09-28 19:39:19,347 - my_logger - INFO - Date
2020-08-01    0.049204
dtype: float64
2024-09-28 19:39:19,357 - my_logger - INFO - Date
2020-09-01   -0.036237
dtype: float64
2024-09-28 19:39:19,366 - my_logger - INFO - Date
2020-10-01    0.014572
dtype: float64
2024-09-28 19:39:19,376 - my_logger - INFO - Date
2020-11-01    0.097201
dtype: float64
2024-09-28 19:39:19,387 - my_logger - INFO - Date
2020-12-01    0.053929
dtype: float64
2024-09-28 19:39:20,354 - my_logger - INFO - Date
2021-01-01   -0.012923
dtype: float64
2024-09-28 19:39:20,364 - my_logger - INFO - Date
2021-02-01   -0.012271
dtype: float64
2024-09-28 19:39:20,377 - my_logger - INFO - Date
2021-03-01    0.022956
dtype: float64
2024-09-28 19:39:20,386 - my_logger - INFO - Date
2021-04-01    0.032128
dtype: float64
2024-09-28 19:39:20,395 - my_logger - INFO - Date
2021-05-01    0.011434
dtype: float64
2024-09-28 19:39:20,404 - my_logger - INFO - Date
2021-06-01    0.024048
dtype: float64
2024-09-28 19:39:21,353 - my_logger - INFO - Date
2021-07-01    0.018026
dtype: float64
2024-09-28 19:39:21,363 - my_logger - INFO - Date
2021-08-01    0.019462
dtype: float64
2024-09-28 19:39:21,372 - my_logger - INFO - Date
2021-09-01   -0.039446
dtype: float64
2024-09-28 19:39:21,387 - my_logger - INFO - Date
2021-10-01    0.066613
dtype: float64
2024-09-28 19:39:21,400 - my_logger - INFO - Date
2021-11-01   -0.008533
dtype: float64
2024-09-28 19:39:21,409 - my_logger - INFO - Date
2021-12-01    0.033979
dtype: float64
2024-09-28 19:39:22,447 - my_logger - INFO - Date
2022-01-01   -0.028148
dtype: float64
2024-09-28 19:39:22,456 - my_logger - INFO - Date
2022-02-01   -0.013792
dtype: float64
2024-09-28 19:39:22,465 - my_logger - INFO - Date
2022-03-01    0.038075
dtype: float64
2024-09-28 19:39:22,476 - my_logger - INFO - Date
2022-04-01   -0.066129
dtype: float64
2024-09-28 19:39:22,486 - my_logger - INFO - Date
2022-05-01    0.008791
dtype: float64
2024-09-28 19:39:22,495 - my_logger - INFO - Date
2022-06-01   -0.092136
dtype: float64
2024-09-28 19:39:23,528 - my_logger - INFO - Date
2022-07-01    0.054657
dtype: float64
2024-09-28 19:39:23,541 - my_logger - INFO - Date
2022-08-01   -0.034141
dtype: float64
2024-09-28 19:39:23,556 - my_logger - INFO - Date
2022-09-01   -0.079869
dtype: float64
2024-09-28 19:39:23,570 - my_logger - INFO - Date
2022-10-01    0.044466
dtype: float64
2024-09-28 19:39:23,580 - my_logger - INFO - Date
2022-11-01    0.061802
dtype: float64
2024-09-28 19:39:23,594 - my_logger - INFO - Date
2022-12-01   -0.027321
dtype: float64
2024-09-28 19:39:24,722 - my_logger - INFO - Date
2023-01-01    0.078693
dtype: float64
2024-09-28 19:39:24,734 - my_logger - INFO - Date
2023-02-01   -0.041838
dtype: float64
2024-09-28 19:39:24,744 - my_logger - INFO - Date
2023-03-01    0.013543
dtype: float64
2024-09-28 19:39:24,754 - my_logger - INFO - Date
2023-04-01    0.000752
dtype: float64
2024-09-28 19:39:24,765 - my_logger - INFO - Date
2023-05-01   -0.043412
dtype: float64
2024-09-28 19:39:24,775 - my_logger - INFO - Date
2023-06-01    0.051321
dtype: float64
2024-09-28 19:39:25,811 - my_logger - INFO - Date
2023-07-01    0.032165
dtype: float64
2024-09-28 19:39:25,822 - my_logger - INFO - Date
2023-08-01   -0.026798
dtype: float64
2024-09-28 19:39:25,830 - my_logger - INFO - Date
2023-09-01   -0.028973
dtype: float64
2024-09-28 19:39:25,841 - my_logger - INFO - Date
2023-10-01   -0.024792
dtype: float64
2024-09-28 19:39:25,851 - my_logger - INFO - Date
2023-11-01    0.066792
dtype: float64
2024-09-28 19:39:25,860 - my_logger - INFO - Date
2023-12-01    0.049373
dtype: float64
2024-09-29 17:00:06,952 - my_logger - INFO - Date
2020-01-01    0.011186
dtype: float64
2024-09-29 17:00:06,962 - my_logger - INFO - Date
2020-02-01   -0.070413
dtype: float64
2024-09-29 17:00:06,970 - my_logger - INFO - Date
2020-03-01   -0.079959
dtype: float64
2024-09-29 17:00:06,982 - my_logger - INFO - Date
2020-04-01    0.088618
dtype: float64
2024-09-29 17:00:06,991 - my_logger - INFO - Date
2020-05-01    0.040131
dtype: float64
2024-09-29 17:00:07,001 - my_logger - INFO - Date
2020-06-01    0.0325
dtype: float64
2024-09-29 17:00:08,135 - my_logger - INFO - Date
2020-07-01    0.07249
dtype: float64
2024-09-29 17:00:08,145 - my_logger - INFO - Date
2020-08-01    0.049204
dtype: float64
2024-09-29 17:00:08,153 - my_logger - INFO - Date
2020-09-01   -0.036237
dtype: float64
2024-09-29 17:00:08,164 - my_logger - INFO - Date
2020-10-01    0.014572
dtype: float64
2024-09-29 17:00:08,175 - my_logger - INFO - Date
2020-11-01    0.097201
dtype: float64
2024-09-29 17:00:08,185 - my_logger - INFO - Date
2020-12-01    0.053929
dtype: float64
2024-09-29 17:00:09,204 - my_logger - INFO - Date
2021-01-01   -0.016299
dtype: float64
2024-09-29 17:00:09,214 - my_logger - INFO - Date
2021-02-01   -0.003326
dtype: float64
2024-09-29 17:00:09,224 - my_logger - INFO - Date
2021-03-01    0.02121
dtype: float64
2024-09-29 17:00:09,235 - my_logger - INFO - Date
2021-04-01    0.038852
dtype: float64
2024-09-29 17:00:09,250 - my_logger - INFO - Date
2021-05-01    0.004133
dtype: float64
2024-09-29 17:00:09,265 - my_logger - INFO - Date
2021-06-01    0.036033
dtype: float64
2024-09-29 17:00:10,322 - my_logger - INFO - Date
2021-07-01    0.013317
dtype: float64
2024-09-29 17:00:10,334 - my_logger - INFO - Date
2021-08-01    0.023959
dtype: float64
2024-09-29 17:00:10,344 - my_logger - INFO - Date
2021-09-01   -0.035111
dtype: float64
2024-09-29 17:00:10,356 - my_logger - INFO - Date
2021-10-01    0.068924
dtype: float64
2024-09-29 17:00:10,365 - my_logger - INFO - Date
2021-11-01   -0.005557
dtype: float64
2024-09-29 17:00:10,374 - my_logger - INFO - Date
2021-12-01    0.02593
dtype: float64
2024-09-29 17:00:11,407 - my_logger - INFO - Date
2022-01-01   -0.012843
dtype: float64
2024-09-29 17:00:11,415 - my_logger - INFO - Date
2022-02-01   -0.014309
dtype: float64
2024-09-29 17:00:11,427 - my_logger - INFO - Date
2022-03-01    0.034437
dtype: float64
2024-09-29 17:00:11,438 - my_logger - INFO - Date
2022-04-01   -0.077176
dtype: float64
2024-09-29 17:00:11,446 - my_logger - INFO - Date
2022-05-01    0.018209
dtype: float64
2024-09-29 17:00:11,457 - my_logger - INFO - Date
2022-06-01   -0.109721
dtype: float64
2024-09-29 17:00:12,464 - my_logger - INFO - Date
2022-07-01    0.069754
dtype: float64
2024-09-29 17:00:12,476 - my_logger - INFO - Date
2022-08-01   -0.034834
dtype: float64
2024-09-29 17:00:12,485 - my_logger - INFO - Date
2022-09-01   -0.088332
dtype: float64
2024-09-29 17:00:12,497 - my_logger - INFO - Date
2022-10-01    0.05088
dtype: float64
2024-09-29 17:00:12,508 - my_logger - INFO - Date
2022-11-01    0.0623
dtype: float64
2024-09-29 17:00:12,519 - my_logger - INFO - Date
2022-12-01   -0.037241
dtype: float64
2024-09-29 17:00:13,574 - my_logger - INFO - Date
2023-01-01    0.073956
dtype: float64
2024-09-29 17:00:13,587 - my_logger - INFO - Date
2023-02-01   -0.038648
dtype: float64
2024-09-29 17:00:13,599 - my_logger - INFO - Date
2023-03-01    0.017081
dtype: float64
2024-09-29 17:00:13,614 - my_logger - INFO - Date
2023-04-01    0.000832
dtype: float64
2024-09-29 17:00:13,623 - my_logger - INFO - Date
2023-05-01   -0.034982
dtype: float64
2024-09-29 17:00:13,633 - my_logger - INFO - Date
2023-06-01    0.04415
dtype: float64
2024-09-29 17:00:14,712 - my_logger - INFO - Date
2023-07-01    0.032261
dtype: float64
2024-09-29 17:00:14,723 - my_logger - INFO - Date
2023-08-01   -0.027389
dtype: float64
2024-09-29 17:00:14,734 - my_logger - INFO - Date
2023-09-01   -0.029824
dtype: float64
2024-09-29 17:00:14,743 - my_logger - INFO - Date
2023-10-01   -0.026045
dtype: float64
2024-09-29 17:00:14,758 - my_logger - INFO - Date
2023-11-01    0.07127
dtype: float64
2024-09-29 17:00:14,769 - my_logger - INFO - Date
2023-12-01    0.050739
dtype: float64
2024-10-20 12:22:36,660 - my_logger - INFO - Date
2020-01-01    0.008173
dtype: float64
2024-10-20 12:22:36,669 - my_logger - INFO - Date
2020-02-01   -0.0703
dtype: float64
2024-10-20 12:22:36,678 - my_logger - INFO - Date
2020-03-01   -0.083828
dtype: float64
2024-10-20 12:22:36,688 - my_logger - INFO - Date
2020-04-01    0.091744
dtype: float64
2024-10-20 12:22:36,696 - my_logger - INFO - Date
2020-05-01    0.04004
dtype: float64
2024-10-20 12:22:36,706 - my_logger - INFO - Date
2020-06-01    0.030057
dtype: float64
2024-10-20 12:22:37,695 - my_logger - INFO - Date
2020-07-01    0.07249
dtype: float64
2024-10-20 12:22:37,704 - my_logger - INFO - Date
2020-08-01    0.049204
dtype: float64
2024-10-20 12:22:37,713 - my_logger - INFO - Date
2020-09-01   -0.036237
dtype: float64
2024-10-20 12:22:37,721 - my_logger - INFO - Date
2020-10-01    0.014572
dtype: float64
2024-10-20 12:22:37,730 - my_logger - INFO - Date
2020-11-01    0.097201
dtype: float64
2024-10-20 12:22:37,741 - my_logger - INFO - Date
2020-12-01    0.053929
dtype: float64
2024-10-20 12:22:38,661 - my_logger - INFO - Date
2021-01-01   -0.017476
dtype: float64
2024-10-20 12:22:38,671 - my_logger - INFO - Date
2021-02-01   -0.009299
dtype: float64
2024-10-20 12:22:38,681 - my_logger - INFO - Date
2021-03-01    0.028624
dtype: float64
2024-10-20 12:22:38,690 - my_logger - INFO - Date
2021-04-01    0.037269
dtype: float64
2024-10-20 12:22:38,699 - my_logger - INFO - Date
2021-05-01    0.009327
dtype: float64
2024-10-20 12:22:38,708 - my_logger - INFO - Date
2021-06-01    0.027611
dtype: float64
2024-10-20 12:22:39,612 - my_logger - INFO - Date
2021-07-01    0.016064
dtype: float64
2024-10-20 12:22:39,622 - my_logger - INFO - Date
2021-08-01    0.016351
dtype: float64
2024-10-20 12:22:39,630 - my_logger - INFO - Date
2021-09-01   -0.035975
dtype: float64
2024-10-20 12:22:39,639 - my_logger - INFO - Date
2021-10-01    0.061667
dtype: float64
2024-10-20 12:22:39,649 - my_logger - INFO - Date
2021-11-01   -0.019417
dtype: float64
2024-10-20 12:22:39,658 - my_logger - INFO - Date
2021-12-01    0.042717
dtype: float64
2024-10-20 12:22:40,597 - my_logger - INFO - Date
2022-01-01   -0.017118
dtype: float64
2024-10-20 12:22:40,606 - my_logger - INFO - Date
2022-02-01   -0.014451
dtype: float64
2024-10-20 12:22:40,615 - my_logger - INFO - Date
2022-03-01    0.032567
dtype: float64
2024-10-20 12:22:40,624 - my_logger - INFO - Date
2022-04-01   -0.074484
dtype: float64
2024-10-20 12:22:40,633 - my_logger - INFO - Date
2022-05-01    0.016305
dtype: float64
2024-10-20 12:22:40,645 - my_logger - INFO - Date
2022-06-01   -0.101291
dtype: float64
2024-10-20 12:22:41,584 - my_logger - INFO - Date
2022-07-01    0.065512
dtype: float64
2024-10-20 12:22:41,593 - my_logger - INFO - Date
2022-08-01   -0.039188
dtype: float64
2024-10-20 12:22:41,602 - my_logger - INFO - Date
2022-09-01   -0.088602
dtype: float64
2024-10-20 12:22:41,611 - my_logger - INFO - Date
2022-10-01    0.056709
dtype: float64
2024-10-20 12:22:41,621 - my_logger - INFO - Date
2022-11-01    0.065713
dtype: float64
2024-10-20 12:22:41,630 - my_logger - INFO - Date
2022-12-01   -0.037576
dtype: float64
2024-10-20 12:22:42,620 - my_logger - INFO - Date
2023-01-01    0.076781
dtype: float64
2024-10-20 12:22:42,629 - my_logger - INFO - Date
2023-02-01   -0.040296
dtype: float64
2024-10-20 12:22:42,638 - my_logger - INFO - Date
2023-03-01    0.014185
dtype: float64
2024-10-20 12:22:42,647 - my_logger - INFO - Date
2023-04-01    0.001472
dtype: float64
2024-10-20 12:22:42,656 - my_logger - INFO - Date
2023-05-01   -0.037911
dtype: float64
2024-10-20 12:22:42,665 - my_logger - INFO - Date
2023-06-01    0.046635
dtype: float64
2024-10-20 12:22:43,632 - my_logger - INFO - Date
2023-07-01    0.031206
dtype: float64
2024-10-20 12:22:43,642 - my_logger - INFO - Date
2023-08-01   -0.025697
dtype: float64
2024-10-20 12:22:43,652 - my_logger - INFO - Date
2023-09-01   -0.027271
dtype: float64
2024-10-20 12:22:43,662 - my_logger - INFO - Date
2023-10-01   -0.024249
dtype: float64
2024-10-20 12:22:43,672 - my_logger - INFO - Date
2023-11-01    0.06424
dtype: float64
2024-10-20 12:22:43,681 - my_logger - INFO - Date
2023-12-01    0.046384
dtype: float64
2024-10-20 14:14:23,430 - my_logger - INFO - Date
2020-01-01    0.013657
dtype: float64
2024-10-20 14:14:23,439 - my_logger - INFO - Date
2020-02-01   -0.065434
dtype: float64
2024-10-20 14:14:23,448 - my_logger - INFO - Date
2020-03-01   -0.073301
dtype: float64
2024-10-20 14:14:23,458 - my_logger - INFO - Date
2020-04-01    0.097904
dtype: float64
2024-10-20 14:14:23,467 - my_logger - INFO - Date
2020-05-01    0.045775
dtype: float64
2024-10-20 14:14:23,477 - my_logger - INFO - Date
2020-06-01    0.031053
dtype: float64
2024-10-20 14:14:24,437 - my_logger - INFO - Date
2020-07-01    0.07249
dtype: float64
2024-10-20 14:14:24,446 - my_logger - INFO - Date
2020-08-01    0.049204
dtype: float64
2024-10-20 14:14:24,457 - my_logger - INFO - Date
2020-09-01   -0.036237
dtype: float64
2024-10-20 14:14:24,469 - my_logger - INFO - Date
2020-10-01    0.014572
dtype: float64
2024-10-20 14:14:24,478 - my_logger - INFO - Date
2020-11-01    0.097201
dtype: float64
2024-10-20 14:14:24,489 - my_logger - INFO - Date
2020-12-01    0.053929
dtype: float64
2024-10-20 14:14:25,376 - my_logger - INFO - Date
2021-01-01   -0.014666
dtype: float64
2024-10-20 14:14:25,385 - my_logger - INFO - Date
2021-02-01   -0.007456
dtype: float64
2024-10-20 14:14:25,395 - my_logger - INFO - Date
2021-03-01    0.024075
dtype: float64
2024-10-20 14:14:25,404 - my_logger - INFO - Date
2021-04-01    0.036196
dtype: float64
2024-10-20 14:14:25,414 - my_logger - INFO - Date
2021-05-01    0.006656
dtype: float64
2024-10-20 14:14:25,423 - my_logger - INFO - Date
2021-06-01    0.029511
dtype: float64
2024-10-20 14:14:26,366 - my_logger - INFO - Date
2021-07-01    0.010443
dtype: float64
2024-10-20 14:14:26,375 - my_logger - INFO - Date
2021-08-01    0.017208
dtype: float64
2024-10-20 14:14:26,384 - my_logger - INFO - Date
2021-09-01   -0.029507
dtype: float64
2024-10-20 14:14:26,393 - my_logger - INFO - Date
2021-10-01    0.061875
dtype: float64
2024-10-20 14:14:26,403 - my_logger - INFO - Date
2021-11-01   -0.019821
dtype: float64
2024-10-20 14:14:26,412 - my_logger - INFO - Date
2021-12-01    0.040108
dtype: float64
2024-10-20 14:14:27,510 - my_logger - INFO - Date
2022-01-01    0.004189
dtype: float64
2024-10-20 14:14:27,525 - my_logger - INFO - Date
2022-02-01   -0.005629
dtype: float64
2024-10-20 14:14:27,536 - my_logger - INFO - Date
2022-03-01    0.036663
dtype: float64
2024-10-20 14:14:27,546 - my_logger - INFO - Date
2022-04-01   -0.057521
dtype: float64
2024-10-20 14:14:27,563 - my_logger - INFO - Date
2022-05-01    0.025884
dtype: float64
2024-10-20 14:14:27,575 - my_logger - INFO - Date
2022-06-01   -0.09341
dtype: float64
2024-10-20 14:14:28,582 - my_logger - INFO - Date
2022-07-01    0.061243
dtype: float64
2024-10-20 14:14:28,592 - my_logger - INFO - Date
2022-08-01   -0.036542
dtype: float64
2024-10-20 14:14:28,602 - my_logger - INFO - Date
2022-09-01   -0.08562
dtype: float64
2024-10-20 14:14:28,612 - my_logger - INFO - Date
2022-10-01    0.045396
dtype: float64
2024-10-20 14:14:28,623 - my_logger - INFO - Date
2022-11-01    0.066357
dtype: float64
2024-10-20 14:14:28,631 - my_logger - INFO - Date
2022-12-01   -0.034408
dtype: float64
2024-10-20 14:14:29,601 - my_logger - INFO - Date
2023-01-01    0.07189
dtype: float64
2024-10-20 14:14:29,611 - my_logger - INFO - Date
2023-02-01   -0.038461
dtype: float64
2024-10-20 14:14:29,620 - my_logger - INFO - Date
2023-03-01    0.013223
dtype: float64
2024-10-20 14:14:29,630 - my_logger - INFO - Date
2023-04-01    0.001038
dtype: float64
2024-10-20 14:14:29,640 - my_logger - INFO - Date
2023-05-01   -0.038756
dtype: float64
2024-10-20 14:14:29,649 - my_logger - INFO - Date
2023-06-01    0.04759
dtype: float64
2024-10-20 14:14:30,639 - my_logger - INFO - Date
2023-07-01    0.030988
dtype: float64
2024-10-20 14:14:30,648 - my_logger - INFO - Date
2023-08-01   -0.025709
dtype: float64
2024-10-20 14:14:30,657 - my_logger - INFO - Date
2023-09-01   -0.028232
dtype: float64
2024-10-20 14:14:30,666 - my_logger - INFO - Date
2023-10-01   -0.024514
dtype: float64
2024-10-20 14:14:30,677 - my_logger - INFO - Date
2023-11-01    0.066603
dtype: float64
2024-10-20 14:14:30,687 - my_logger - INFO - Date
2023-12-01    0.049472
dtype: float64
2024-10-20 14:19:15,162 - my_logger - INFO - Date
2020-01-01    0.011974
dtype: float64
2024-10-20 14:19:15,171 - my_logger - INFO - Date
2020-02-01   -0.072576
dtype: float64
2024-10-20 14:19:15,179 - my_logger - INFO - Date
2020-03-01   -0.082533
dtype: float64
2024-10-20 14:19:16,058 - my_logger - INFO - Date
2020-04-01    0.071573
dtype: float64
2024-10-20 14:19:16,068 - my_logger - INFO - Date
2020-05-01    0.040025
dtype: float64
2024-10-20 14:19:16,076 - my_logger - INFO - Date
2020-06-01    0.020372
dtype: float64
2024-10-20 14:19:17,081 - my_logger - INFO - Date
2020-07-01    0.07249
dtype: float64
2024-10-20 14:19:17,091 - my_logger - INFO - Date
2020-08-01    0.049204
dtype: float64
2024-10-20 14:19:17,100 - my_logger - INFO - Date
2020-09-01   -0.036237
dtype: float64
2024-10-20 14:19:18,028 - my_logger - INFO - Date
2020-10-01   -0.027272
dtype: float64
2024-10-20 14:19:18,040 - my_logger - INFO - Date
2020-11-01    0.105471
dtype: float64
2024-10-20 14:19:18,051 - my_logger - INFO - Date
2020-12-01    0.040275
dtype: float64
2024-10-20 14:19:18,976 - my_logger - INFO - Date
2021-01-01   -0.015032
dtype: float64
2024-10-20 14:19:18,985 - my_logger - INFO - Date
2021-02-01   -0.009817
dtype: float64
2024-10-20 14:19:18,994 - my_logger - INFO - Date
2021-03-01    0.023264
dtype: float64
2024-10-20 14:19:19,958 - my_logger - INFO - Date
2021-04-01    0.038921
dtype: float64
2024-10-20 14:19:19,966 - my_logger - INFO - Date
2021-05-01    0.007586
dtype: float64
2024-10-20 14:19:19,977 - my_logger - INFO - Date
2021-06-01    0.002515
dtype: float64
2024-10-20 14:19:20,906 - my_logger - INFO - Date
2021-07-01    0.016958
dtype: float64
2024-10-20 14:19:20,915 - my_logger - INFO - Date
2021-08-01    0.018551
dtype: float64
2024-10-20 14:19:20,925 - my_logger - INFO - Date
2021-09-01   -0.036503
dtype: float64
2024-10-20 14:19:21,890 - my_logger - INFO - Date
2021-10-01    0.060333
dtype: float64
2024-10-20 14:19:21,900 - my_logger - INFO - Date
2021-11-01   -0.025399
dtype: float64
2024-10-20 14:19:21,909 - my_logger - INFO - Date
2021-12-01    0.037193
dtype: float64
2024-10-20 14:19:22,884 - my_logger - INFO - Date
2022-01-01   -0.030675
dtype: float64
2024-10-20 14:19:22,893 - my_logger - INFO - Date
2022-02-01   -0.019657
dtype: float64
2024-10-20 14:19:22,903 - my_logger - INFO - Date
2022-03-01    0.032591
dtype: float64
2024-10-20 14:19:23,931 - my_logger - INFO - Date
2022-04-01   -0.048007
dtype: float64
2024-10-20 14:19:23,941 - my_logger - INFO - Date
2022-05-01   -0.017257
dtype: float64
2024-10-20 14:19:23,950 - my_logger - INFO - Date
2022-06-01   -0.056915
dtype: float64
2024-10-20 14:19:24,931 - my_logger - INFO - Date
2022-07-01    0.060768
dtype: float64
2024-10-20 14:19:24,941 - my_logger - INFO - Date
2022-08-01   -0.033908
dtype: float64
2024-10-20 14:19:24,950 - my_logger - INFO - Date
2022-09-01   -0.077781
dtype: float64
2024-10-20 14:19:26,085 - my_logger - INFO - Date
2022-10-01    0.013588
dtype: float64
2024-10-20 14:19:26,099 - my_logger - INFO - Date
2022-11-01    0.068658
dtype: float64
2024-10-20 14:19:26,109 - my_logger - INFO - Date
2022-12-01   -0.063706
dtype: float64
2024-10-20 14:19:27,192 - my_logger - INFO - Date
2023-01-01    0.069296
dtype: float64
2024-10-20 14:19:27,203 - my_logger - INFO - Date
2023-02-01   -0.039305
dtype: float64
2024-10-20 14:19:27,213 - my_logger - INFO - Date
2023-03-01    0.01407
dtype: float64
2024-10-20 14:19:28,254 - my_logger - INFO - Date
2023-04-01    0.003777
dtype: float64
2024-10-20 14:19:28,264 - my_logger - INFO - Date
2023-05-01   -0.032579
dtype: float64
2024-10-20 14:19:28,274 - my_logger - INFO - Date
2023-06-01    0.038269
dtype: float64
2024-10-20 14:19:29,347 - my_logger - INFO - Date
2023-07-01    0.031486
dtype: float64
2024-10-20 14:19:29,357 - my_logger - INFO - Date
2023-08-01   -0.025405
dtype: float64
2024-10-20 14:19:29,367 - my_logger - INFO - Date
2023-09-01   -0.028818
dtype: float64
2024-10-20 14:19:30,504 - my_logger - INFO - Date
2023-10-01   -0.030834
dtype: float64
2024-10-20 14:19:30,513 - my_logger - INFO - Date
2023-11-01    0.096491
dtype: float64
2024-10-20 14:19:30,527 - my_logger - INFO - Date
2023-12-01    0.046759
dtype: float64
2024-10-20 14:21:00,908 - my_logger - INFO - Date
2020-01-01    0.007133
dtype: float64
2024-10-20 14:21:00,917 - my_logger - INFO - Date
2020-02-01   -0.064256
dtype: float64
2024-10-20 14:21:00,929 - my_logger - INFO - Date
2020-03-01   -0.075752
dtype: float64
2024-10-20 14:21:01,830 - my_logger - INFO - Date
2020-04-01    0.072298
dtype: float64
2024-10-20 14:21:01,839 - my_logger - INFO - Date
2020-05-01    0.039327
dtype: float64
2024-10-20 14:21:01,852 - my_logger - INFO - Date
2020-06-01    0.020539
dtype: float64
2024-10-20 14:21:02,860 - my_logger - INFO - Date
2020-07-01    0.07249
dtype: float64
2024-10-20 14:21:02,871 - my_logger - INFO - Date
2020-08-01    0.049204
dtype: float64
2024-10-20 14:21:02,880 - my_logger - INFO - Date
2020-09-01   -0.036237
dtype: float64
2024-10-20 14:21:03,837 - my_logger - INFO - Date
2020-10-01   -0.02865
dtype: float64
2024-10-20 14:21:03,847 - my_logger - INFO - Date
2020-11-01    0.142564
dtype: float64
2024-10-20 14:21:03,856 - my_logger - INFO - Date
2020-12-01    0.045544
dtype: float64
2024-10-20 14:21:04,807 - my_logger - INFO - Date
2021-01-01   -0.014091
dtype: float64
2024-10-20 14:21:04,820 - my_logger - INFO - Date
2021-02-01   -0.007534
dtype: float64
2024-10-20 14:21:04,831 - my_logger - INFO - Date
2021-03-01    0.01876
dtype: float64
2024-10-20 14:21:05,791 - my_logger - INFO - Date
2021-04-01    0.038749
dtype: float64
2024-10-20 14:21:05,800 - my_logger - INFO - Date
2021-05-01    0.001569
dtype: float64
2024-10-20 14:21:05,811 - my_logger - INFO - Date
2021-06-01    0.010002
dtype: float64
2024-10-20 14:21:06,735 - my_logger - INFO - Date
2021-07-01    0.010486
dtype: float64
2024-10-20 14:21:06,745 - my_logger - INFO - Date
2021-08-01    0.018937
dtype: float64
2024-10-20 14:21:06,753 - my_logger - INFO - Date
2021-09-01   -0.030862
dtype: float64
2024-10-20 14:21:07,745 - my_logger - INFO - Date
2021-10-01    0.068951
dtype: float64
2024-10-20 14:21:07,755 - my_logger - INFO - Date
2021-11-01   -0.014719
dtype: float64
2024-10-20 14:21:07,768 - my_logger - INFO - Date
2021-12-01    0.03261
dtype: float64
2024-10-20 14:21:08,767 - my_logger - INFO - Date
2022-01-01   -0.036964
dtype: float64
2024-10-20 14:21:08,778 - my_logger - INFO - Date
2022-02-01   -0.022444
dtype: float64
2024-10-20 14:21:08,787 - my_logger - INFO - Date
2022-03-01    0.031837
dtype: float64
2024-10-20 14:21:09,779 - my_logger - INFO - Date
2022-04-01   -0.038786
dtype: float64
2024-10-20 14:21:09,789 - my_logger - INFO - Date
2022-05-01   -0.020023
dtype: float64
2024-10-20 14:21:09,798 - my_logger - INFO - Date
2022-06-01   -0.05176
dtype: float64
2024-10-20 14:21:10,797 - my_logger - INFO - Date
2022-07-01    0.071824
dtype: float64
2024-10-20 14:21:10,806 - my_logger - INFO - Date
2022-08-01   -0.043701
dtype: float64
2024-10-20 14:21:10,815 - my_logger - INFO - Date
2022-09-01   -0.089373
dtype: float64
2024-10-20 14:21:11,828 - my_logger - INFO - Date
2022-10-01    0.016906
dtype: float64
2024-10-20 14:21:11,838 - my_logger - INFO - Date
2022-11-01    0.070788
dtype: float64
2024-10-20 14:21:11,849 - my_logger - INFO - Date
2022-12-01   -0.062755
dtype: float64
2024-10-20 14:21:12,832 - my_logger - INFO - Date
2023-01-01    0.075616
dtype: float64
2024-10-20 14:21:12,843 - my_logger - INFO - Date
2023-02-01   -0.041009
dtype: float64
2024-10-20 14:21:12,853 - my_logger - INFO - Date
2023-03-01    0.011822
dtype: float64
2024-10-20 14:21:13,930 - my_logger - INFO - Date
2023-04-01    0.004725
dtype: float64
2024-10-20 14:21:13,943 - my_logger - INFO - Date
2023-05-01   -0.026727
dtype: float64
2024-10-20 14:21:13,953 - my_logger - INFO - Date
2023-06-01    0.031333
dtype: float64
2024-10-20 14:21:14,961 - my_logger - INFO - Date
2023-07-01    0.030856
dtype: float64
2024-10-20 14:21:14,971 - my_logger - INFO - Date
2023-08-01   -0.023899
dtype: float64
2024-10-20 14:21:14,982 - my_logger - INFO - Date
2023-09-01   -0.02655
dtype: float64
2024-10-20 14:21:16,076 - my_logger - INFO - Date
2023-10-01   -0.029745
dtype: float64
2024-10-20 14:21:16,087 - my_logger - INFO - Date
2023-11-01    0.099516
dtype: float64
2024-10-20 14:21:16,098 - my_logger - INFO - Date
2023-12-01    0.046269
dtype: float64
2024-10-20 14:21:17,098 - my_logger - INFO - Date
2024-01-01   -0.014112
dtype: float64
2024-10-20 14:21:17,110 - my_logger - INFO - Date
2024-02-01    0.013388
dtype: float64
2024-10-20 14:21:17,119 - my_logger - INFO - Series([], dtype: float64)
2024-10-20 19:16:35,691 - asyncio - ERROR - Task exception was never retrieved
future: <Task finished name='Task-19397' coro=<WebSocketProtocol13.write_message.<locals>.wrapper() done, defined at C:\Users\Miguel\AppData\Local\Programs\Python\Python310\lib\site-packages\tornado\websocket.py:1086> exception=WebSocketClosedError()>
Traceback (most recent call last):
  File "C:\Users\Miguel\AppData\Local\Programs\Python\Python310\lib\site-packages\tornado\websocket.py", line 1088, in wrapper
    await fut
tornado.iostream.StreamClosedError: Stream is closed

During handling of the above exception, another exception occurred:

Traceback (most recent call last):
  File "C:\Users\Miguel\AppData\Local\Programs\Python\Python310\lib\site-packages\tornado\websocket.py", line 1090, in wrapper
    raise WebSocketClosedError()
tornado.websocket.WebSocketClosedError
2024-11-17 18:28:38,915 - my_logger - INFO - Date
2020-01-01    0.013327
dtype: float64
2024-11-17 18:28:38,931 - my_logger - INFO - Date
2020-02-01   -0.069674
dtype: float64
2024-11-17 18:28:38,943 - my_logger - INFO - Date
2020-03-01   -0.075331
dtype: float64
2024-11-17 18:28:38,955 - my_logger - INFO - Date
2020-04-01    0.091046
dtype: float64
2024-11-17 18:28:38,966 - my_logger - INFO - Date
2020-05-01    0.042231
dtype: float64
2024-11-17 18:28:38,976 - my_logger - INFO - Date
2020-06-01    0.0306
dtype: float64
2024-11-17 18:28:40,012 - my_logger - INFO - Date
2020-07-01    0.07249
dtype: float64
2024-11-17 18:28:40,020 - my_logger - INFO - Date
2020-08-01    0.049204
dtype: float64
2024-11-17 18:28:40,031 - my_logger - INFO - Date
2020-09-01   -0.036237
dtype: float64
2024-11-17 18:28:40,045 - my_logger - INFO - Date
2020-10-01    0.014572
dtype: float64
2024-11-17 18:28:40,055 - my_logger - INFO - Date
2020-11-01    0.097201
dtype: float64
2024-11-17 18:28:40,066 - my_logger - INFO - Date
2020-12-01    0.053929
dtype: float64
2024-11-17 18:28:41,007 - my_logger - INFO - Date
2021-01-01   -0.015542
dtype: float64
2024-11-17 18:28:41,015 - my_logger - INFO - Date
2021-02-01   -0.013215
dtype: float64
2024-11-17 18:28:41,025 - my_logger - INFO - Date
2021-03-01    0.024075
dtype: float64
2024-11-17 18:28:41,035 - my_logger - INFO - Date
2021-04-01    0.03391
dtype: float64
2024-11-17 18:28:41,045 - my_logger - INFO - Date
2021-05-01    0.011789
dtype: float64
2024-11-17 18:28:41,055 - my_logger - INFO - Date
2021-06-01    0.024213
dtype: float64
2024-11-17 18:28:41,992 - my_logger - INFO - Date
2021-07-01    0.020202
dtype: float64
2024-11-17 18:28:42,001 - my_logger - INFO - Date
2021-08-01    0.020128
dtype: float64
2024-11-17 18:28:42,012 - my_logger - INFO - Date
2021-09-01   -0.047199
dtype: float64
2024-11-17 18:28:42,022 - my_logger - INFO - Date
2021-10-01    0.058357
dtype: float64
2024-11-17 18:28:42,033 - my_logger - INFO - Date
2021-11-01   -0.014023
dtype: float64
2024-11-17 18:28:42,044 - my_logger - INFO - Date
2021-12-01    0.043042
dtype: float64
2024-11-17 18:28:43,018 - my_logger - INFO - Date
2022-01-01   -0.000831
dtype: float64
2024-11-17 18:28:43,028 - my_logger - INFO - Date
2022-02-01   -0.005451
dtype: float64
2024-11-17 18:28:43,040 - my_logger - INFO - Date
2022-03-01    0.041598
dtype: float64
2024-11-17 18:28:43,049 - my_logger - INFO - Date
2022-04-01   -0.063125
dtype: float64
2024-11-17 18:28:43,061 - my_logger - INFO - Date
2022-05-01    0.0271
dtype: float64
2024-11-17 18:28:43,070 - my_logger - INFO - Date
2022-06-01   -0.101642
dtype: float64
2024-11-17 18:28:44,036 - my_logger - INFO - Date
2022-07-01    0.074332
dtype: float64
2024-11-17 18:28:44,045 - my_logger - INFO - Date
2022-08-01   -0.041611
dtype: float64
2024-11-17 18:28:44,056 - my_logger - INFO - Date
2022-09-01   -0.09159
dtype: float64
2024-11-17 18:28:44,066 - my_logger - INFO - Date
2022-10-01    0.052091
dtype: float64
2024-11-17 18:28:44,075 - my_logger - INFO - Date
2022-11-01    0.063009
dtype: float64
2024-11-17 18:28:44,085 - my_logger - INFO - Date
2022-12-01   -0.039993
dtype: float64
2024-11-17 18:28:45,129 - my_logger - INFO - Date
2023-01-01    0.067563
dtype: float64
2024-11-17 18:28:45,140 - my_logger - INFO - Date
2023-02-01   -0.038938
dtype: float64
2024-11-17 18:28:45,149 - my_logger - INFO - Date
2023-03-01    0.014485
dtype: float64
2024-11-17 18:28:45,159 - my_logger - INFO - Date
2023-04-01    0.000995
dtype: float64
2024-11-17 18:28:45,169 - my_logger - INFO - Date
2023-05-01   -0.034973
dtype: float64
2024-11-17 18:28:45,179 - my_logger - INFO - Date
2023-06-01    0.039905
dtype: float64
2024-11-17 18:28:46,206 - my_logger - INFO - Date
2023-07-01    0.030762
dtype: float64
2024-11-17 18:28:46,216 - my_logger - INFO - Date
2023-08-01   -0.025269
dtype: float64
2024-11-17 18:28:46,226 - my_logger - INFO - Date
2023-09-01   -0.032388
dtype: float64
2024-11-17 18:28:46,235 - my_logger - INFO - Date
2023-10-01   -0.025336
dtype: float64
2024-11-17 18:28:46,246 - my_logger - INFO - Date
2023-11-01    0.070514
dtype: float64
2024-11-17 18:28:46,256 - my_logger - INFO - Date
2023-12-01    0.04858
dtype: float64
2024-11-17 18:28:47,302 - my_logger - INFO - Date
2024-01-01   -0.012235
dtype: float64
2024-11-17 18:28:47,312 - my_logger - INFO - Date
2024-02-01    0.01166
dtype: float64
2024-11-17 18:28:47,323 - my_logger - INFO - Series([], dtype: float64)
2024-11-17 18:28:47,331 - my_logger - INFO - Series([], dtype: float64)
2024-11-17 18:28:47,340 - my_logger - INFO - Series([], dtype: float64)
2024-11-17 18:28:47,348 - my_logger - INFO - Series([], dtype: float64)
2024-11-17 18:33:36,427 - my_logger - INFO - Date
2020-01-01    0.011289
dtype: float64
2024-11-17 18:33:36,436 - my_logger - INFO - Date
2020-02-01   -0.064512
dtype: float64
2024-11-17 18:33:36,445 - my_logger - INFO - Date
2020-03-01   -0.080963
dtype: float64
2024-11-17 18:33:36,454 - my_logger - INFO - Date
2020-04-01    0.089722
dtype: float64
2024-11-17 18:33:36,465 - my_logger - INFO - Date
2020-05-01    0.041753
dtype: float64
2024-11-17 18:33:36,474 - my_logger - INFO - Date
2020-06-01    0.034196
dtype: float64
2024-11-17 18:33:37,554 - my_logger - INFO - Date
2020-07-01    0.07249
dtype: float64
2024-11-17 18:33:37,563 - my_logger - INFO - Date
2020-08-01    0.049204
dtype: float64
2024-11-17 18:33:37,573 - my_logger - INFO - Date
2020-09-01   -0.036237
dtype: float64
2024-11-17 18:33:37,582 - my_logger - INFO - Date
2020-10-01    0.014572
dtype: float64
2024-11-17 18:33:37,592 - my_logger - INFO - Date
2020-11-01    0.097201
dtype: float64
2024-11-17 18:33:37,602 - my_logger - INFO - Date
2020-12-01    0.053929
dtype: float64
2024-11-17 18:33:38,631 - my_logger - INFO - Date
2021-01-01   -0.01336
dtype: float64
2024-11-17 18:33:38,641 - my_logger - INFO - Date
2021-02-01   -0.010259
dtype: float64
2024-11-17 18:33:38,650 - my_logger - INFO - Date
2021-03-01    0.023426
dtype: float64
2024-11-17 18:33:38,672 - my_logger - INFO - Date
2021-04-01    0.035738
dtype: float64
2024-11-17 18:33:38,694 - my_logger - INFO - Date
2021-05-01    0.008499
dtype: float64
2024-11-17 18:33:38,713 - my_logger - INFO - Date
2021-06-01    0.030134
dtype: float64
2024-11-17 18:33:39,702 - my_logger - INFO - Date
2021-07-01    0.018412
dtype: float64
2024-11-17 18:33:39,712 - my_logger - INFO - Date
2021-08-01    0.018194
dtype: float64
2024-11-17 18:33:39,724 - my_logger - INFO - Date
2021-09-01   -0.041493
dtype: float64
2024-11-17 18:33:39,734 - my_logger - INFO - Date
2021-10-01    0.063047
dtype: float64
2024-11-17 18:33:39,744 - my_logger - INFO - Date
2021-11-01   -0.016135
dtype: float64
2024-11-17 18:33:39,753 - my_logger - INFO - Date
2021-12-01    0.04286
dtype: float64
2024-11-17 18:33:40,817 - my_logger - INFO - Date
2022-01-01   -0.026491
dtype: float64
2024-11-17 18:33:40,828 - my_logger - INFO - Date
2022-02-01   -0.01598
dtype: float64
2024-11-17 18:33:40,838 - my_logger - INFO - Date
2022-03-01    0.03537
dtype: float64
2024-11-17 18:33:40,848 - my_logger - INFO - Date
2022-04-01   -0.070608
dtype: float64
2024-11-17 18:33:40,858 - my_logger - INFO - Date
2022-05-01    0.015679
dtype: float64
2024-11-17 18:33:40,868 - my_logger - INFO - Date
2022-06-01   -0.090918
dtype: float64
2024-11-17 18:33:41,863 - my_logger - INFO - Date
2022-07-01    0.065071
dtype: float64
2024-11-17 18:33:41,873 - my_logger - INFO - Date
2022-08-01   -0.041019
dtype: float64
2024-11-17 18:33:41,882 - my_logger - INFO - Date
2022-09-01   -0.081746
dtype: float64
2024-11-17 18:33:41,893 - my_logger - INFO - Date
2022-10-01    0.052578
dtype: float64
2024-11-17 18:33:41,902 - my_logger - INFO - Date
2022-11-01    0.062228
dtype: float64
2024-11-17 18:33:41,912 - my_logger - INFO - Date
2022-12-01   -0.032149
dtype: float64
2024-11-17 18:33:43,027 - my_logger - INFO - Date
2023-01-01    0.065988
dtype: float64
2024-11-17 18:33:43,040 - my_logger - INFO - Date
2023-02-01   -0.037414
dtype: float64
2024-11-17 18:33:43,052 - my_logger - INFO - Date
2023-03-01    0.012749
dtype: float64
2024-11-17 18:33:43,065 - my_logger - INFO - Date
2023-04-01    0.000742
dtype: float64
2024-11-17 18:33:43,075 - my_logger - INFO - Date
2023-05-01   -0.037155
dtype: float64
2024-11-17 18:33:43,084 - my_logger - INFO - Date
2023-06-01    0.04247
dtype: float64
2024-11-17 18:33:44,164 - my_logger - INFO - Date
2023-07-01    0.031768
dtype: float64
2024-11-17 18:33:44,174 - my_logger - INFO - Date
2023-08-01   -0.027051
dtype: float64
2024-11-17 18:33:44,184 - my_logger - INFO - Date
2023-09-01   -0.029426
dtype: float64
2024-11-17 18:33:44,200 - my_logger - INFO - Date
2023-10-01   -0.026212
dtype: float64
2024-11-17 18:33:44,212 - my_logger - INFO - Date
2023-11-01    0.070099
dtype: float64
2024-11-17 18:33:44,221 - my_logger - INFO - Date
2023-12-01    0.04924
dtype: float64
2024-11-17 18:33:45,313 - my_logger - INFO - Date
2024-01-01   -0.012905
dtype: float64
2024-11-17 18:33:45,325 - my_logger - INFO - Date
2024-02-01    0.014048
dtype: float64
2024-11-17 18:33:45,338 - my_logger - INFO - Series([], dtype: float64)
2024-11-17 18:33:45,347 - my_logger - INFO - Series([], dtype: float64)
2024-11-17 18:33:45,356 - my_logger - INFO - Series([], dtype: float64)
2024-11-17 18:33:45,365 - my_logger - INFO - Series([], dtype: float64)
2024-11-17 19:14:36,951 - my_logger - INFO - Series([], dtype: float64)
2024-11-17 19:14:36,960 - my_logger - INFO - Date
2022-02-01   -0.00264
dtype: float64
2024-11-17 19:14:36,970 - my_logger - INFO - Date
2022-03-01    0.041121
dtype: float64
2024-11-17 19:14:36,981 - my_logger - INFO - Date
2022-04-01   -0.060592
dtype: float64
2024-11-17 19:14:36,990 - my_logger - INFO - Date
2022-05-01    0.040011
dtype: float64
2024-11-17 19:14:37,001 - my_logger - INFO - Date
2022-06-01   -0.108088
dtype: float64
2024-11-17 19:14:37,957 - my_logger - INFO - Date
2022-07-01    0.065405
dtype: float64
2024-11-17 19:14:37,969 - my_logger - INFO - Date
2022-08-01   -0.041169
dtype: float64
2024-11-17 19:14:37,981 - my_logger - INFO - Date
2022-09-01   -0.088481
dtype: float64
2024-11-17 19:14:37,996 - my_logger - INFO - Date
2022-10-01    0.0544
dtype: float64
2024-11-17 19:14:38,009 - my_logger - INFO - Date
2022-11-01    0.06779
dtype: float64
2024-11-17 19:14:38,025 - my_logger - INFO - Date
2022-12-01   -0.037459
dtype: float64
2024-11-17 19:14:39,016 - my_logger - INFO - Date
2023-01-01    0.072383
dtype: float64
2024-11-17 19:14:39,026 - my_logger - INFO - Date
2023-02-01   -0.038308
dtype: float64
2024-11-17 19:14:39,037 - my_logger - INFO - Date
2023-03-01    0.01303
dtype: float64
2024-11-17 19:14:39,049 - my_logger - INFO - Date
2023-04-01    0.000656
dtype: float64
2024-11-17 19:14:39,058 - my_logger - INFO - Date
2023-05-01   -0.040203
dtype: float64
2024-11-17 19:14:39,069 - my_logger - INFO - Date
2023-06-01    0.047243
dtype: float64
2024-11-17 19:14:40,091 - my_logger - INFO - Date
2023-07-01    0.030921
dtype: float64
2024-11-17 19:14:40,101 - my_logger - INFO - Date
2023-08-01   -0.025431
dtype: float64
2024-11-17 19:14:40,111 - my_logger - INFO - Date
2023-09-01   -0.029033
dtype: float64
2024-11-17 19:14:40,121 - my_logger - INFO - Date
2023-10-01   -0.024575
dtype: float64
2024-11-17 19:14:40,132 - my_logger - INFO - Date
2023-11-01    0.068352
dtype: float64
2024-11-17 19:14:40,142 - my_logger - INFO - Date
2023-12-01    0.050824
dtype: float64
2024-11-17 19:14:41,139 - my_logger - INFO - Date
2024-01-01   -0.011133
dtype: float64
2024-11-17 19:14:41,185 - my_logger - INFO - Date
2024-02-01    0.00873
dtype: float64
2024-11-17 19:14:41,201 - my_logger - INFO - Series([], dtype: float64)
2024-11-17 19:14:41,209 - my_logger - INFO - Series([], dtype: float64)
2024-11-17 19:14:41,219 - my_logger - INFO - Series([], dtype: float64)
2024-11-17 19:14:41,228 - my_logger - INFO - Series([], dtype: float64)
2024-11-17 19:14:42,155 - my_logger - INFO - Series([], dtype: float64)
2024-11-17 19:14:42,166 - my_logger - INFO - Series([], dtype: float64)
2024-11-17 19:14:42,175 - my_logger - INFO - Series([], dtype: float64)
2024-11-17 19:14:42,184 - my_logger - INFO - Series([], dtype: float64)
2024-11-17 19:14:42,192 - my_logger - INFO - Series([], dtype: float64)
2024-11-17 19:14:42,201 - my_logger - INFO - Series([], dtype: float64)
2024-11-17 19:15:45,583 - my_logger - INFO - Series([], dtype: float64)
2024-11-17 19:15:45,591 - my_logger - INFO - Date
2022-02-01   -0.018629
dtype: float64
2024-11-17 19:15:45,601 - my_logger - INFO - Date
2022-03-01    0.035003
dtype: float64
2024-11-17 19:15:45,611 - my_logger - INFO - Date
2022-04-01   -0.080458
dtype: float64
2024-11-17 19:15:45,621 - my_logger - INFO - Date
2022-05-01    0.009568
dtype: float64
2024-11-17 19:15:45,632 - my_logger - INFO - Date
2022-06-01   -0.101326
dtype: float64
2024-11-17 19:15:46,566 - my_logger - INFO - Date
2022-07-01    0.065433
dtype: float64
2024-11-17 19:15:46,576 - my_logger - INFO - Date
2022-08-01   -0.037643
dtype: float64
2024-11-17 19:15:46,587 - my_logger - INFO - Date
2022-09-01   -0.088271
dtype: float64
2024-11-17 19:15:46,596 - my_logger - INFO - Date
2022-10-01    0.049324
dtype: float64
2024-11-17 19:15:46,606 - my_logger - INFO - Date
2022-11-01    0.067485
dtype: float64
2024-11-17 19:15:46,615 - my_logger - INFO - Date
2022-12-01   -0.036236
dtype: float64
2024-11-17 19:15:47,679 - my_logger - INFO - Date
2023-01-01    0.069631
dtype: float64
2024-11-17 19:15:47,691 - my_logger - INFO - Date
2023-02-01   -0.040451
dtype: float64
2024-11-17 19:15:47,702 - my_logger - INFO - Date
2023-03-01    0.01514
dtype: float64
2024-11-17 19:15:47,713 - my_logger - INFO - Date
2023-04-01   -0.000115
dtype: float64
2024-11-17 19:15:47,724 - my_logger - INFO - Date
2023-05-01   -0.034114
dtype: float64
2024-11-17 19:15:47,735 - my_logger - INFO - Date
2023-06-01    0.04264
dtype: float64
2024-11-17 19:15:48,762 - my_logger - INFO - Date
2023-07-01    0.033196
dtype: float64
2024-11-17 19:15:48,772 - my_logger - INFO - Date
2023-08-01   -0.028425
dtype: float64
2024-11-17 19:15:48,782 - my_logger - INFO - Date
2023-09-01   -0.02949
dtype: float64
2024-11-17 19:15:48,791 - my_logger - INFO - Date
2023-10-01   -0.025478
dtype: float64
2024-11-17 19:15:48,801 - my_logger - INFO - Date
2023-11-01    0.067938
dtype: float64
2024-11-17 19:15:48,812 - my_logger - INFO - Date
2023-12-01    0.048743
dtype: float64
2024-11-17 19:15:49,789 - my_logger - INFO - Date
2024-01-01   -0.010288
dtype: float64
2024-11-17 19:15:49,799 - my_logger - INFO - Date
2024-02-01    0.010955
dtype: float64
2024-11-17 19:15:49,809 - my_logger - INFO - Series([], dtype: float64)
2024-11-17 19:15:49,818 - my_logger - INFO - Series([], dtype: float64)
2024-11-17 19:15:49,826 - my_logger - INFO - Series([], dtype: float64)
2024-11-17 19:15:49,835 - my_logger - INFO - Series([], dtype: float64)
2024-11-17 19:15:50,792 - my_logger - INFO - Series([], dtype: float64)
2024-11-17 19:15:50,802 - my_logger - INFO - Series([], dtype: float64)
2024-11-17 19:15:50,810 - my_logger - INFO - Series([], dtype: float64)
2024-11-17 19:15:50,819 - my_logger - INFO - Series([], dtype: float64)
2024-11-17 19:15:50,827 - my_logger - INFO - Series([], dtype: float64)
2024-11-17 19:15:50,838 - my_logger - INFO - Series([], dtype: float64)
2024-11-17 19:16:48,318 - my_logger - INFO - Series([], dtype: float64)
2024-11-17 19:16:48,328 - my_logger - INFO - Date
2022-02-01   -0.011604
dtype: float64
2024-11-17 19:16:48,337 - my_logger - INFO - Date
2022-03-01    0.032648
dtype: float64
2024-11-17 19:16:48,347 - my_logger - INFO - Date
2022-04-01   -0.072542
dtype: float64
2024-11-17 19:16:48,358 - my_logger - INFO - Date
2022-05-01    0.019589
dtype: float64
2024-11-17 19:16:48,367 - my_logger - INFO - Date
2022-06-01   -0.105743
dtype: float64
2024-11-17 19:16:49,367 - my_logger - INFO - Date
2022-07-01    0.059588
dtype: float64
2024-11-17 19:16:49,379 - my_logger - INFO - Date
2022-08-01   -0.040199
dtype: float64
2024-11-17 19:16:49,389 - my_logger - INFO - Date
2022-09-01   -0.080413
dtype: float64
2024-11-17 19:16:49,398 - my_logger - INFO - Date
2022-10-01    0.050493
dtype: float64
2024-11-17 19:16:49,408 - my_logger - INFO - Date
2022-11-01    0.062719
dtype: float64
2024-11-17 19:16:49,417 - my_logger - INFO - Date
2022-12-01   -0.033125
dtype: float64
2024-11-17 19:16:50,432 - my_logger - INFO - Date
2023-01-01    0.07073
dtype: float64
2024-11-17 19:16:50,444 - my_logger - INFO - Date
2023-02-01   -0.038737
dtype: float64
2024-11-17 19:16:50,455 - my_logger - INFO - Date
2023-03-01    0.011841
dtype: float64
2024-11-17 19:16:50,464 - my_logger - INFO - Date
2023-04-01    0.001271
dtype: float64
2024-11-17 19:16:50,475 - my_logger - INFO - Date
2023-05-01   -0.038356
dtype: float64
2024-11-17 19:16:50,485 - my_logger - INFO - Date
2023-06-01    0.044754
dtype: float64
2024-11-17 19:16:51,523 - my_logger - INFO - Date
2023-07-01    0.033471
dtype: float64
2024-11-17 19:16:51,533 - my_logger - INFO - Date
2023-08-01   -0.02836
dtype: float64
2024-11-17 19:16:51,543 - my_logger - INFO - Date
2023-09-01   -0.028703
dtype: float64
2024-11-17 19:16:51,553 - my_logger - INFO - Date
2023-10-01   -0.025262
dtype: float64
2024-11-17 19:16:51,563 - my_logger - INFO - Date
2023-11-01    0.06872
dtype: float64
2024-11-17 19:16:51,574 - my_logger - INFO - Date
2023-12-01    0.050127
dtype: float64
2024-11-17 19:16:52,549 - my_logger - INFO - Date
2024-01-01   -0.012024
dtype: float64
2024-11-17 19:16:52,559 - my_logger - INFO - Date
2024-02-01    0.009295
dtype: float64
2024-11-17 19:16:52,569 - my_logger - INFO - Series([], dtype: float64)
2024-11-17 19:16:52,578 - my_logger - INFO - Series([], dtype: float64)
2024-11-17 19:16:52,587 - my_logger - INFO - Series([], dtype: float64)
2024-11-17 19:16:52,596 - my_logger - INFO - Series([], dtype: float64)
2024-11-17 19:16:53,576 - my_logger - INFO - Series([], dtype: float64)
2024-11-17 19:16:53,586 - my_logger - INFO - Series([], dtype: float64)
2024-11-17 19:16:53,595 - my_logger - INFO - Series([], dtype: float64)
2024-11-17 19:16:53,605 - my_logger - INFO - Series([], dtype: float64)
2024-11-17 19:16:53,614 - my_logger - INFO - Series([], dtype: float64)
2024-11-17 19:16:53,623 - my_logger - INFO - Series([], dtype: float64)
2024-11-17 19:17:13,300 - my_logger - INFO - Series([], dtype: float64)
2024-11-17 19:17:13,309 - my_logger - INFO - Date
2022-02-01   -0.013655
dtype: float64
2024-11-17 19:17:13,322 - my_logger - INFO - Date
2022-03-01    0.03562
dtype: float64
2024-11-17 19:17:13,332 - my_logger - INFO - Date
2022-04-01   -0.074359
dtype: float64
2024-11-17 19:17:13,343 - my_logger - INFO - Date
2022-05-01    0.017844
dtype: float64
2024-11-17 19:17:13,353 - my_logger - INFO - Date
2022-06-01   -0.100451
dtype: float64
2024-11-17 19:17:14,309 - my_logger - INFO - Date
2022-07-01    0.066187
dtype: float64
2024-11-17 19:17:14,317 - my_logger - INFO - Date
2022-08-01   -0.039488
dtype: float64
2024-11-17 19:17:14,327 - my_logger - INFO - Date
2022-09-01   -0.082376
dtype: float64
2024-11-17 19:17:14,337 - my_logger - INFO - Date
2022-10-01    0.057943
dtype: float64
2024-11-17 19:17:14,346 - my_logger - INFO - Date
2022-11-01    0.059878
dtype: float64
2024-11-17 19:17:14,358 - my_logger - INFO - Date
2022-12-01   -0.034336
dtype: float64
2024-11-17 19:17:15,331 - my_logger - INFO - Date
2023-01-01    0.07522
dtype: float64
2024-11-17 19:17:15,340 - my_logger - INFO - Date
2023-02-01   -0.039725
dtype: float64
2024-11-17 19:17:15,350 - my_logger - INFO - Date
2023-03-01    0.015773
dtype: float64
2024-11-17 19:17:15,362 - my_logger - INFO - Date
2023-04-01    0.000665
dtype: float64
2024-11-17 19:17:15,374 - my_logger - INFO - Date
2023-05-01   -0.03833
dtype: float64
2024-11-17 19:17:15,384 - my_logger - INFO - Date
2023-06-01    0.047836
dtype: float64
2024-11-17 19:17:16,428 - my_logger - INFO - Date
2023-07-01    0.032191
dtype: float64
2024-11-17 19:17:16,437 - my_logger - INFO - Date
2023-08-01   -0.026505
dtype: float64
2024-11-17 19:17:16,448 - my_logger - INFO - Date
2023-09-01   -0.027492
dtype: float64
2024-11-17 19:17:16,459 - my_logger - INFO - Date
2023-10-01   -0.024387
dtype: float64
2024-11-17 19:17:16,468 - my_logger - INFO - Date
2023-11-01    0.066685
dtype: float64
2024-11-17 19:17:16,478 - my_logger - INFO - Date
2023-12-01    0.04728
dtype: float64
2024-11-17 19:17:17,504 - my_logger - INFO - Date
2024-01-01   -0.01429
dtype: float64
2024-11-17 19:17:17,515 - my_logger - INFO - Date
2024-02-01    0.010414
dtype: float64
2024-11-17 19:17:17,526 - my_logger - INFO - Series([], dtype: float64)
2024-11-17 19:17:17,535 - my_logger - INFO - Series([], dtype: float64)
2024-11-17 19:17:17,544 - my_logger - INFO - Series([], dtype: float64)
2024-11-17 19:17:17,553 - my_logger - INFO - Series([], dtype: float64)
2024-11-17 19:17:18,559 - my_logger - INFO - Series([], dtype: float64)
2024-11-17 19:17:18,572 - my_logger - INFO - Series([], dtype: float64)
2024-11-17 19:17:18,582 - my_logger - INFO - Series([], dtype: float64)
2024-11-17 19:17:18,592 - my_logger - INFO - Series([], dtype: float64)
2024-11-17 19:17:18,607 - my_logger - INFO - Series([], dtype: float64)
2024-11-17 19:17:18,617 - my_logger - INFO - Series([], dtype: float64)
2024-11-17 19:28:34,638 - my_logger - INFO - Series([], dtype: float64)
2024-11-17 19:28:34,648 - my_logger - INFO - Date
2022-02-01   -0.018493
dtype: float64
2024-11-17 19:28:34,656 - my_logger - INFO - Date
2022-03-01    0.033421
dtype: float64
2024-11-17 19:28:34,667 - my_logger - INFO - Date
2022-04-01   -0.077579
dtype: float64
2024-11-17 19:28:34,676 - my_logger - INFO - Date
2022-05-01    0.009462
dtype: float64
2024-11-17 19:28:34,686 - my_logger - INFO - Date
2022-06-01   -0.096052
dtype: float64
2024-11-17 19:28:35,637 - my_logger - INFO - Date
2022-07-01    0.064589
dtype: float64
2024-11-17 19:28:35,652 - my_logger - INFO - Date
2022-08-01   -0.035906
dtype: float64
2024-11-17 19:28:35,664 - my_logger - INFO - Date
2022-09-01   -0.083737
dtype: float64
2024-11-17 19:28:35,674 - my_logger - INFO - Date
2022-10-01    0.052512
dtype: float64
2024-11-17 19:28:35,688 - my_logger - INFO - Date
2022-11-01    0.061076
dtype: float64
2024-11-17 19:28:35,702 - my_logger - INFO - Date
2022-12-01   -0.034161
dtype: float64
2024-11-17 19:28:36,741 - my_logger - INFO - Date
2023-01-01    0.073212
dtype: float64
2024-11-17 19:28:36,751 - my_logger - INFO - Date
2023-02-01   -0.040557
dtype: float64
2024-11-17 19:28:36,764 - my_logger - INFO - Date
2023-03-01    0.01162
dtype: float64
2024-11-17 19:28:36,774 - my_logger - INFO - Date
2023-04-01    0.000231
dtype: float64
2024-11-17 19:28:36,786 - my_logger - INFO - Date
2023-05-01   -0.042308
dtype: float64
2024-11-17 19:28:36,796 - my_logger - INFO - Date
2023-06-01    0.047806
dtype: float64
2024-11-17 19:28:37,809 - my_logger - INFO - Date
2023-07-01    0.029951
dtype: float64
2024-11-17 19:28:37,820 - my_logger - INFO - Date
2023-08-01   -0.024286
dtype: float64
2024-11-17 19:28:37,832 - my_logger - INFO - Date
2023-09-01   -0.027585
dtype: float64
2024-11-17 19:28:37,843 - my_logger - INFO - Date
2023-10-01   -0.024224
dtype: float64
2024-11-17 19:28:37,856 - my_logger - INFO - Date
2023-11-01    0.066876
dtype: float64
2024-11-17 19:28:37,868 - my_logger - INFO - Date
2023-12-01    0.04745
dtype: float64
2024-11-17 19:28:38,868 - my_logger - INFO - Date
2024-01-01   -0.013111
dtype: float64
2024-11-17 19:28:38,883 - my_logger - INFO - Date
2024-02-01    0.006935
dtype: float64
2024-11-17 19:28:38,893 - my_logger - INFO - Series([], dtype: float64)
2024-11-17 19:28:38,905 - my_logger - INFO - Series([], dtype: float64)
2024-11-17 19:28:38,918 - my_logger - INFO - Series([], dtype: float64)
2024-11-17 19:28:38,928 - my_logger - INFO - Series([], dtype: float64)
2024-11-17 19:28:39,901 - my_logger - INFO - Series([], dtype: float64)
2024-11-17 19:28:39,909 - my_logger - INFO - Series([], dtype: float64)
2024-11-17 19:28:39,920 - my_logger - INFO - Series([], dtype: float64)
2024-11-17 19:28:39,928 - my_logger - INFO - Series([], dtype: float64)
2024-11-17 19:28:39,937 - my_logger - INFO - Series([], dtype: float64)
2024-11-17 19:28:39,946 - my_logger - INFO - Series([], dtype: float64)
2024-11-17 19:29:16,360 - my_logger - INFO - Series([], dtype: float64)
2024-11-17 19:29:16,371 - my_logger - INFO - Date
2022-02-01   -0.012432
dtype: float64
2024-11-17 19:29:16,381 - my_logger - INFO - Date
2022-03-01    0.034316
dtype: float64
2024-11-17 19:29:16,392 - my_logger - INFO - Date
2022-04-01   -0.074235
dtype: float64
2024-11-17 19:29:16,403 - my_logger - INFO - Date
2022-05-01    0.026459
dtype: float64
2024-11-17 19:29:16,413 - my_logger - INFO - Date
2022-06-01   -0.104867
dtype: float64
2024-11-17 19:29:17,406 - my_logger - INFO - Date
2022-07-01    0.061867
dtype: float64
2024-11-17 19:29:17,417 - my_logger - INFO - Date
2022-08-01   -0.037137
dtype: float64
2024-11-17 19:29:17,425 - my_logger - INFO - Date
2022-09-01   -0.077244
dtype: float64
2024-11-17 19:29:17,441 - my_logger - INFO - Date
2022-10-01    0.042652
dtype: float64
2024-11-17 19:29:17,452 - my_logger - INFO - Date
2022-11-01    0.059229
dtype: float64
2024-11-17 19:29:17,461 - my_logger - INFO - Date
2022-12-01   -0.030587
dtype: float64
2024-11-17 19:29:18,425 - my_logger - INFO - Date
2023-01-01    0.075521
dtype: float64
2024-11-17 19:29:18,436 - my_logger - INFO - Date
2023-02-01   -0.042189
dtype: float64
2024-11-17 19:29:18,446 - my_logger - INFO - Date
2023-03-01    0.014212
dtype: float64
2024-11-17 19:29:18,457 - my_logger - INFO - Date
2023-04-01    0.001171
dtype: float64
2024-11-17 19:29:18,470 - my_logger - INFO - Date
2023-05-01   -0.039732
dtype: float64
2024-11-17 19:29:18,481 - my_logger - INFO - Date
2023-06-01    0.044857
dtype: float64
2024-11-17 19:29:19,697 - my_logger - INFO - Date
2023-07-01    0.02937
dtype: float64
2024-11-17 19:29:19,708 - my_logger - INFO - Date
2023-08-01   -0.023497
dtype: float64
2024-11-17 19:29:19,719 - my_logger - INFO - Date
2023-09-01   -0.027847
dtype: float64
2024-11-17 19:29:19,728 - my_logger - INFO - Date
2023-10-01   -0.023613
dtype: float64
2024-11-17 19:29:19,738 - my_logger - INFO - Date
2023-11-01    0.064108
dtype: float64
2024-11-17 19:29:19,749 - my_logger - INFO - Date
2023-12-01    0.047787
dtype: float64
2024-11-17 19:29:20,718 - my_logger - INFO - Date
2024-01-01   -0.011333
dtype: float64
2024-11-17 19:29:20,729 - my_logger - INFO - Date
2024-02-01    0.008689
dtype: float64
2024-11-17 19:29:20,739 - my_logger - INFO - Series([], dtype: float64)
2024-11-17 19:29:20,750 - my_logger - INFO - Series([], dtype: float64)
2024-11-17 19:29:20,759 - my_logger - INFO - Series([], dtype: float64)
2024-11-17 19:29:20,767 - my_logger - INFO - Series([], dtype: float64)
2024-11-17 19:29:21,727 - my_logger - INFO - Series([], dtype: float64)
2024-11-17 19:29:21,737 - my_logger - INFO - Series([], dtype: float64)
2024-11-17 19:29:21,745 - my_logger - INFO - Series([], dtype: float64)
2024-11-17 19:29:21,756 - my_logger - INFO - Series([], dtype: float64)
2024-11-17 19:29:21,764 - my_logger - INFO - Series([], dtype: float64)
2024-11-17 19:29:21,773 - my_logger - INFO - Series([], dtype: float64)
2024-11-17 19:31:06,698 - my_logger - INFO - Series([], dtype: float64)
2024-11-17 19:31:06,708 - my_logger - INFO - Date
2022-02-01   -0.009099
dtype: float64
2024-11-17 19:31:06,719 - my_logger - INFO - Date
2022-03-01    0.038414
dtype: float64
2024-11-17 19:31:06,734 - my_logger - INFO - Date
2022-04-01   -0.067737
dtype: float64
2024-11-17 19:31:06,745 - my_logger - INFO - Date
2022-05-01    0.021937
dtype: float64
2024-11-17 19:31:06,754 - my_logger - INFO - Date
2022-06-01   -0.099425
dtype: float64
2024-11-17 19:31:07,825 - my_logger - INFO - Date
2022-07-01    0.067484
dtype: float64
2024-11-17 19:31:07,834 - my_logger - INFO - Date
2022-08-01   -0.03829
dtype: float64
2024-11-17 19:31:07,845 - my_logger - INFO - Date
2022-09-01   -0.088667
dtype: float64
2024-11-17 19:31:07,857 - my_logger - INFO - Date
2022-10-01    0.045925
dtype: float64
2024-11-17 19:31:07,868 - my_logger - INFO - Date
2022-11-01    0.066185
dtype: float64
2024-11-17 19:31:07,879 - my_logger - INFO - Date
2022-12-01   -0.036098
dtype: float64
2024-11-17 19:31:08,876 - my_logger - INFO - Date
2023-01-01    0.064657
dtype: float64
2024-11-17 19:31:08,886 - my_logger - INFO - Date
2023-02-01   -0.036922
dtype: float64
2024-11-17 19:31:08,897 - my_logger - INFO - Date
2023-03-01    0.014738
dtype: float64
2024-11-17 19:31:08,906 - my_logger - INFO - Date
2023-04-01    0.002363
dtype: float64
2024-11-17 19:31:08,916 - my_logger - INFO - Date
2023-05-01   -0.032752
dtype: float64
2024-11-17 19:31:08,927 - my_logger - INFO - Date
2023-06-01    0.038264
dtype: float64
2024-11-17 19:31:10,057 - my_logger - INFO - Date
2023-07-01    0.031772
dtype: float64
2024-11-17 19:31:10,067 - my_logger - INFO - Date
2023-08-01   -0.027689
dtype: float64
2024-11-17 19:31:10,078 - my_logger - INFO - Date
2023-09-01   -0.029973
dtype: float64
2024-11-17 19:31:10,088 - my_logger - INFO - Date
2023-10-01   -0.02667
dtype: float64
2024-11-17 19:31:10,100 - my_logger - INFO - Date
2023-11-01    0.068518
dtype: float64
2024-11-17 19:31:10,111 - my_logger - INFO - Date
2023-12-01    0.048648
dtype: float64
2024-11-17 19:31:11,153 - my_logger - INFO - Date
2024-01-01   -0.013279
dtype: float64
2024-11-17 19:31:11,165 - my_logger - INFO - Date
2024-02-01    0.010275
dtype: float64
2024-11-17 19:31:11,175 - my_logger - INFO - Series([], dtype: float64)
2024-11-17 19:31:11,185 - my_logger - INFO - Series([], dtype: float64)
2024-11-17 19:31:11,194 - my_logger - INFO - Series([], dtype: float64)
2024-11-17 19:31:11,204 - my_logger - INFO - Series([], dtype: float64)
2024-11-17 19:31:12,190 - my_logger - INFO - Series([], dtype: float64)
2024-11-17 19:31:12,202 - my_logger - INFO - Series([], dtype: float64)
2024-11-17 19:31:12,217 - my_logger - INFO - Series([], dtype: float64)
2024-11-17 19:31:12,231 - my_logger - INFO - Series([], dtype: float64)
2024-11-17 19:31:12,243 - my_logger - INFO - Series([], dtype: float64)
2024-11-17 19:31:12,251 - my_logger - INFO - Series([], dtype: float64)
2024-11-17 19:33:09,287 - my_logger - INFO -                CFNAI     NGDP1  CPIAUCSL      CPI1    Growth  ...  ISM Manufacturing PMI SA  US CPI Urban Consumers YoY NSA  Federal Funds Target Rate - Up  Growth_filtered  Inflation_filtered
2004-10-31  0.440324 -0.249076  0.829350 -0.458396  0.095624  ...                 -0.019164                        0.280000                        0.000000         0.146401            0.267670
2004-11-30  0.020029 -0.213042  0.839871 -0.341355 -0.096507  ...                 -0.001776                        0.093750                        0.142857         0.141136            0.308535
2004-12-31  0.810584 -0.171887  0.839871 -0.026042  0.319349  ...                  0.017794                       -0.057143                        0.125000         0.135871            0.349399
2005-01-31  0.180141 -0.006927  0.838702  0.203004  0.086607  ...                 -0.006993                       -0.090909                        0.000000         0.130605            0.390264
2005-02-28  0.380282  0.161254  0.848054  0.118742  0.270768  ...                 -0.022887                        0.000000                        0.111111         0.125340            0.431128
...              ...       ...       ...       ...       ...  ...                       ...                             ...                             ...              ...                 ...
2021-10-31  0.830598  0.490853  1.830397  1.612546  0.660726  ...                  0.000000                        0.148148                        0.000000         0.572091            1.891977
2021-11-30  0.750542  1.247916  1.858043  1.684907  0.999229  ...                  0.003306                        0.096774                        0.000000         0.599810            1.976081
2021-12-31  0.180141  1.435329  1.881528  1.989633  0.807735  ...                 -0.039539                        0.029412                        0.000000         0.627529            2.060184
2022-01-31 -0.100056  1.198108  1.900021  2.317317  0.549026  ...                 -0.015437                        0.071429                        0.000000         0.655249            2.144287
2022-02-28 -0.131623  1.007719  1.911218  2.572226  0.438048  ...                  0.000000                        0.000000                        0.000000         0.682968            2.228390

[209 rows x 30 columns]
2024-11-17 19:33:09,368 - my_logger - INFO -                CFNAI     NGDP1  CPIAUCSL      CPI1    Growth  ...  MSCI WORLD/INDUSTRL  MSCI WORLD REAL ESTATE  ISM Manufacturing PMI SA  US CPI Urban Consumers YoY NSA  Federal Funds Target Rate - Up
2004-10-31  0.440324 -0.249076  0.829350 -0.458396  0.095624  ...             0.017105                0.035133                 -0.019164                        0.280000                        0.000000
2004-11-30  0.020029 -0.213042  0.839871 -0.341355 -0.096507  ...             0.064366                0.073984                 -0.001776                        0.093750                        0.142857
2004-12-31  0.810584 -0.171887  0.839871 -0.026042  0.319349  ...             0.030030                0.050138                  0.017794                       -0.057143                        0.125000
2005-01-31  0.180141 -0.006927  0.838702  0.203004  0.086607  ...            -0.008192               -0.046460                 -0.006993                       -0.090909                        0.000000
2005-02-28  0.380282  0.161254  0.848054  0.118742  0.270768  ...             0.016439                0.020496                 -0.022887                        0.000000                        0.111111
...              ...       ...       ...       ...       ...  ...                  ...                     ...                       ...                             ...                             ...
2021-10-31  0.830598  0.490853  1.830397  1.612546  0.660726  ...             0.045593                0.056201                  0.000000                        0.148148                        0.000000
2021-11-30  0.750542  1.247916  1.858043  1.684907  0.999229  ...            -0.041096               -0.029587                  0.003306                        0.096774                        0.000000
2021-12-31  0.180141  1.435329  1.881528  1.989633  0.807735  ...             0.053744                0.075345                 -0.039539                        0.029412                        0.000000
2022-01-31 -0.100056  1.198108  1.900021  2.317317  0.549026  ...            -0.067900               -0.070845                 -0.015437                        0.071429                        0.000000
2022-02-28  0.590429  0.456331  1.925096  2.489322  0.523380  ...            -0.018127               -0.036706                  0.015679                        0.053333                        0.000000

[209 rows x 28 columns]
2024-11-17 19:33:09,433 - my_logger - INFO -                CFNAI     NGDP1  CPIAUCSL      CPI1    Growth  ...  MSCI WORLD/INDUSTRL  MSCI WORLD REAL ESTATE  ISM Manufacturing PMI SA  US CPI Urban Consumers YoY NSA  Federal Funds Target Rate - Up
2004-10-31  0.440324 -0.249076  0.829350 -0.458396  0.095624  ...             0.017105                0.035133                 -0.019164                        0.280000                        0.000000
2004-11-30  0.020029 -0.213042  0.839871 -0.341355 -0.096507  ...             0.064366                0.073984                 -0.001776                        0.093750                        0.142857
2004-12-31  0.810584 -0.171887  0.839871 -0.026042  0.319349  ...             0.030030                0.050138                  0.017794                       -0.057143                        0.125000
2005-01-31  0.180141 -0.006927  0.838702  0.203004  0.086607  ...            -0.008192               -0.046460                 -0.006993                       -0.090909                        0.000000
2005-02-28  0.380282  0.161254  0.848054  0.118742  0.270768  ...             0.016439                0.020496                 -0.022887                        0.000000                        0.111111
...              ...       ...       ...       ...       ...  ...                  ...                     ...                       ...                             ...                             ...
2021-11-30  0.750542  1.247916  1.858043  1.684907  0.999229  ...            -0.041096               -0.029587                  0.003306                        0.096774                        0.000000
2021-12-31  0.180141  1.435329  1.881528  1.989633  0.807735  ...             0.053744                0.075345                 -0.039539                        0.029412                        0.000000
2022-01-31 -0.100056  1.198108  1.900021  2.317317  0.549026  ...            -0.067900               -0.070845                 -0.015437                        0.071429                        0.000000
2022-02-28  0.590429  0.456331  1.925096  2.489322  0.523380  ...            -0.018127               -0.036706                  0.015679                        0.053333                        0.000000
2022-03-31  0.450331 -0.149189  1.960376  2.582232  0.150571  ...             0.020146                0.046314                 -0.017153                        0.075949                        1.000000

[210 rows x 28 columns]
2024-11-17 19:33:09,491 - my_logger - INFO -                CFNAI     NGDP1  CPIAUCSL      CPI1    Growth  ...  MSCI WORLD/INDUSTRL  MSCI WORLD REAL ESTATE  ISM Manufacturing PMI SA  US CPI Urban Consumers YoY NSA  Federal Funds Target Rate - Up
2004-10-31  0.440324 -0.249076  0.829350 -0.458396  0.095624  ...             0.017105                0.035133                 -0.019164                        0.280000                        0.000000
2004-11-30  0.020029 -0.213042  0.839871 -0.341355 -0.096507  ...             0.064366                0.073984                 -0.001776                        0.093750                        0.142857
2004-12-31  0.810584 -0.171887  0.839871 -0.026042  0.319349  ...             0.030030                0.050138                  0.017794                       -0.057143                        0.125000
2005-01-31  0.180141 -0.006927  0.838702  0.203004  0.086607  ...            -0.008192               -0.046460                 -0.006993                       -0.090909                        0.000000
2005-02-28  0.380282  0.161254  0.848054  0.118742  0.270768  ...             0.016439                0.020496                 -0.022887                        0.000000                        0.111111
...              ...       ...       ...       ...       ...  ...                  ...                     ...                       ...                             ...                             ...
2021-12-31  0.180141  1.435329  1.881528  1.989633  0.807735  ...             0.053744                0.075345                 -0.039539                        0.029412                        0.000000
2022-01-31 -0.100056  1.198108  1.900021  2.317317  0.549026  ...            -0.067900               -0.070845                 -0.015437                        0.071429                        0.000000
2022-02-28  0.590429  0.456331  1.925096  2.489322  0.523380  ...            -0.018127               -0.036706                  0.015679                        0.053333                        0.000000
2022-03-31  0.450331 -0.149189  1.960376  2.582232  0.150571  ...             0.020146                0.046314                 -0.017153                        0.075949                        1.000000
2022-04-30  0.040043 -0.220494  1.974532  2.756621 -0.090226  ...            -0.085657               -0.041569                 -0.029668                       -0.023529                        0.000000

[211 rows x 28 columns]
2024-11-17 19:33:09,551 - my_logger - INFO -                CFNAI     NGDP1  CPIAUCSL      CPI1    Growth  ...  MSCI WORLD/INDUSTRL  MSCI WORLD REAL ESTATE  ISM Manufacturing PMI SA  US CPI Urban Consumers YoY NSA  Federal Funds Target Rate - Up
2004-10-31  0.440324 -0.249076  0.829350 -0.458396  0.095624  ...             0.017105                0.035133                 -0.019164                        0.280000                        0.000000
2004-11-30  0.020029 -0.213042  0.839871 -0.341355 -0.096507  ...             0.064366                0.073984                 -0.001776                        0.093750                        0.142857
2004-12-31  0.810584 -0.171887  0.839871 -0.026042  0.319349  ...             0.030030                0.050138                  0.017794                       -0.057143                        0.125000
2005-01-31  0.180141 -0.006927  0.838702  0.203004  0.086607  ...            -0.008192               -0.046460                 -0.006993                       -0.090909                        0.000000
2005-02-28  0.380282  0.161254  0.848054  0.118742  0.270768  ...             0.016439                0.020496                 -0.022887                        0.000000                        0.111111
...              ...       ...       ...       ...       ...  ...                  ...                     ...                       ...                             ...                             ...
2022-01-31 -0.100056  1.198108  1.900021  2.317317  0.549026  ...            -0.067900               -0.070845                 -0.015437                        0.071429                        0.000000
2022-02-28  0.590429  0.456331  1.925096  2.489322  0.523380  ...            -0.018127               -0.036706                  0.015679                        0.053333                        0.000000
2022-03-31  0.450331 -0.149189  1.960376  2.582232  0.150571  ...             0.020146                0.046314                 -0.017153                        0.075949                        1.000000
2022-04-30  0.040043 -0.220494  1.974532  2.756621 -0.090226  ...            -0.085657               -0.041569                 -0.029668                       -0.023529                        0.000000
2022-05-31 -0.360239 -0.122550  2.004867  3.071794 -0.241394  ...            -0.008191               -0.040519                  0.008993                        0.036145                        1.000000

[212 rows x 28 columns]
2024-11-17 19:33:09,609 - my_logger - INFO -                CFNAI     NGDP1  CPIAUCSL      CPI1    Growth  ...  MSCI WORLD/INDUSTRL  MSCI WORLD REAL ESTATE  ISM Manufacturing PMI SA  US CPI Urban Consumers YoY NSA  Federal Funds Target Rate - Up
2004-10-31  0.440324 -0.249076  0.829350 -0.458396  0.095624  ...             0.017105                0.035133                 -0.019164                        0.280000                        0.000000
2004-11-30  0.020029 -0.213042  0.839871 -0.341355 -0.096507  ...             0.064366                0.073984                 -0.001776                        0.093750                        0.142857
2004-12-31  0.810584 -0.171887  0.839871 -0.026042  0.319349  ...             0.030030                0.050138                  0.017794                       -0.057143                        0.125000
2005-01-31  0.180141 -0.006927  0.838702  0.203004  0.086607  ...            -0.008192               -0.046460                 -0.006993                       -0.090909                        0.000000
2005-02-28  0.380282  0.161254  0.848054  0.118742  0.270768  ...             0.016439                0.020496                 -0.022887                        0.000000                        0.111111
...              ...       ...       ...       ...       ...  ...                  ...                     ...                       ...                             ...                             ...
2022-02-28  0.590429  0.456331  1.925096  2.489322  0.523380  ...            -0.018127               -0.036706                  0.015679                        0.053333                        0.000000
2022-03-31  0.450331 -0.149189  1.960376  2.582232  0.150571  ...             0.020146                0.046314                 -0.017153                        0.075949                        1.000000
2022-04-30  0.040043 -0.220494  1.974532  2.756621 -0.090226  ...            -0.085657               -0.041569                 -0.029668                       -0.023529                        0.000000
2022-05-31 -0.360239 -0.122550  2.004867  3.071794 -0.241394  ...            -0.008191               -0.040519                  0.008993                        0.036145                        1.000000
2022-06-30 -0.240154  0.211741  2.047383  3.353878 -0.014206  ...            -0.085859               -0.079548                 -0.048128                        0.058140                        0.750000

[213 rows x 28 columns]
2024-11-17 19:33:10,621 - my_logger - INFO -                CFNAI     NGDP1  CPIAUCSL      CPI1    Growth  ...  ISM Manufacturing PMI SA  US CPI Urban Consumers YoY NSA  Federal Funds Target Rate - Up  Growth_filtered  Inflation_filtered
2004-10-31  0.440324 -0.249076  0.829350 -0.458396  0.095624  ...                 -0.019164                        0.280000                        0.000000         0.146401            0.267670
2004-11-30  0.020029 -0.213042  0.839871 -0.341355 -0.096507  ...                 -0.001776                        0.093750                        0.142857         0.141136            0.308535
2004-12-31  0.810584 -0.171887  0.839871 -0.026042  0.319349  ...                  0.017794                       -0.057143                        0.125000         0.135870            0.349399
2005-01-31  0.180141 -0.006927  0.838702  0.203004  0.086607  ...                 -0.006993                       -0.090909                        0.000000         0.130605            0.390264
2005-02-28  0.380282  0.161254  0.848054  0.118742  0.270768  ...                 -0.022887                        0.000000                        0.111111         0.125340            0.431128
...              ...       ...       ...       ...       ...  ...                       ...                             ...                             ...              ...                 ...
2022-04-30  0.040043 -0.220494  1.974532  2.756621 -0.090226  ...                 -0.029668                       -0.023529                        0.000000         0.293501            2.397346
2022-05-31 -0.360239 -0.122550  2.004867  3.071794 -0.241394  ...                  0.008993                        0.036145                        1.000000         0.243691            2.481641
2022-06-30 -0.240154  0.211741  2.047383  3.353878 -0.014206  ...                 -0.048128                        0.058140                        0.750000         0.193880            2.565936
2022-07-31  0.200155  0.591889  2.047161  3.330178  0.396022  ...                 -0.011236                       -0.065934                        0.428571         0.144070            2.650232
2022-08-31 -0.076624  0.811026  2.043825  3.171564  0.367201  ...                  0.000000                        0.000000                        0.000000         0.094260            2.734527

[215 rows x 30 columns]
2024-11-17 19:33:10,771 - my_logger - INFO -                CFNAI     NGDP1  CPIAUCSL      CPI1    Growth  ...  MSCI WORLD/INDUSTRL  MSCI WORLD REAL ESTATE  ISM Manufacturing PMI SA  US CPI Urban Consumers YoY NSA  Federal Funds Target Rate - Up
2004-10-31  0.440324 -0.249076  0.829350 -0.458396  0.095624  ...             0.017105                0.035133                 -0.019164                        0.280000                        0.000000
2004-11-30  0.020029 -0.213042  0.839871 -0.341355 -0.096507  ...             0.064366                0.073984                 -0.001776                        0.093750                        0.142857
2004-12-31  0.810584 -0.171887  0.839871 -0.026042  0.319349  ...             0.030030                0.050138                  0.017794                       -0.057143                        0.125000
2005-01-31  0.180141 -0.006927  0.838702  0.203004  0.086607  ...            -0.008192               -0.046460                 -0.006993                       -0.090909                        0.000000
2005-02-28  0.380282  0.161254  0.848054  0.118742  0.270768  ...             0.016439                0.020496                 -0.022887                        0.000000                        0.111111
...              ...       ...       ...       ...       ...  ...                  ...                     ...                       ...                             ...                             ...
2022-04-30  0.040043 -0.220494  1.974532  2.756621 -0.090226  ...            -0.085657               -0.041569                 -0.029668                       -0.023529                        0.000000
2022-05-31 -0.360239 -0.122550  2.004867  3.071794 -0.241394  ...            -0.008191               -0.040519                  0.008993                        0.036145                        1.000000
2022-06-30 -0.240154  0.211741  2.047383  3.353878 -0.014206  ...            -0.085859               -0.079548                 -0.048128                        0.058140                        0.750000
2022-07-31  0.200155  0.591889  2.047161  3.330178  0.396022  ...             0.094771                0.075702                 -0.011236                       -0.065934                        0.428571
2022-08-31  0.180141  1.119313  2.049873  2.825112  0.649727  ...            -0.042307               -0.061018                  0.000000                       -0.023529                        0.000000

[215 rows x 28 columns]
2024-11-17 19:33:10,900 - my_logger - INFO -                CFNAI     NGDP1  CPIAUCSL      CPI1    Growth  ...  MSCI WORLD/INDUSTRL  MSCI WORLD REAL ESTATE  ISM Manufacturing PMI SA  US CPI Urban Consumers YoY NSA  Federal Funds Target Rate - Up
2004-10-31  0.440324 -0.249076  0.829350 -0.458396  0.095624  ...             0.017105                0.035133                 -0.019164                        0.280000                        0.000000
2004-11-30  0.020029 -0.213042  0.839871 -0.341355 -0.096507  ...             0.064366                0.073984                 -0.001776                        0.093750                        0.142857
2004-12-31  0.810584 -0.171887  0.839871 -0.026042  0.319349  ...             0.030030                0.050138                  0.017794                       -0.057143                        0.125000
2005-01-31  0.180141 -0.006927  0.838702  0.203004  0.086607  ...            -0.008192               -0.046460                 -0.006993                       -0.090909                        0.000000
2005-02-28  0.380282  0.161254  0.848054  0.118742  0.270768  ...             0.016439                0.020496                 -0.022887                        0.000000                        0.111111
...              ...       ...       ...       ...       ...  ...                  ...                     ...                       ...                             ...                             ...
2022-05-31 -0.360239 -0.122550  2.004867  3.071794 -0.241394  ...            -0.008191               -0.040519                  0.008993                        0.036145                        1.000000
2022-06-30 -0.240154  0.211741  2.047383  3.353878 -0.014206  ...            -0.085859               -0.079548                 -0.048128                        0.058140                        0.750000
2022-07-31  0.200155  0.591889  2.047161  3.330178  0.396022  ...             0.094771                0.075702                 -0.011236                       -0.065934                        0.428571
2022-08-31  0.180141  1.119313  2.049873  2.825112  0.649727  ...            -0.042307               -0.061018                  0.000000                       -0.023529                        0.000000
2022-09-30  0.070064  1.271475  2.063106  2.019198  0.670769  ...            -0.104882               -0.131958                 -0.037879                       -0.012048                        0.300000

[216 rows x 28 columns]
2024-11-17 19:33:10,959 - my_logger - INFO -                CFNAI     NGDP1  CPIAUCSL      CPI1    Growth  ...  MSCI WORLD/INDUSTRL  MSCI WORLD REAL ESTATE  ISM Manufacturing PMI SA  US CPI Urban Consumers YoY NSA  Federal Funds Target Rate - Up
2004-10-31  0.440324 -0.249076  0.829350 -0.458396  0.095624  ...             0.017105                0.035133                 -0.019164                        0.280000                        0.000000
2004-11-30  0.020029 -0.213042  0.839871 -0.341355 -0.096507  ...             0.064366                0.073984                 -0.001776                        0.093750                        0.142857
2004-12-31  0.810584 -0.171887  0.839871 -0.026042  0.319349  ...             0.030030                0.050138                  0.017794                       -0.057143                        0.125000
2005-01-31  0.180141 -0.006927  0.838702  0.203004  0.086607  ...            -0.008192               -0.046460                 -0.006993                       -0.090909                        0.000000
2005-02-28  0.380282  0.161254  0.848054  0.118742  0.270768  ...             0.016439                0.020496                 -0.022887                        0.000000                        0.111111
...              ...       ...       ...       ...       ...  ...                  ...                     ...                       ...                             ...                             ...
2022-06-30 -0.240154  0.211741  2.047383  3.353878 -0.014206  ...            -0.085859               -0.079548                 -0.048128                        0.058140                        0.750000
2022-07-31  0.200155  0.591889  2.047161  3.330178  0.396022  ...             0.094771                0.075702                 -0.011236                       -0.065934                        0.428571
2022-08-31  0.180141  1.119313  2.049873  2.825112  0.649727  ...            -0.042307               -0.061018                  0.000000                       -0.023529                        0.000000
2022-09-30  0.070064  1.271475  2.063106  2.019198  0.670769  ...            -0.104882               -0.131958                 -0.037879                       -0.012048                        0.300000
2022-10-31 -0.080042  0.959243  2.080898  1.214720  0.439601  ...             0.103261                0.011106                 -0.015748                       -0.060976                        0.000000

[217 rows x 28 columns]
2024-11-17 19:33:11,019 - my_logger - INFO -                CFNAI     NGDP1  CPIAUCSL      CPI1    Growth  ...  MSCI WORLD/INDUSTRL  MSCI WORLD REAL ESTATE  ISM Manufacturing PMI SA  US CPI Urban Consumers YoY NSA  Federal Funds Target Rate - Up
2004-10-31  0.440324 -0.249076  0.829350 -0.458396  0.095624  ...             0.017105                0.035133                 -0.019164                        0.280000                        0.000000
2004-11-30  0.020029 -0.213042  0.839871 -0.341355 -0.096507  ...             0.064366                0.073984                 -0.001776                        0.093750                        0.142857
2004-12-31  0.810584 -0.171887  0.839871 -0.026042  0.319349  ...             0.030030                0.050138                  0.017794                       -0.057143                        0.125000
2005-01-31  0.180141 -0.006927  0.838702  0.203004  0.086607  ...            -0.008192               -0.046460                 -0.006993                       -0.090909                        0.000000
2005-02-28  0.380282  0.161254  0.848054  0.118742  0.270768  ...             0.016439                0.020496                 -0.022887                        0.000000                        0.111111
...              ...       ...       ...       ...       ...  ...                  ...                     ...                       ...                             ...                             ...
2022-07-31  0.200155  0.591889  2.047161  3.330178  0.396022  ...             0.094771                0.075702                 -0.011236                       -0.065934                        0.428571
2022-08-31  0.180141  1.119313  2.049873  2.825112  0.649727  ...            -0.042307               -0.061018                  0.000000                       -0.023529                        0.000000
2022-09-30  0.070064  1.271475  2.063106  2.019198  0.670769  ...            -0.104882               -0.131958                 -0.037879                       -0.012048                        0.300000
2022-10-31 -0.080042  0.959243  2.080898  1.214720  0.439601  ...             0.103261                0.011106                 -0.015748                       -0.060976                        0.000000
2022-11-30 -0.560379  0.506056  2.090075  0.582874 -0.027162  ...             0.088575                0.077102                 -0.022000                       -0.077922                        0.230769

[218 rows x 28 columns]
2024-11-17 19:33:11,085 - my_logger - INFO -                CFNAI     NGDP1  CPIAUCSL      CPI1    Growth  ...  MSCI WORLD/INDUSTRL  MSCI WORLD REAL ESTATE  ISM Manufacturing PMI SA  US CPI Urban Consumers YoY NSA  Federal Funds Target Rate - Up
2004-10-31  0.440324 -0.249076  0.829350 -0.458396  0.095624  ...             0.017105                0.035133                 -0.019164                        0.280000                        0.000000
2004-11-30  0.020029 -0.213042  0.839871 -0.341355 -0.096507  ...             0.064366                0.073984                 -0.001776                        0.093750                        0.142857
2004-12-31  0.810584 -0.171887  0.839871 -0.026042  0.319349  ...             0.030030                0.050138                  0.017794                       -0.057143                        0.125000
2005-01-31  0.180141 -0.006927  0.838702  0.203004  0.086607  ...            -0.008192               -0.046460                 -0.006993                       -0.090909                        0.000000
2005-02-28  0.380282  0.161254  0.848054  0.118742  0.270768  ...             0.016439                0.020496                 -0.022887                        0.000000                        0.111111
...              ...       ...       ...       ...       ...  ...                  ...                     ...                       ...                             ...                             ...
2022-08-31  0.180141  1.119313  2.049873  2.825112  0.649727  ...            -0.042307               -0.061018                  0.000000                       -0.023529                        0.000000
2022-09-30  0.070064  1.271475  2.063106  2.019198  0.670769  ...            -0.104882               -0.131958                 -0.037879                       -0.012048                        0.300000
2022-10-31 -0.080042  0.959243  2.080898  1.214720  0.439601  ...             0.103261                0.011106                 -0.015748                       -0.060976                        0.000000
2022-11-30 -0.560379  0.506056  2.090075  0.582874 -0.027162  ...             0.088575                0.077102                 -0.022000                       -0.077922                        0.230769
2022-12-31 -0.530358  0.067927  2.091992  0.209012 -0.231215  ...            -0.021135               -0.036870                 -0.016360                       -0.084507                        0.125000

[219 rows x 28 columns]
2024-11-17 19:33:12,270 - my_logger - INFO -                CFNAI     NGDP1  CPIAUCSL      CPI1    Growth  ...  ISM Manufacturing PMI SA  US CPI Urban Consumers YoY NSA  Federal Funds Target Rate - Up  Growth_filtered  Inflation_filtered
2004-10-31  0.440324 -0.249076  0.829350 -0.458396  0.095624  ...                 -0.019164                        0.280000                        0.000000         0.146401            0.267670
2004-11-30  0.020029 -0.213042  0.839871 -0.341355 -0.096507  ...                 -0.001776                        0.093750                        0.142857         0.141136            0.308535
2004-12-31  0.810584 -0.171887  0.839871 -0.026042  0.319349  ...                  0.017794                       -0.057143                        0.125000         0.135870            0.349399
2005-01-31  0.180141 -0.006927  0.838702  0.203004  0.086607  ...                 -0.006993                       -0.090909                        0.000000         0.130605            0.390264
2005-02-28  0.380282  0.161254  0.848054  0.118742  0.270768  ...                 -0.022887                        0.000000                        0.111111         0.125340            0.431128
...              ...       ...       ...       ...       ...  ...                       ...                             ...                             ...              ...                 ...
2022-10-31 -0.080042  0.959243  2.080898  1.214720  0.439601  ...                 -0.015748                       -0.060976                        0.000000         0.168070            1.788866
2022-11-30 -0.560379  0.506056  2.090075  0.582874 -0.027162  ...                 -0.022000                       -0.077922                        0.230769         0.136248            1.578549
2022-12-31 -0.530358  0.067927  2.091992  0.209012 -0.231215  ...                 -0.016360                       -0.084507                        0.125000         0.104426            1.368232
2023-01-31  0.450331 -0.084287  2.110041  0.071438  0.183022  ...                 -0.014553                       -0.015385                        0.000000         0.072604            1.157915
2023-02-28 -0.034651 -0.074868  2.123196  0.030449 -0.054759  ...                  0.000000                        0.000000                        0.000000         0.040782            0.947597

[221 rows x 30 columns]
2024-11-17 19:33:12,333 - my_logger - INFO -                CFNAI     NGDP1  CPIAUCSL      CPI1    Growth  ...  MSCI WORLD/INDUSTRL  MSCI WORLD REAL ESTATE  ISM Manufacturing PMI SA  US CPI Urban Consumers YoY NSA  Federal Funds Target Rate - Up
2004-10-31  0.440324 -0.249076  0.829350 -0.458396  0.095624  ...             0.017105                0.035133                 -0.019164                        0.280000                        0.000000
2004-11-30  0.020029 -0.213042  0.839871 -0.341355 -0.096507  ...             0.064366                0.073984                 -0.001776                        0.093750                        0.142857
2004-12-31  0.810584 -0.171887  0.839871 -0.026042  0.319349  ...             0.030030                0.050138                  0.017794                       -0.057143                        0.125000
2005-01-31  0.180141 -0.006927  0.838702  0.203004  0.086607  ...            -0.008192               -0.046460                 -0.006993                       -0.090909                        0.000000
2005-02-28  0.380282  0.161254  0.848054  0.118742  0.270768  ...             0.016439                0.020496                 -0.022887                        0.000000                        0.111111
...              ...       ...       ...       ...       ...  ...                  ...                     ...                       ...                             ...                             ...
2022-10-31 -0.080042  0.959243  2.080898  1.214720  0.439601  ...             0.103261                0.011106                 -0.015748                       -0.060976                        0.000000
2022-11-30 -0.560379  0.506056  2.090075  0.582874 -0.027162  ...             0.088575                0.077102                 -0.022000                       -0.077922                        0.230769
2022-12-31 -0.530358  0.067927  2.091992  0.209012 -0.231215  ...            -0.021135               -0.036870                 -0.016360                       -0.084507                        0.125000
2023-01-31  0.450331 -0.084287  2.110041  0.071438  0.183022  ...             0.057723                0.091835                 -0.014553                       -0.015385                        0.000000
2023-02-28 -0.280182 -0.114443  2.123519  0.159102 -0.197313  ...            -0.009480               -0.058187                  0.006329                       -0.062500                        0.055556

[221 rows x 28 columns]
2024-11-17 19:33:12,399 - my_logger - INFO -                CFNAI     NGDP1  CPIAUCSL      CPI1    Growth  ...  MSCI WORLD/INDUSTRL  MSCI WORLD REAL ESTATE  ISM Manufacturing PMI SA  US CPI Urban Consumers YoY NSA  Federal Funds Target Rate - Up
2004-10-31  0.440324 -0.249076  0.829350 -0.458396  0.095624  ...             0.017105                0.035133                 -0.019164                        0.280000                        0.000000
2004-11-30  0.020029 -0.213042  0.839871 -0.341355 -0.096507  ...             0.064366                0.073984                 -0.001776                        0.093750                        0.142857
2004-12-31  0.810584 -0.171887  0.839871 -0.026042  0.319349  ...             0.030030                0.050138                  0.017794                       -0.057143                        0.125000
2005-01-31  0.180141 -0.006927  0.838702  0.203004  0.086607  ...            -0.008192               -0.046460                 -0.006993                       -0.090909                        0.000000
2005-02-28  0.380282  0.161254  0.848054  0.118742  0.270768  ...             0.016439                0.020496                 -0.022887                        0.000000                        0.111111
...              ...       ...       ...       ...       ...  ...                  ...                     ...                       ...                             ...                             ...
2022-11-30 -0.560379  0.506056  2.090075  0.582874 -0.027162  ...             0.088575                0.077102                 -0.022000                       -0.077922                        0.230769
2022-12-31 -0.530358  0.067927  2.091992  0.209012 -0.231215  ...            -0.021135               -0.036870                 -0.016360                       -0.084507                        0.125000
2023-01-31  0.450331 -0.084287  2.110041  0.071438  0.183022  ...             0.057723                0.091835                 -0.014553                       -0.015385                        0.000000
2023-02-28 -0.280182 -0.114443  2.123519  0.159102 -0.197313  ...            -0.009480               -0.058187                  0.006329                       -0.062500                        0.055556
2023-03-31 -0.540365 -0.245498  2.126266  0.307109 -0.392931  ...             0.017387               -0.027921                 -0.025157                       -0.166667                        0.052632

[222 rows x 28 columns]
2024-11-17 19:33:12,480 - my_logger - INFO -                CFNAI     NGDP1  CPIAUCSL      CPI1    Growth  ...  MSCI WORLD/INDUSTRL  MSCI WORLD REAL ESTATE  ISM Manufacturing PMI SA  US CPI Urban Consumers YoY NSA  Federal Funds Target Rate - Up
2004-10-31  0.440324 -0.249076  0.829350 -0.458396  0.095624  ...             0.017105                0.035133                 -0.019164                        0.280000                        0.000000
2004-11-30  0.020029 -0.213042  0.839871 -0.341355 -0.096507  ...             0.064366                0.073984                 -0.001776                        0.093750                        0.142857
2004-12-31  0.810584 -0.171887  0.839871 -0.026042  0.319349  ...             0.030030                0.050138                  0.017794                       -0.057143                        0.125000
2005-01-31  0.180141 -0.006927  0.838702  0.203004  0.086607  ...            -0.008192               -0.046460                 -0.006993                       -0.090909                        0.000000
2005-02-28  0.380282  0.161254  0.848054  0.118742  0.270768  ...             0.016439                0.020496                 -0.022887                        0.000000                        0.111111
...              ...       ...       ...       ...       ...  ...                  ...                     ...                       ...                             ...                             ...
2022-12-31 -0.530358  0.067927  2.091992  0.209012 -0.231215  ...            -0.021135               -0.036870                 -0.016360                       -0.084507                        0.125000
2023-01-31  0.450331 -0.084287  2.110041  0.071438  0.183022  ...             0.057723                0.091835                 -0.014553                       -0.015385                        0.000000
2023-02-28 -0.280182 -0.114443  2.123519  0.159102 -0.197313  ...            -0.009480               -0.058187                  0.006329                       -0.062500                        0.055556
2023-03-31 -0.540365 -0.245498  2.126266  0.307109 -0.392931  ...             0.017387               -0.027921                 -0.025157                       -0.166667                        0.052632
2023-04-30  0.100085 -0.257747  2.141323  0.379659 -0.078831  ...             0.004672                0.016093                  0.010753                       -0.020000                        0.000000

[223 rows x 28 columns]
2024-11-17 19:33:12,556 - my_logger - INFO -                CFNAI     NGDP1  CPIAUCSL      CPI1    Growth  ...  MSCI WORLD/INDUSTRL  MSCI WORLD REAL ESTATE  ISM Manufacturing PMI SA  US CPI Urban Consumers YoY NSA  Federal Funds Target Rate - Up
2004-10-31  0.440324 -0.249076  0.829350 -0.458396  0.095624  ...             0.017105                0.035133                 -0.019164                        0.280000                        0.000000
2004-11-30  0.020029 -0.213042  0.839871 -0.341355 -0.096507  ...             0.064366                0.073984                 -0.001776                        0.093750                        0.142857
2004-12-31  0.810584 -0.171887  0.839871 -0.026042  0.319349  ...             0.030030                0.050138                  0.017794                       -0.057143                        0.125000
2005-01-31  0.180141 -0.006927  0.838702  0.203004  0.086607  ...            -0.008192               -0.046460                 -0.006993                       -0.090909                        0.000000
2005-02-28  0.380282  0.161254  0.848054  0.118742  0.270768  ...             0.016439                0.020496                 -0.022887                        0.000000                        0.111111
...              ...       ...       ...       ...       ...  ...                  ...                     ...                       ...                             ...                             ...
2023-01-31  0.450331 -0.084287  2.110041  0.071438  0.183022  ...             0.057723                0.091835                 -0.014553                       -0.015385                        0.000000
2023-02-28 -0.280182 -0.114443  2.123519  0.159102 -0.197313  ...            -0.009480               -0.058187                  0.006329                       -0.062500                        0.055556
2023-03-31 -0.540365 -0.245498  2.126266  0.307109 -0.392931  ...             0.017387               -0.027921                 -0.025157                       -0.166667                        0.052632
2023-04-30  0.100085 -0.257747  2.141323  0.379659 -0.078831  ...             0.004672                0.016093                  0.010753                       -0.020000                        0.000000
2023-05-31 -0.170105 -0.380881  2.145215  0.248346 -0.275493  ...            -0.030087               -0.053178                 -0.008511                       -0.183673                        0.050000

[224 rows x 28 columns]
2024-11-17 19:33:12,619 - my_logger - INFO -                CFNAI     NGDP1  CPIAUCSL      CPI1    Growth  ...  MSCI WORLD/INDUSTRL  MSCI WORLD REAL ESTATE  ISM Manufacturing PMI SA  US CPI Urban Consumers YoY NSA  Federal Funds Target Rate - Up
2004-10-31  0.440324 -0.249076  0.829350 -0.458396  0.095624  ...             0.017105                0.035133                 -0.019164                        0.280000                        0.000000
2004-11-30  0.020029 -0.213042  0.839871 -0.341355 -0.096507  ...             0.064366                0.073984                 -0.001776                        0.093750                        0.142857
2004-12-31  0.810584 -0.171887  0.839871 -0.026042  0.319349  ...             0.030030                0.050138                  0.017794                       -0.057143                        0.125000
2005-01-31  0.180141 -0.006927  0.838702  0.203004  0.086607  ...            -0.008192               -0.046460                 -0.006993                       -0.090909                        0.000000
2005-02-28  0.380282  0.161254  0.848054  0.118742  0.270768  ...             0.016439                0.020496                 -0.022887                        0.000000                        0.111111
...              ...       ...       ...       ...       ...  ...                  ...                     ...                       ...                             ...                             ...
2023-02-28 -0.280182 -0.114443  2.123519  0.159102 -0.197313  ...            -0.009480               -0.058187                  0.006329                       -0.062500                        0.055556
2023-03-31 -0.540365 -0.245498  2.126266  0.307109 -0.392931  ...             0.017387               -0.027921                 -0.025157                       -0.166667                        0.052632
2023-04-30  0.100085 -0.257747  2.141323  0.379659 -0.078831  ...             0.004672                0.016093                  0.010753                       -0.020000                        0.000000
2023-05-31 -0.170105 -0.380881  2.145215  0.248346 -0.275493  ...            -0.030087               -0.053178                 -0.008511                       -0.183673                        0.050000
2023-06-30 -0.400267 -0.207139  2.152674  0.024199 -0.303703  ...             0.088332                0.034090                 -0.004292                       -0.250000                        0.000000

[225 rows x 28 columns]
2024-11-17 19:33:14,217 - my_logger - INFO -                CFNAI     NGDP1  CPIAUCSL      CPI1    Growth  ...  ISM Manufacturing PMI SA  US CPI Urban Consumers YoY NSA  Federal Funds Target Rate - Up  Growth_filtered  Inflation_filtered
2004-10-31  0.440324 -0.249076  0.829350 -0.458396  0.095624  ...                 -0.019164                        0.280000                        0.000000         0.146401            0.267670
2004-11-30  0.020029 -0.213042  0.839871 -0.341355 -0.096507  ...                 -0.001776                        0.093750                        0.142857         0.141136            0.308535
2004-12-31  0.810584 -0.171887  0.839871 -0.026042  0.319349  ...                  0.017794                       -0.057143                        0.125000         0.135871            0.349399
2005-01-31  0.180141 -0.006927  0.838702  0.203004  0.086607  ...                 -0.006993                       -0.090909                        0.000000         0.130605            0.390264
2005-02-28  0.380282  0.161254  0.848054  0.118742  0.270768  ...                 -0.022887                        0.000000                        0.111111         0.125340            0.431128
...              ...       ...       ...       ...       ...  ...                       ...                             ...                             ...              ...                 ...
2023-04-30  0.100085 -0.257747  2.141323  0.379659 -0.078831  ...                  0.010753                       -0.020000                        0.000000        -0.053924            1.157269
2023-05-31 -0.170105 -0.380881  2.145215  0.248346 -0.275493  ...                 -0.008511                       -0.183673                        0.050000        -0.070436            1.097758
2023-06-30 -0.400267 -0.207139  2.152674  0.024199 -0.303703  ...                 -0.004292                       -0.250000                        0.000000        -0.086948            1.038247
2023-07-31  0.190148  0.209223  2.159980 -0.104953  0.199686  ...                  0.002155                        0.066667                        0.047619        -0.103460            0.978737
2023-08-31 -0.078581  0.454386  2.164812 -0.168512  0.187903  ...                  0.000000                        0.000000                        0.000000        -0.119972            0.919226

[227 rows x 30 columns]
2024-11-17 19:33:14,290 - my_logger - INFO -                CFNAI     NGDP1  CPIAUCSL      CPI1    Growth  ...  MSCI WORLD/INDUSTRL  MSCI WORLD REAL ESTATE  ISM Manufacturing PMI SA  US CPI Urban Consumers YoY NSA  Federal Funds Target Rate - Up
2004-10-31  0.440324 -0.249076  0.829350 -0.458396  0.095624  ...             0.017105                0.035133                 -0.019164                        0.280000                        0.000000
2004-11-30  0.020029 -0.213042  0.839871 -0.341355 -0.096507  ...             0.064366                0.073984                 -0.001776                        0.093750                        0.142857
2004-12-31  0.810584 -0.171887  0.839871 -0.026042  0.319349  ...             0.030030                0.050138                  0.017794                       -0.057143                        0.125000
2005-01-31  0.180141 -0.006927  0.838702  0.203004  0.086607  ...            -0.008192               -0.046460                 -0.006993                       -0.090909                        0.000000
2005-02-28  0.380282  0.161254  0.848054  0.118742  0.270768  ...             0.016439                0.020496                 -0.022887                        0.000000                        0.111111
...              ...       ...       ...       ...       ...  ...                  ...                     ...                       ...                             ...                             ...
2023-04-30  0.100085 -0.257747  2.141323  0.379659 -0.078831  ...             0.004672                0.016093                  0.010753                       -0.020000                        0.000000
2023-05-31 -0.170105 -0.380881  2.145215  0.248346 -0.275493  ...            -0.030087               -0.053178                 -0.008511                       -0.183673                        0.050000
2023-06-30 -0.400267 -0.207139  2.152674  0.024199 -0.303703  ...             0.088332                0.034090                 -0.004292                       -0.250000                        0.000000
2023-07-31  0.190148  0.209223  2.159980 -0.104953  0.199686  ...             0.029952                0.024213                  0.002155                        0.066667                        0.047619
2023-08-31 -0.250161  0.871403  2.178204 -0.025331  0.310621  ...            -0.031894               -0.032037                  0.023656                        0.156250                        0.000000

[227 rows x 28 columns]
2024-11-17 19:33:14,358 - my_logger - INFO -                CFNAI     NGDP1  CPIAUCSL      CPI1    Growth  ...  MSCI WORLD/INDUSTRL  MSCI WORLD REAL ESTATE  ISM Manufacturing PMI SA  US CPI Urban Consumers YoY NSA  Federal Funds Target Rate - Up
2004-10-31  0.440324 -0.249076  0.829350 -0.458396  0.095624  ...             0.017105                0.035133                 -0.019164                        0.280000                        0.000000
2004-11-30  0.020029 -0.213042  0.839871 -0.341355 -0.096507  ...             0.064366                0.073984                 -0.001776                        0.093750                        0.142857
2004-12-31  0.810584 -0.171887  0.839871 -0.026042  0.319349  ...             0.030030                0.050138                  0.017794                       -0.057143                        0.125000
2005-01-31  0.180141 -0.006927  0.838702  0.203004  0.086607  ...            -0.008192               -0.046460                 -0.006993                       -0.090909                        0.000000
2005-02-28  0.380282  0.161254  0.848054  0.118742  0.270768  ...             0.016439                0.020496                 -0.022887                        0.000000                        0.111111
...              ...       ...       ...       ...       ...  ...                  ...                     ...                       ...                             ...                             ...
2023-05-31 -0.170105 -0.380881  2.145215  0.248346 -0.275493  ...            -0.030087               -0.053178                 -0.008511                       -0.183673                        0.050000
2023-06-30 -0.400267 -0.207139  2.152674  0.024199 -0.303703  ...             0.088332                0.034090                 -0.004292                       -0.250000                        0.000000
2023-07-31  0.190148  0.209223  2.159980 -0.104953  0.199686  ...             0.029952                0.024213                  0.002155                        0.066667                        0.047619
2023-08-31 -0.250161  0.871403  2.178204 -0.025331  0.310621  ...            -0.031894               -0.032037                  0.023656                        0.156250                        0.000000
2023-09-30  0.000015  1.094543  2.191075  0.162292  0.547279  ...            -0.052279               -0.069345                  0.021008                        0.000000                        0.000000

[228 rows x 28 columns]
2024-11-17 19:33:14,432 - my_logger - INFO -                CFNAI     NGDP1  CPIAUCSL      CPI1    Growth  ...  MSCI WORLD/INDUSTRL  MSCI WORLD REAL ESTATE  ISM Manufacturing PMI SA  US CPI Urban Consumers YoY NSA  Federal Funds Target Rate - Up
2004-10-31  0.440324 -0.249076  0.829350 -0.458396  0.095624  ...             0.017105                0.035133                 -0.019164                        0.280000                        0.000000
2004-11-30  0.020029 -0.213042  0.839871 -0.341355 -0.096507  ...             0.064366                0.073984                 -0.001776                        0.093750                        0.142857
2004-12-31  0.810584 -0.171887  0.839871 -0.026042  0.319349  ...             0.030030                0.050138                  0.017794                       -0.057143                        0.125000
2005-01-31  0.180141 -0.006927  0.838702  0.203004  0.086607  ...            -0.008192               -0.046460                 -0.006993                       -0.090909                        0.000000
2005-02-28  0.380282  0.161254  0.848054  0.118742  0.270768  ...             0.016439                0.020496                 -0.022887                        0.000000                        0.111111
...              ...       ...       ...       ...       ...  ...                  ...                     ...                       ...                             ...                             ...
2023-06-30 -0.400267 -0.207139  2.152674  0.024199 -0.303703  ...             0.088332                0.034090                 -0.004292                       -0.250000                        0.000000
2023-07-31  0.190148  0.209223  2.159980 -0.104953  0.199686  ...             0.029952                0.024213                  0.002155                        0.066667                        0.047619
2023-08-31 -0.250161  0.871403  2.178204 -0.025331  0.310621  ...            -0.031894               -0.032037                  0.023656                        0.156250                        0.000000
2023-09-30  0.000015  1.094543  2.191075  0.162292  0.547279  ...            -0.052279               -0.069345                  0.021008                        0.000000                        0.000000
2023-10-31 -0.600407  0.735563  2.193915  0.290099  0.067578  ...            -0.041802               -0.035619                 -0.034979                       -0.135135                        0.000000

[229 rows x 28 columns]
2024-11-17 19:33:14,490 - my_logger - INFO -                CFNAI     NGDP1  CPIAUCSL      CPI1    Growth  ...  MSCI WORLD/INDUSTRL  MSCI WORLD REAL ESTATE  ISM Manufacturing PMI SA  US CPI Urban Consumers YoY NSA  Federal Funds Target Rate - Up
2004-10-31  0.440324 -0.249076  0.829350 -0.458396  0.095624  ...             0.017105                0.035133                 -0.019164                        0.280000                        0.000000
2004-11-30  0.020029 -0.213042  0.839871 -0.341355 -0.096507  ...             0.064366                0.073984                 -0.001776                        0.093750                        0.142857
2004-12-31  0.810584 -0.171887  0.839871 -0.026042  0.319349  ...             0.030030                0.050138                  0.017794                       -0.057143                        0.125000
2005-01-31  0.180141 -0.006927  0.838702  0.203004  0.086607  ...            -0.008192               -0.046460                 -0.006993                       -0.090909                        0.000000
2005-02-28  0.380282  0.161254  0.848054  0.118742  0.270768  ...             0.016439                0.020496                 -0.022887                        0.000000                        0.111111
...              ...       ...       ...       ...       ...  ...                  ...                     ...                       ...                             ...                             ...
2023-07-31  0.190148  0.209223  2.159980 -0.104953  0.199686  ...             0.029952                0.024213                  0.002155                        0.066667                        0.047619
2023-08-31 -0.250161  0.871403  2.178204 -0.025331  0.310621  ...            -0.031894               -0.032037                  0.023656                        0.156250                        0.000000
2023-09-30  0.000015  1.094543  2.191075  0.162292  0.547279  ...            -0.052279               -0.069345                  0.021008                        0.000000                        0.000000
2023-10-31 -0.600407  0.735563  2.193915  0.290099  0.067578  ...            -0.041802               -0.035619                 -0.034979                       -0.135135                        0.000000
2023-11-30  0.230176  0.131303  2.199678  0.250005  0.180740  ...             0.101848                0.000000                 -0.006397                       -0.031250                        0.000000

[230 rows x 28 columns]
2024-11-17 19:33:14,570 - my_logger - INFO -                CFNAI     NGDP1  CPIAUCSL      CPI1    Growth  ...  MSCI WORLD/INDUSTRL  MSCI WORLD REAL ESTATE  ISM Manufacturing PMI SA  US CPI Urban Consumers YoY NSA  Federal Funds Target Rate - Up
2004-10-31  0.440324 -0.249076  0.829350 -0.458396  0.095624  ...             0.017105                0.035133                 -0.019164                        0.280000                        0.000000
2004-11-30  0.020029 -0.213042  0.839871 -0.341355 -0.096507  ...             0.064366                0.073984                 -0.001776                        0.093750                        0.142857
2004-12-31  0.810584 -0.171887  0.839871 -0.026042  0.319349  ...             0.030030                0.050138                  0.017794                       -0.057143                        0.125000
2005-01-31  0.180141 -0.006927  0.838702  0.203004  0.086607  ...            -0.008192               -0.046460                 -0.006993                       -0.090909                        0.000000
2005-02-28  0.380282  0.161254  0.848054  0.118742  0.270768  ...             0.016439                0.020496                 -0.022887                        0.000000                        0.111111
...              ...       ...       ...       ...       ...  ...                  ...                     ...                       ...                             ...                             ...
2023-08-31 -0.250161  0.871403  2.178204 -0.025331  0.310621  ...            -0.031894               -0.032037                  0.023656                        0.156250                        0.000000
2023-09-30  0.000015  1.094543  2.191075  0.162292  0.547279  ...            -0.052279               -0.069345                  0.021008                        0.000000                        0.000000
2023-10-31 -0.600407  0.735563  2.193915  0.290099  0.067578  ...            -0.041802               -0.035619                 -0.034979                       -0.135135                        0.000000
2023-11-30  0.230176  0.131303  2.199678  0.250005  0.180740  ...             0.101848                0.000000                 -0.006397                       -0.031250                        0.000000
2023-12-31 -0.140084 -0.401207  2.208072  0.101464 -0.270645  ...             0.074830                0.000000                  0.010730                        0.096774                        0.000000

[231 rows x 28 columns]
2024-11-17 19:33:15,665 - my_logger - INFO -                CFNAI     NGDP1  CPIAUCSL      CPI1    Growth  ...  ISM Manufacturing PMI SA  US CPI Urban Consumers YoY NSA  Federal Funds Target Rate - Up  Growth_filtered  Inflation_filtered
2004-10-31  0.440324 -0.249076  0.829350 -0.458396  0.095624  ...                 -0.019164                        0.280000                        0.000000         0.146401            0.267670
2004-11-30  0.020029 -0.213042  0.839871 -0.341355 -0.096507  ...                 -0.001776                        0.093750                        0.142857         0.141136            0.308535
2004-12-31  0.810584 -0.171887  0.839871 -0.026042  0.319349  ...                  0.017794                       -0.057143                        0.125000         0.135870            0.349399
2005-01-31  0.180141 -0.006927  0.838702  0.203004  0.086607  ...                 -0.006993                       -0.090909                        0.000000         0.130605            0.390264
2005-02-28  0.380282  0.161254  0.848054  0.118742  0.270768  ...                 -0.022887                        0.000000                        0.111111         0.125340            0.431128
...              ...       ...       ...       ...       ...  ...                       ...                             ...                             ...              ...                 ...
2023-10-31 -0.600407  0.735563  2.193915  0.290099  0.067578  ...                 -0.034979                       -0.135135                        0.000000        -0.070425            1.112686
2023-11-30  0.230176  0.131303  2.199678  0.250005  0.180740  ...                 -0.006397                       -0.031250                        0.000000        -0.140154            1.097558
2023-12-31 -0.140084 -0.401207  2.208072  0.101464 -0.270645  ...                  0.010730                        0.096774                        0.000000        -0.209882            1.082429
2024-01-31 -0.790541 -0.616885  2.219095 -0.063211 -0.703713  ...                  0.042463                       -0.088235                        0.000000        -0.279611            1.067301
2024-02-29 -0.240139 -0.685643  2.226540 -0.202261 -0.462891  ...                  0.000000                        0.000000                        0.000000        -0.349339            1.052172

[233 rows x 30 columns]
2024-11-17 19:33:15,722 - my_logger - INFO -                CFNAI     NGDP1  CPIAUCSL      CPI1    Growth  ...  MSCI WORLD/INDUSTRL  MSCI WORLD REAL ESTATE  ISM Manufacturing PMI SA  US CPI Urban Consumers YoY NSA  Federal Funds Target Rate - Up
2004-10-31  0.440324 -0.249076  0.829350 -0.458396  0.095624  ...             0.017105                0.035133                 -0.019164                        0.280000                        0.000000
2004-11-30  0.020029 -0.213042  0.839871 -0.341355 -0.096507  ...             0.064366                0.073984                 -0.001776                        0.093750                        0.142857
2004-12-31  0.810584 -0.171887  0.839871 -0.026042  0.319349  ...             0.030030                0.050138                  0.017794                       -0.057143                        0.125000
2005-01-31  0.180141 -0.006927  0.838702  0.203004  0.086607  ...            -0.008192               -0.046460                 -0.006993                       -0.090909                        0.000000
2005-02-28  0.380282  0.161254  0.848054  0.118742  0.270768  ...             0.016439                0.020496                 -0.022887                        0.000000                        0.111111
...              ...       ...       ...       ...       ...  ...                  ...                     ...                       ...                             ...                             ...
2023-10-31 -0.600407  0.735563  2.193915  0.290099  0.067578  ...            -0.041802               -0.035619                 -0.034979                       -0.135135                        0.000000
2023-11-30  0.230176  0.131303  2.199678  0.250005  0.180740  ...             0.101848                0.000000                 -0.006397                       -0.031250                        0.000000
2023-12-31 -0.140084 -0.401207  2.208072  0.101464 -0.270645  ...             0.074830                0.000000                  0.010730                        0.096774                        0.000000
2024-01-31 -0.790541 -0.616885  2.219095 -0.063211 -0.703713  ...            -0.002013                0.000000                  0.042463                       -0.088235                        0.000000
2024-02-29  0.310233 -0.586657  2.235098 -0.135360 -0.138212  ...             0.056306                0.000000                 -0.026477                        0.032258                        0.000000

[233 rows x 28 columns]
2024-11-17 19:33:15,779 - my_logger - INFO -                CFNAI     NGDP1  CPIAUCSL      CPI1    Growth  ...  MSCI WORLD/INDUSTRL  MSCI WORLD REAL ESTATE  ISM Manufacturing PMI SA  US CPI Urban Consumers YoY NSA  Federal Funds Target Rate - Up
2004-10-31  0.440324 -0.249076  0.829350 -0.458396  0.095624  ...             0.017105                0.035133                 -0.019164                        0.280000                        0.000000
2004-11-30  0.020029 -0.213042  0.839871 -0.341355 -0.096507  ...             0.064366                0.073984                 -0.001776                        0.093750                        0.142857
2004-12-31  0.810584 -0.171887  0.839871 -0.026042  0.319349  ...             0.030030                0.050138                  0.017794                       -0.057143                        0.125000
2005-01-31  0.180141 -0.006927  0.838702  0.203004  0.086607  ...            -0.008192               -0.046460                 -0.006993                       -0.090909                        0.000000
2005-02-28  0.380282  0.161254  0.848054  0.118742  0.270768  ...             0.016439                0.020496                 -0.022887                        0.000000                        0.111111
...              ...       ...       ...       ...       ...  ...                  ...                     ...                       ...                             ...                             ...
2023-10-31 -0.600407  0.735563  2.193915  0.290099  0.067578  ...            -0.041802               -0.035619                 -0.034979                       -0.135135                        0.000000
2023-11-30  0.230176  0.131303  2.199678  0.250005  0.180740  ...             0.101848                0.000000                 -0.006397                       -0.031250                        0.000000
2023-12-31 -0.140084 -0.401207  2.208072  0.101464 -0.270645  ...             0.074830                0.000000                  0.010730                        0.096774                        0.000000
2024-01-31 -0.790541 -0.616885  2.219095 -0.063211 -0.703713  ...            -0.002013                0.000000                  0.042463                       -0.088235                        0.000000
2024-02-29  0.310233 -0.586657  2.235098 -0.135360 -0.138212  ...             0.056306                0.000000                 -0.026477                        0.032258                        0.000000

[233 rows x 28 columns]
2024-11-17 19:33:15,835 - my_logger - INFO -                CFNAI     NGDP1  CPIAUCSL      CPI1    Growth  ...  MSCI WORLD/INDUSTRL  MSCI WORLD REAL ESTATE  ISM Manufacturing PMI SA  US CPI Urban Consumers YoY NSA  Federal Funds Target Rate - Up
2004-10-31  0.440324 -0.249076  0.829350 -0.458396  0.095624  ...             0.017105                0.035133                 -0.019164                        0.280000                        0.000000
2004-11-30  0.020029 -0.213042  0.839871 -0.341355 -0.096507  ...             0.064366                0.073984                 -0.001776                        0.093750                        0.142857
2004-12-31  0.810584 -0.171887  0.839871 -0.026042  0.319349  ...             0.030030                0.050138                  0.017794                       -0.057143                        0.125000
2005-01-31  0.180141 -0.006927  0.838702  0.203004  0.086607  ...            -0.008192               -0.046460                 -0.006993                       -0.090909                        0.000000
2005-02-28  0.380282  0.161254  0.848054  0.118742  0.270768  ...             0.016439                0.020496                 -0.022887                        0.000000                        0.111111
...              ...       ...       ...       ...       ...  ...                  ...                     ...                       ...                             ...                             ...
2023-10-31 -0.600407  0.735563  2.193915  0.290099  0.067578  ...            -0.041802               -0.035619                 -0.034979                       -0.135135                        0.000000
2023-11-30  0.230176  0.131303  2.199678  0.250005  0.180740  ...             0.101848                0.000000                 -0.006397                       -0.031250                        0.000000
2023-12-31 -0.140084 -0.401207  2.208072  0.101464 -0.270645  ...             0.074830                0.000000                  0.010730                        0.096774                        0.000000
2024-01-31 -0.790541 -0.616885  2.219095 -0.063211 -0.703713  ...            -0.002013                0.000000                  0.042463                       -0.088235                        0.000000
2024-02-29  0.310233 -0.586657  2.235098 -0.135360 -0.138212  ...             0.056306                0.000000                 -0.026477                        0.032258                        0.000000

[233 rows x 28 columns]
2024-11-17 19:33:15,898 - my_logger - INFO -                CFNAI     NGDP1  CPIAUCSL      CPI1    Growth  ...  MSCI WORLD/INDUSTRL  MSCI WORLD REAL ESTATE  ISM Manufacturing PMI SA  US CPI Urban Consumers YoY NSA  Federal Funds Target Rate - Up
2004-10-31  0.440324 -0.249076  0.829350 -0.458396  0.095624  ...             0.017105                0.035133                 -0.019164                        0.280000                        0.000000
2004-11-30  0.020029 -0.213042  0.839871 -0.341355 -0.096507  ...             0.064366                0.073984                 -0.001776                        0.093750                        0.142857
2004-12-31  0.810584 -0.171887  0.839871 -0.026042  0.319349  ...             0.030030                0.050138                  0.017794                       -0.057143                        0.125000
2005-01-31  0.180141 -0.006927  0.838702  0.203004  0.086607  ...            -0.008192               -0.046460                 -0.006993                       -0.090909                        0.000000
2005-02-28  0.380282  0.161254  0.848054  0.118742  0.270768  ...             0.016439                0.020496                 -0.022887                        0.000000                        0.111111
...              ...       ...       ...       ...       ...  ...                  ...                     ...                       ...                             ...                             ...
2023-10-31 -0.600407  0.735563  2.193915  0.290099  0.067578  ...            -0.041802               -0.035619                 -0.034979                       -0.135135                        0.000000
2023-11-30  0.230176  0.131303  2.199678  0.250005  0.180740  ...             0.101848                0.000000                 -0.006397                       -0.031250                        0.000000
2023-12-31 -0.140084 -0.401207  2.208072  0.101464 -0.270645  ...             0.074830                0.000000                  0.010730                        0.096774                        0.000000
2024-01-31 -0.790541 -0.616885  2.219095 -0.063211 -0.703713  ...            -0.002013                0.000000                  0.042463                       -0.088235                        0.000000
2024-02-29  0.310233 -0.586657  2.235098 -0.135360 -0.138212  ...             0.056306                0.000000                 -0.026477                        0.032258                        0.000000

[233 rows x 28 columns]
2024-11-17 19:33:15,993 - my_logger - INFO -                CFNAI     NGDP1  CPIAUCSL      CPI1    Growth  ...  MSCI WORLD/INDUSTRL  MSCI WORLD REAL ESTATE  ISM Manufacturing PMI SA  US CPI Urban Consumers YoY NSA  Federal Funds Target Rate - Up
2004-10-31  0.440324 -0.249076  0.829350 -0.458396  0.095624  ...             0.017105                0.035133                 -0.019164                        0.280000                        0.000000
2004-11-30  0.020029 -0.213042  0.839871 -0.341355 -0.096507  ...             0.064366                0.073984                 -0.001776                        0.093750                        0.142857
2004-12-31  0.810584 -0.171887  0.839871 -0.026042  0.319349  ...             0.030030                0.050138                  0.017794                       -0.057143                        0.125000
2005-01-31  0.180141 -0.006927  0.838702  0.203004  0.086607  ...            -0.008192               -0.046460                 -0.006993                       -0.090909                        0.000000
2005-02-28  0.380282  0.161254  0.848054  0.118742  0.270768  ...             0.016439                0.020496                 -0.022887                        0.000000                        0.111111
...              ...       ...       ...       ...       ...  ...                  ...                     ...                       ...                             ...                             ...
2023-10-31 -0.600407  0.735563  2.193915  0.290099  0.067578  ...            -0.041802               -0.035619                 -0.034979                       -0.135135                        0.000000
2023-11-30  0.230176  0.131303  2.199678  0.250005  0.180740  ...             0.101848                0.000000                 -0.006397                       -0.031250                        0.000000
2023-12-31 -0.140084 -0.401207  2.208072  0.101464 -0.270645  ...             0.074830                0.000000                  0.010730                        0.096774                        0.000000
2024-01-31 -0.790541 -0.616885  2.219095 -0.063211 -0.703713  ...            -0.002013                0.000000                  0.042463                       -0.088235                        0.000000
2024-02-29  0.310233 -0.586657  2.235098 -0.135360 -0.138212  ...             0.056306                0.000000                 -0.026477                        0.032258                        0.000000

[233 rows x 28 columns]
2024-11-17 19:33:17,016 - my_logger - INFO -                CFNAI     NGDP1  CPIAUCSL      CPI1    Growth  ...  ISM Manufacturing PMI SA  US CPI Urban Consumers YoY NSA  Federal Funds Target Rate - Up  Growth_filtered  Inflation_filtered
2004-10-31  0.440324 -0.249076  0.829350 -0.458396  0.095624  ...                 -0.019164                        0.280000                        0.000000         0.146401            0.267670
2004-11-30  0.020029 -0.213042  0.839871 -0.341355 -0.096507  ...                 -0.001776                        0.093750                        0.142857         0.141136            0.308535
2004-12-31  0.810584 -0.171887  0.839871 -0.026042  0.319349  ...                  0.017794                       -0.057143                        0.125000         0.135871            0.349399
2005-01-31  0.180141 -0.006927  0.838702  0.203004  0.086607  ...                 -0.006993                       -0.090909                        0.000000         0.130605            0.390264
2005-02-28  0.380282  0.161254  0.848054  0.118742  0.270768  ...                 -0.022887                        0.000000                        0.111111         0.125340            0.431128
...              ...       ...       ...       ...       ...  ...                       ...                             ...                             ...              ...                 ...
2023-11-30  0.230176  0.131303  2.199678  0.250005  0.180740  ...                 -0.006397                       -0.031250                        0.000000        -0.101863            1.105043
2023-12-31 -0.140084 -0.401207  2.208072  0.101464 -0.270645  ...                  0.010730                        0.096774                        0.000000        -0.137776            1.091031
2024-01-31 -0.790541 -0.616885  2.219095 -0.063211 -0.703713  ...                  0.042463                       -0.088235                        0.000000        -0.173688            1.077019
2024-02-29  0.310233 -0.586657  2.235098 -0.135360 -0.138212  ...                 -0.026477                        0.032258                        0.000000        -0.209601            1.063008
2024-03-31 -0.060967 -0.497940  2.246001 -0.135293 -0.279453  ...                  0.000000                        0.000000                        0.000000        -0.245514            1.048996

[234 rows x 30 columns]
2024-11-17 19:33:17,071 - my_logger - INFO -                CFNAI     NGDP1  CPIAUCSL      CPI1    Growth  ...  MSCI WORLD/INDUSTRL  MSCI WORLD REAL ESTATE  ISM Manufacturing PMI SA  US CPI Urban Consumers YoY NSA  Federal Funds Target Rate - Up
2004-10-31  0.440324 -0.249076  0.829350 -0.458396  0.095624  ...             0.017105                0.035133                 -0.019164                        0.280000                        0.000000
2004-11-30  0.020029 -0.213042  0.839871 -0.341355 -0.096507  ...             0.064366                0.073984                 -0.001776                        0.093750                        0.142857
2004-12-31  0.810584 -0.171887  0.839871 -0.026042  0.319349  ...             0.030030                0.050138                  0.017794                       -0.057143                        0.125000
2005-01-31  0.180141 -0.006927  0.838702  0.203004  0.086607  ...            -0.008192               -0.046460                 -0.006993                       -0.090909                        0.000000
2005-02-28  0.380282  0.161254  0.848054  0.118742  0.270768  ...             0.016439                0.020496                 -0.022887                        0.000000                        0.111111
...              ...       ...       ...       ...       ...  ...                  ...                     ...                       ...                             ...                             ...
2023-10-31 -0.600407  0.735563  2.193915  0.290099  0.067578  ...            -0.041802               -0.035619                 -0.034979                       -0.135135                        0.000000
2023-11-30  0.230176  0.131303  2.199678  0.250005  0.180740  ...             0.101848                0.000000                 -0.006397                       -0.031250                        0.000000
2023-12-31 -0.140084 -0.401207  2.208072  0.101464 -0.270645  ...             0.074830                0.000000                  0.010730                        0.096774                        0.000000
2024-01-31 -0.790541 -0.616885  2.219095 -0.063211 -0.703713  ...            -0.002013                0.000000                  0.042463                       -0.088235                        0.000000
2024-02-29  0.310233 -0.586657  2.235098 -0.135360 -0.138212  ...             0.056306                0.000000                 -0.026477                        0.032258                        0.000000

[233 rows x 28 columns]
2024-11-17 19:33:17,127 - my_logger - INFO -                CFNAI     NGDP1  CPIAUCSL      CPI1    Growth  ...  MSCI WORLD/INDUSTRL  MSCI WORLD REAL ESTATE  ISM Manufacturing PMI SA  US CPI Urban Consumers YoY NSA  Federal Funds Target Rate - Up
2004-10-31  0.440324 -0.249076  0.829350 -0.458396  0.095624  ...             0.017105                0.035133                 -0.019164                        0.280000                        0.000000
2004-11-30  0.020029 -0.213042  0.839871 -0.341355 -0.096507  ...             0.064366                0.073984                 -0.001776                        0.093750                        0.142857
2004-12-31  0.810584 -0.171887  0.839871 -0.026042  0.319349  ...             0.030030                0.050138                  0.017794                       -0.057143                        0.125000
2005-01-31  0.180141 -0.006927  0.838702  0.203004  0.086607  ...            -0.008192               -0.046460                 -0.006993                       -0.090909                        0.000000
2005-02-28  0.380282  0.161254  0.848054  0.118742  0.270768  ...             0.016439                0.020496                 -0.022887                        0.000000                        0.111111
...              ...       ...       ...       ...       ...  ...                  ...                     ...                       ...                             ...                             ...
2023-10-31 -0.600407  0.735563  2.193915  0.290099  0.067578  ...            -0.041802               -0.035619                 -0.034979                       -0.135135                        0.000000
2023-11-30  0.230176  0.131303  2.199678  0.250005  0.180740  ...             0.101848                0.000000                 -0.006397                       -0.031250                        0.000000
2023-12-31 -0.140084 -0.401207  2.208072  0.101464 -0.270645  ...             0.074830                0.000000                  0.010730                        0.096774                        0.000000
2024-01-31 -0.790541 -0.616885  2.219095 -0.063211 -0.703713  ...            -0.002013                0.000000                  0.042463                       -0.088235                        0.000000
2024-02-29  0.310233 -0.586657  2.235098 -0.135360 -0.138212  ...             0.056306                0.000000                 -0.026477                        0.032258                        0.000000

[233 rows x 28 columns]
2024-11-17 19:33:17,184 - my_logger - INFO -                CFNAI     NGDP1  CPIAUCSL      CPI1    Growth  ...  MSCI WORLD/INDUSTRL  MSCI WORLD REAL ESTATE  ISM Manufacturing PMI SA  US CPI Urban Consumers YoY NSA  Federal Funds Target Rate - Up
2004-10-31  0.440324 -0.249076  0.829350 -0.458396  0.095624  ...             0.017105                0.035133                 -0.019164                        0.280000                        0.000000
2004-11-30  0.020029 -0.213042  0.839871 -0.341355 -0.096507  ...             0.064366                0.073984                 -0.001776                        0.093750                        0.142857
2004-12-31  0.810584 -0.171887  0.839871 -0.026042  0.319349  ...             0.030030                0.050138                  0.017794                       -0.057143                        0.125000
2005-01-31  0.180141 -0.006927  0.838702  0.203004  0.086607  ...            -0.008192               -0.046460                 -0.006993                       -0.090909                        0.000000
2005-02-28  0.380282  0.161254  0.848054  0.118742  0.270768  ...             0.016439                0.020496                 -0.022887                        0.000000                        0.111111
...              ...       ...       ...       ...       ...  ...                  ...                     ...                       ...                             ...                             ...
2023-10-31 -0.600407  0.735563  2.193915  0.290099  0.067578  ...            -0.041802               -0.035619                 -0.034979                       -0.135135                        0.000000
2023-11-30  0.230176  0.131303  2.199678  0.250005  0.180740  ...             0.101848                0.000000                 -0.006397                       -0.031250                        0.000000
2023-12-31 -0.140084 -0.401207  2.208072  0.101464 -0.270645  ...             0.074830                0.000000                  0.010730                        0.096774                        0.000000
2024-01-31 -0.790541 -0.616885  2.219095 -0.063211 -0.703713  ...            -0.002013                0.000000                  0.042463                       -0.088235                        0.000000
2024-02-29  0.310233 -0.586657  2.235098 -0.135360 -0.138212  ...             0.056306                0.000000                 -0.026477                        0.032258                        0.000000

[233 rows x 28 columns]
2024-11-17 19:33:17,239 - my_logger - INFO -                CFNAI     NGDP1  CPIAUCSL      CPI1    Growth  ...  MSCI WORLD/INDUSTRL  MSCI WORLD REAL ESTATE  ISM Manufacturing PMI SA  US CPI Urban Consumers YoY NSA  Federal Funds Target Rate - Up
2004-10-31  0.440324 -0.249076  0.829350 -0.458396  0.095624  ...             0.017105                0.035133                 -0.019164                        0.280000                        0.000000
2004-11-30  0.020029 -0.213042  0.839871 -0.341355 -0.096507  ...             0.064366                0.073984                 -0.001776                        0.093750                        0.142857
2004-12-31  0.810584 -0.171887  0.839871 -0.026042  0.319349  ...             0.030030                0.050138                  0.017794                       -0.057143                        0.125000
2005-01-31  0.180141 -0.006927  0.838702  0.203004  0.086607  ...            -0.008192               -0.046460                 -0.006993                       -0.090909                        0.000000
2005-02-28  0.380282  0.161254  0.848054  0.118742  0.270768  ...             0.016439                0.020496                 -0.022887                        0.000000                        0.111111
...              ...       ...       ...       ...       ...  ...                  ...                     ...                       ...                             ...                             ...
2023-10-31 -0.600407  0.735563  2.193915  0.290099  0.067578  ...            -0.041802               -0.035619                 -0.034979                       -0.135135                        0.000000
2023-11-30  0.230176  0.131303  2.199678  0.250005  0.180740  ...             0.101848                0.000000                 -0.006397                       -0.031250                        0.000000
2023-12-31 -0.140084 -0.401207  2.208072  0.101464 -0.270645  ...             0.074830                0.000000                  0.010730                        0.096774                        0.000000
2024-01-31 -0.790541 -0.616885  2.219095 -0.063211 -0.703713  ...            -0.002013                0.000000                  0.042463                       -0.088235                        0.000000
2024-02-29  0.310233 -0.586657  2.235098 -0.135360 -0.138212  ...             0.056306                0.000000                 -0.026477                        0.032258                        0.000000

[233 rows x 28 columns]
2024-11-17 19:33:17,293 - my_logger - INFO -                CFNAI     NGDP1  CPIAUCSL      CPI1    Growth  ...  MSCI WORLD/INDUSTRL  MSCI WORLD REAL ESTATE  ISM Manufacturing PMI SA  US CPI Urban Consumers YoY NSA  Federal Funds Target Rate - Up
2004-10-31  0.440324 -0.249076  0.829350 -0.458396  0.095624  ...             0.017105                0.035133                 -0.019164                        0.280000                        0.000000
2004-11-30  0.020029 -0.213042  0.839871 -0.341355 -0.096507  ...             0.064366                0.073984                 -0.001776                        0.093750                        0.142857
2004-12-31  0.810584 -0.171887  0.839871 -0.026042  0.319349  ...             0.030030                0.050138                  0.017794                       -0.057143                        0.125000
2005-01-31  0.180141 -0.006927  0.838702  0.203004  0.086607  ...            -0.008192               -0.046460                 -0.006993                       -0.090909                        0.000000
2005-02-28  0.380282  0.161254  0.848054  0.118742  0.270768  ...             0.016439                0.020496                 -0.022887                        0.000000                        0.111111
...              ...       ...       ...       ...       ...  ...                  ...                     ...                       ...                             ...                             ...
2023-10-31 -0.600407  0.735563  2.193915  0.290099  0.067578  ...            -0.041802               -0.035619                 -0.034979                       -0.135135                        0.000000
2023-11-30  0.230176  0.131303  2.199678  0.250005  0.180740  ...             0.101848                0.000000                 -0.006397                       -0.031250                        0.000000
2023-12-31 -0.140084 -0.401207  2.208072  0.101464 -0.270645  ...             0.074830                0.000000                  0.010730                        0.096774                        0.000000
2024-01-31 -0.790541 -0.616885  2.219095 -0.063211 -0.703713  ...            -0.002013                0.000000                  0.042463                       -0.088235                        0.000000
2024-02-29  0.310233 -0.586657  2.235098 -0.135360 -0.138212  ...             0.056306                0.000000                 -0.026477                        0.032258                        0.000000

[233 rows x 28 columns]
2024-11-17 19:36:17,929 - my_logger - INFO -                CFNAI     NGDP1  CPIAUCSL      CPI1    Growth  ...  ISM Manufacturing PMI SA  US CPI Urban Consumers YoY NSA  Federal Funds Target Rate - Up  Growth_filtered  Inflation_filtered
2004-10-31  0.440324 -0.249076  0.829350 -0.458396  0.095624  ...                 -0.019164                        0.280000                        0.000000         0.146401            0.267670
2004-11-30  0.020029 -0.213042  0.839871 -0.341355 -0.096507  ...                 -0.001776                        0.093750                        0.142857         0.141136            0.308535
2004-12-31  0.810584 -0.171887  0.839871 -0.026042  0.319349  ...                  0.017794                       -0.057143                        0.125000         0.135871            0.349399
2005-01-31  0.180141 -0.006927  0.838702  0.203004  0.086607  ...                 -0.006993                       -0.090909                        0.000000         0.130605            0.390264
2005-02-28  0.380282  0.161254  0.848054  0.118742  0.270768  ...                 -0.022887                        0.000000                        0.111111         0.125340            0.431128
...              ...       ...       ...       ...       ...  ...                       ...                             ...                             ...              ...                 ...
2021-10-31  0.830598  0.490853  1.830397  1.612546  0.660726  ...                  0.000000                        0.148148                        0.000000         0.572091            1.891977
2021-11-30  0.750542  1.247916  1.858043  1.684907  0.999229  ...                  0.003306                        0.096774                        0.000000         0.599810            1.976081
2021-12-31  0.180141  1.435329  1.881528  1.989633  0.807735  ...                 -0.039539                        0.029412                        0.000000         0.627529            2.060184
2022-01-31 -0.100056  1.198108  1.900021  2.317317  0.549026  ...                 -0.015437                        0.071429                        0.000000         0.655249            2.144287
2022-02-28 -0.131623  1.007719  1.911218  2.572226  0.438048  ...                  0.000000                        0.000000                        0.000000         0.682968            2.228390

[209 rows x 30 columns]
2024-11-17 19:36:17,986 - my_logger - INFO -                CFNAI     NGDP1  CPIAUCSL      CPI1    Growth  ...  MSCI WORLD/INDUSTRL  MSCI WORLD REAL ESTATE  ISM Manufacturing PMI SA  US CPI Urban Consumers YoY NSA  Federal Funds Target Rate - Up
2004-10-31  0.440324 -0.249076  0.829350 -0.458396  0.095624  ...             0.017105                0.035133                 -0.019164                        0.280000                        0.000000
2004-11-30  0.020029 -0.213042  0.839871 -0.341355 -0.096507  ...             0.064366                0.073984                 -0.001776                        0.093750                        0.142857
2004-12-31  0.810584 -0.171887  0.839871 -0.026042  0.319349  ...             0.030030                0.050138                  0.017794                       -0.057143                        0.125000
2005-01-31  0.180141 -0.006927  0.838702  0.203004  0.086607  ...            -0.008192               -0.046460                 -0.006993                       -0.090909                        0.000000
2005-02-28  0.380282  0.161254  0.848054  0.118742  0.270768  ...             0.016439                0.020496                 -0.022887                        0.000000                        0.111111
...              ...       ...       ...       ...       ...  ...                  ...                     ...                       ...                             ...                             ...
2021-10-31  0.830598  0.490853  1.830397  1.612546  0.660726  ...             0.045593                0.056201                  0.000000                        0.148148                        0.000000
2021-11-30  0.750542  1.247916  1.858043  1.684907  0.999229  ...            -0.041096               -0.029587                  0.003306                        0.096774                        0.000000
2021-12-31  0.180141  1.435329  1.881528  1.989633  0.807735  ...             0.053744                0.075345                 -0.039539                        0.029412                        0.000000
2022-01-31 -0.100056  1.198108  1.900021  2.317317  0.549026  ...            -0.067900               -0.070845                 -0.015437                        0.071429                        0.000000
2022-02-28  0.590429  0.456331  1.925096  2.489322  0.523380  ...            -0.018127               -0.036706                  0.015679                        0.053333                        0.000000

[209 rows x 28 columns]
2024-11-17 19:36:18,046 - my_logger - INFO -                CFNAI     NGDP1  CPIAUCSL      CPI1    Growth  ...  MSCI WORLD/INDUSTRL  MSCI WORLD REAL ESTATE  ISM Manufacturing PMI SA  US CPI Urban Consumers YoY NSA  Federal Funds Target Rate - Up
2004-10-31  0.440324 -0.249076  0.829350 -0.458396  0.095624  ...             0.017105                0.035133                 -0.019164                        0.280000                        0.000000
2004-11-30  0.020029 -0.213042  0.839871 -0.341355 -0.096507  ...             0.064366                0.073984                 -0.001776                        0.093750                        0.142857
2004-12-31  0.810584 -0.171887  0.839871 -0.026042  0.319349  ...             0.030030                0.050138                  0.017794                       -0.057143                        0.125000
2005-01-31  0.180141 -0.006927  0.838702  0.203004  0.086607  ...            -0.008192               -0.046460                 -0.006993                       -0.090909                        0.000000
2005-02-28  0.380282  0.161254  0.848054  0.118742  0.270768  ...             0.016439                0.020496                 -0.022887                        0.000000                        0.111111
...              ...       ...       ...       ...       ...  ...                  ...                     ...                       ...                             ...                             ...
2021-11-30  0.750542  1.247916  1.858043  1.684907  0.999229  ...            -0.041096               -0.029587                  0.003306                        0.096774                        0.000000
2021-12-31  0.180141  1.435329  1.881528  1.989633  0.807735  ...             0.053744                0.075345                 -0.039539                        0.029412                        0.000000
2022-01-31 -0.100056  1.198108  1.900021  2.317317  0.549026  ...            -0.067900               -0.070845                 -0.015437                        0.071429                        0.000000
2022-02-28  0.590429  0.456331  1.925096  2.489322  0.523380  ...            -0.018127               -0.036706                  0.015679                        0.053333                        0.000000
2022-03-31  0.450331 -0.149189  1.960376  2.582232  0.150571  ...             0.020146                0.046314                 -0.017153                        0.075949                        1.000000

[210 rows x 28 columns]
2024-11-17 19:36:18,110 - my_logger - INFO -                CFNAI     NGDP1  CPIAUCSL      CPI1    Growth  ...  MSCI WORLD/INDUSTRL  MSCI WORLD REAL ESTATE  ISM Manufacturing PMI SA  US CPI Urban Consumers YoY NSA  Federal Funds Target Rate - Up
2004-10-31  0.440324 -0.249076  0.829350 -0.458396  0.095624  ...             0.017105                0.035133                 -0.019164                        0.280000                        0.000000
2004-11-30  0.020029 -0.213042  0.839871 -0.341355 -0.096507  ...             0.064366                0.073984                 -0.001776                        0.093750                        0.142857
2004-12-31  0.810584 -0.171887  0.839871 -0.026042  0.319349  ...             0.030030                0.050138                  0.017794                       -0.057143                        0.125000
2005-01-31  0.180141 -0.006927  0.838702  0.203004  0.086607  ...            -0.008192               -0.046460                 -0.006993                       -0.090909                        0.000000
2005-02-28  0.380282  0.161254  0.848054  0.118742  0.270768  ...             0.016439                0.020496                 -0.022887                        0.000000                        0.111111
...              ...       ...       ...       ...       ...  ...                  ...                     ...                       ...                             ...                             ...
2021-12-31  0.180141  1.435329  1.881528  1.989633  0.807735  ...             0.053744                0.075345                 -0.039539                        0.029412                        0.000000
2022-01-31 -0.100056  1.198108  1.900021  2.317317  0.549026  ...            -0.067900               -0.070845                 -0.015437                        0.071429                        0.000000
2022-02-28  0.590429  0.456331  1.925096  2.489322  0.523380  ...            -0.018127               -0.036706                  0.015679                        0.053333                        0.000000
2022-03-31  0.450331 -0.149189  1.960376  2.582232  0.150571  ...             0.020146                0.046314                 -0.017153                        0.075949                        1.000000
2022-04-30  0.040043 -0.220494  1.974532  2.756621 -0.090226  ...            -0.085657               -0.041569                 -0.029668                       -0.023529                        0.000000

[211 rows x 28 columns]
2024-11-17 19:36:18,171 - my_logger - INFO -                CFNAI     NGDP1  CPIAUCSL      CPI1    Growth  ...  MSCI WORLD/INDUSTRL  MSCI WORLD REAL ESTATE  ISM Manufacturing PMI SA  US CPI Urban Consumers YoY NSA  Federal Funds Target Rate - Up
2004-10-31  0.440324 -0.249076  0.829350 -0.458396  0.095624  ...             0.017105                0.035133                 -0.019164                        0.280000                        0.000000
2004-11-30  0.020029 -0.213042  0.839871 -0.341355 -0.096507  ...             0.064366                0.073984                 -0.001776                        0.093750                        0.142857
2004-12-31  0.810584 -0.171887  0.839871 -0.026042  0.319349  ...             0.030030                0.050138                  0.017794                       -0.057143                        0.125000
2005-01-31  0.180141 -0.006927  0.838702  0.203004  0.086607  ...            -0.008192               -0.046460                 -0.006993                       -0.090909                        0.000000
2005-02-28  0.380282  0.161254  0.848054  0.118742  0.270768  ...             0.016439                0.020496                 -0.022887                        0.000000                        0.111111
...              ...       ...       ...       ...       ...  ...                  ...                     ...                       ...                             ...                             ...
2022-01-31 -0.100056  1.198108  1.900021  2.317317  0.549026  ...            -0.067900               -0.070845                 -0.015437                        0.071429                        0.000000
2022-02-28  0.590429  0.456331  1.925096  2.489322  0.523380  ...            -0.018127               -0.036706                  0.015679                        0.053333                        0.000000
2022-03-31  0.450331 -0.149189  1.960376  2.582232  0.150571  ...             0.020146                0.046314                 -0.017153                        0.075949                        1.000000
2022-04-30  0.040043 -0.220494  1.974532  2.756621 -0.090226  ...            -0.085657               -0.041569                 -0.029668                       -0.023529                        0.000000
2022-05-31 -0.360239 -0.122550  2.004867  3.071794 -0.241394  ...            -0.008191               -0.040519                  0.008993                        0.036145                        1.000000

[212 rows x 28 columns]
2024-11-17 19:36:18,230 - my_logger - INFO -                CFNAI     NGDP1  CPIAUCSL      CPI1    Growth  ...  MSCI WORLD/INDUSTRL  MSCI WORLD REAL ESTATE  ISM Manufacturing PMI SA  US CPI Urban Consumers YoY NSA  Federal Funds Target Rate - Up
2004-10-31  0.440324 -0.249076  0.829350 -0.458396  0.095624  ...             0.017105                0.035133                 -0.019164                        0.280000                        0.000000
2004-11-30  0.020029 -0.213042  0.839871 -0.341355 -0.096507  ...             0.064366                0.073984                 -0.001776                        0.093750                        0.142857
2004-12-31  0.810584 -0.171887  0.839871 -0.026042  0.319349  ...             0.030030                0.050138                  0.017794                       -0.057143                        0.125000
2005-01-31  0.180141 -0.006927  0.838702  0.203004  0.086607  ...            -0.008192               -0.046460                 -0.006993                       -0.090909                        0.000000
2005-02-28  0.380282  0.161254  0.848054  0.118742  0.270768  ...             0.016439                0.020496                 -0.022887                        0.000000                        0.111111
...              ...       ...       ...       ...       ...  ...                  ...                     ...                       ...                             ...                             ...
2022-02-28  0.590429  0.456331  1.925096  2.489322  0.523380  ...            -0.018127               -0.036706                  0.015679                        0.053333                        0.000000
2022-03-31  0.450331 -0.149189  1.960376  2.582232  0.150571  ...             0.020146                0.046314                 -0.017153                        0.075949                        1.000000
2022-04-30  0.040043 -0.220494  1.974532  2.756621 -0.090226  ...            -0.085657               -0.041569                 -0.029668                       -0.023529                        0.000000
2022-05-31 -0.360239 -0.122550  2.004867  3.071794 -0.241394  ...            -0.008191               -0.040519                  0.008993                        0.036145                        1.000000
2022-06-30 -0.240154  0.211741  2.047383  3.353878 -0.014206  ...            -0.085859               -0.079548                 -0.048128                        0.058140                        0.750000

[213 rows x 28 columns]
2024-11-17 19:36:19,190 - my_logger - INFO -                CFNAI     NGDP1  CPIAUCSL      CPI1    Growth  ...  ISM Manufacturing PMI SA  US CPI Urban Consumers YoY NSA  Federal Funds Target Rate - Up  Growth_filtered  Inflation_filtered
2004-10-31  0.440324 -0.249076  0.829350 -0.458396  0.095624  ...                 -0.019164                        0.280000                        0.000000         0.146401            0.267670
2004-11-30  0.020029 -0.213042  0.839871 -0.341355 -0.096507  ...                 -0.001776                        0.093750                        0.142857         0.141136            0.308535
2004-12-31  0.810584 -0.171887  0.839871 -0.026042  0.319349  ...                  0.017794                       -0.057143                        0.125000         0.135870            0.349399
2005-01-31  0.180141 -0.006927  0.838702  0.203004  0.086607  ...                 -0.006993                       -0.090909                        0.000000         0.130605            0.390264
2005-02-28  0.380282  0.161254  0.848054  0.118742  0.270768  ...                 -0.022887                        0.000000                        0.111111         0.125340            0.431128
...              ...       ...       ...       ...       ...  ...                       ...                             ...                             ...              ...                 ...
2022-04-30  0.040043 -0.220494  1.974532  2.756621 -0.090226  ...                 -0.029668                       -0.023529                        0.000000         0.293501            2.397346
2022-05-31 -0.360239 -0.122550  2.004867  3.071794 -0.241394  ...                  0.008993                        0.036145                        1.000000         0.243691            2.481641
2022-06-30 -0.240154  0.211741  2.047383  3.353878 -0.014206  ...                 -0.048128                        0.058140                        0.750000         0.193880            2.565936
2022-07-31  0.200155  0.591889  2.047161  3.330178  0.396022  ...                 -0.011236                       -0.065934                        0.428571         0.144070            2.650232
2022-08-31 -0.076624  0.811026  2.043825  3.171564  0.367201  ...                  0.000000                        0.000000                        0.000000         0.094260            2.734527

[215 rows x 30 columns]
2024-11-17 19:36:19,246 - my_logger - INFO -                CFNAI     NGDP1  CPIAUCSL      CPI1    Growth  ...  MSCI WORLD/INDUSTRL  MSCI WORLD REAL ESTATE  ISM Manufacturing PMI SA  US CPI Urban Consumers YoY NSA  Federal Funds Target Rate - Up
2004-10-31  0.440324 -0.249076  0.829350 -0.458396  0.095624  ...             0.017105                0.035133                 -0.019164                        0.280000                        0.000000
2004-11-30  0.020029 -0.213042  0.839871 -0.341355 -0.096507  ...             0.064366                0.073984                 -0.001776                        0.093750                        0.142857
2004-12-31  0.810584 -0.171887  0.839871 -0.026042  0.319349  ...             0.030030                0.050138                  0.017794                       -0.057143                        0.125000
2005-01-31  0.180141 -0.006927  0.838702  0.203004  0.086607  ...            -0.008192               -0.046460                 -0.006993                       -0.090909                        0.000000
2005-02-28  0.380282  0.161254  0.848054  0.118742  0.270768  ...             0.016439                0.020496                 -0.022887                        0.000000                        0.111111
...              ...       ...       ...       ...       ...  ...                  ...                     ...                       ...                             ...                             ...
2022-04-30  0.040043 -0.220494  1.974532  2.756621 -0.090226  ...            -0.085657               -0.041569                 -0.029668                       -0.023529                        0.000000
2022-05-31 -0.360239 -0.122550  2.004867  3.071794 -0.241394  ...            -0.008191               -0.040519                  0.008993                        0.036145                        1.000000
2022-06-30 -0.240154  0.211741  2.047383  3.353878 -0.014206  ...            -0.085859               -0.079548                 -0.048128                        0.058140                        0.750000
2022-07-31  0.200155  0.591889  2.047161  3.330178  0.396022  ...             0.094771                0.075702                 -0.011236                       -0.065934                        0.428571
2022-08-31  0.180141  1.119313  2.049873  2.825112  0.649727  ...            -0.042307               -0.061018                  0.000000                       -0.023529                        0.000000

[215 rows x 28 columns]
2024-11-17 19:36:19,302 - my_logger - INFO -                CFNAI     NGDP1  CPIAUCSL      CPI1    Growth  ...  MSCI WORLD/INDUSTRL  MSCI WORLD REAL ESTATE  ISM Manufacturing PMI SA  US CPI Urban Consumers YoY NSA  Federal Funds Target Rate - Up
2004-10-31  0.440324 -0.249076  0.829350 -0.458396  0.095624  ...             0.017105                0.035133                 -0.019164                        0.280000                        0.000000
2004-11-30  0.020029 -0.213042  0.839871 -0.341355 -0.096507  ...             0.064366                0.073984                 -0.001776                        0.093750                        0.142857
2004-12-31  0.810584 -0.171887  0.839871 -0.026042  0.319349  ...             0.030030                0.050138                  0.017794                       -0.057143                        0.125000
2005-01-31  0.180141 -0.006927  0.838702  0.203004  0.086607  ...            -0.008192               -0.046460                 -0.006993                       -0.090909                        0.000000
2005-02-28  0.380282  0.161254  0.848054  0.118742  0.270768  ...             0.016439                0.020496                 -0.022887                        0.000000                        0.111111
...              ...       ...       ...       ...       ...  ...                  ...                     ...                       ...                             ...                             ...
2022-05-31 -0.360239 -0.122550  2.004867  3.071794 -0.241394  ...            -0.008191               -0.040519                  0.008993                        0.036145                        1.000000
2022-06-30 -0.240154  0.211741  2.047383  3.353878 -0.014206  ...            -0.085859               -0.079548                 -0.048128                        0.058140                        0.750000
2022-07-31  0.200155  0.591889  2.047161  3.330178  0.396022  ...             0.094771                0.075702                 -0.011236                       -0.065934                        0.428571
2022-08-31  0.180141  1.119313  2.049873  2.825112  0.649727  ...            -0.042307               -0.061018                  0.000000                       -0.023529                        0.000000
2022-09-30  0.070064  1.271475  2.063106  2.019198  0.670769  ...            -0.104882               -0.131958                 -0.037879                       -0.012048                        0.300000

[216 rows x 28 columns]
2024-11-17 19:36:19,361 - my_logger - INFO -                CFNAI     NGDP1  CPIAUCSL      CPI1    Growth  ...  MSCI WORLD/INDUSTRL  MSCI WORLD REAL ESTATE  ISM Manufacturing PMI SA  US CPI Urban Consumers YoY NSA  Federal Funds Target Rate - Up
2004-10-31  0.440324 -0.249076  0.829350 -0.458396  0.095624  ...             0.017105                0.035133                 -0.019164                        0.280000                        0.000000
2004-11-30  0.020029 -0.213042  0.839871 -0.341355 -0.096507  ...             0.064366                0.073984                 -0.001776                        0.093750                        0.142857
2004-12-31  0.810584 -0.171887  0.839871 -0.026042  0.319349  ...             0.030030                0.050138                  0.017794                       -0.057143                        0.125000
2005-01-31  0.180141 -0.006927  0.838702  0.203004  0.086607  ...            -0.008192               -0.046460                 -0.006993                       -0.090909                        0.000000
2005-02-28  0.380282  0.161254  0.848054  0.118742  0.270768  ...             0.016439                0.020496                 -0.022887                        0.000000                        0.111111
...              ...       ...       ...       ...       ...  ...                  ...                     ...                       ...                             ...                             ...
2022-06-30 -0.240154  0.211741  2.047383  3.353878 -0.014206  ...            -0.085859               -0.079548                 -0.048128                        0.058140                        0.750000
2022-07-31  0.200155  0.591889  2.047161  3.330178  0.396022  ...             0.094771                0.075702                 -0.011236                       -0.065934                        0.428571
2022-08-31  0.180141  1.119313  2.049873  2.825112  0.649727  ...            -0.042307               -0.061018                  0.000000                       -0.023529                        0.000000
2022-09-30  0.070064  1.271475  2.063106  2.019198  0.670769  ...            -0.104882               -0.131958                 -0.037879                       -0.012048                        0.300000
2022-10-31 -0.080042  0.959243  2.080898  1.214720  0.439601  ...             0.103261                0.011106                 -0.015748                       -0.060976                        0.000000

[217 rows x 28 columns]
2024-11-17 19:36:19,415 - my_logger - INFO -                CFNAI     NGDP1  CPIAUCSL      CPI1    Growth  ...  MSCI WORLD/INDUSTRL  MSCI WORLD REAL ESTATE  ISM Manufacturing PMI SA  US CPI Urban Consumers YoY NSA  Federal Funds Target Rate - Up
2004-10-31  0.440324 -0.249076  0.829350 -0.458396  0.095624  ...             0.017105                0.035133                 -0.019164                        0.280000                        0.000000
2004-11-30  0.020029 -0.213042  0.839871 -0.341355 -0.096507  ...             0.064366                0.073984                 -0.001776                        0.093750                        0.142857
2004-12-31  0.810584 -0.171887  0.839871 -0.026042  0.319349  ...             0.030030                0.050138                  0.017794                       -0.057143                        0.125000
2005-01-31  0.180141 -0.006927  0.838702  0.203004  0.086607  ...            -0.008192               -0.046460                 -0.006993                       -0.090909                        0.000000
2005-02-28  0.380282  0.161254  0.848054  0.118742  0.270768  ...             0.016439                0.020496                 -0.022887                        0.000000                        0.111111
...              ...       ...       ...       ...       ...  ...                  ...                     ...                       ...                             ...                             ...
2022-07-31  0.200155  0.591889  2.047161  3.330178  0.396022  ...             0.094771                0.075702                 -0.011236                       -0.065934                        0.428571
2022-08-31  0.180141  1.119313  2.049873  2.825112  0.649727  ...            -0.042307               -0.061018                  0.000000                       -0.023529                        0.000000
2022-09-30  0.070064  1.271475  2.063106  2.019198  0.670769  ...            -0.104882               -0.131958                 -0.037879                       -0.012048                        0.300000
2022-10-31 -0.080042  0.959243  2.080898  1.214720  0.439601  ...             0.103261                0.011106                 -0.015748                       -0.060976                        0.000000
2022-11-30 -0.560379  0.506056  2.090075  0.582874 -0.027162  ...             0.088575                0.077102                 -0.022000                       -0.077922                        0.230769

[218 rows x 28 columns]
2024-11-17 19:36:19,471 - my_logger - INFO -                CFNAI     NGDP1  CPIAUCSL      CPI1    Growth  ...  MSCI WORLD/INDUSTRL  MSCI WORLD REAL ESTATE  ISM Manufacturing PMI SA  US CPI Urban Consumers YoY NSA  Federal Funds Target Rate - Up
2004-10-31  0.440324 -0.249076  0.829350 -0.458396  0.095624  ...             0.017105                0.035133                 -0.019164                        0.280000                        0.000000
2004-11-30  0.020029 -0.213042  0.839871 -0.341355 -0.096507  ...             0.064366                0.073984                 -0.001776                        0.093750                        0.142857
2004-12-31  0.810584 -0.171887  0.839871 -0.026042  0.319349  ...             0.030030                0.050138                  0.017794                       -0.057143                        0.125000
2005-01-31  0.180141 -0.006927  0.838702  0.203004  0.086607  ...            -0.008192               -0.046460                 -0.006993                       -0.090909                        0.000000
2005-02-28  0.380282  0.161254  0.848054  0.118742  0.270768  ...             0.016439                0.020496                 -0.022887                        0.000000                        0.111111
...              ...       ...       ...       ...       ...  ...                  ...                     ...                       ...                             ...                             ...
2022-08-31  0.180141  1.119313  2.049873  2.825112  0.649727  ...            -0.042307               -0.061018                  0.000000                       -0.023529                        0.000000
2022-09-30  0.070064  1.271475  2.063106  2.019198  0.670769  ...            -0.104882               -0.131958                 -0.037879                       -0.012048                        0.300000
2022-10-31 -0.080042  0.959243  2.080898  1.214720  0.439601  ...             0.103261                0.011106                 -0.015748                       -0.060976                        0.000000
2022-11-30 -0.560379  0.506056  2.090075  0.582874 -0.027162  ...             0.088575                0.077102                 -0.022000                       -0.077922                        0.230769
2022-12-31 -0.530358  0.067927  2.091992  0.209012 -0.231215  ...            -0.021135               -0.036870                 -0.016360                       -0.084507                        0.125000

[219 rows x 28 columns]
2024-11-17 19:36:20,519 - my_logger - INFO -                CFNAI     NGDP1  CPIAUCSL      CPI1    Growth  ...  ISM Manufacturing PMI SA  US CPI Urban Consumers YoY NSA  Federal Funds Target Rate - Up  Growth_filtered  Inflation_filtered
2004-10-31  0.440324 -0.249076  0.829350 -0.458396  0.095624  ...                 -0.019164                        0.280000                        0.000000         0.146401            0.267670
2004-11-30  0.020029 -0.213042  0.839871 -0.341355 -0.096507  ...                 -0.001776                        0.093750                        0.142857         0.141136            0.308535
2004-12-31  0.810584 -0.171887  0.839871 -0.026042  0.319349  ...                  0.017794                       -0.057143                        0.125000         0.135870            0.349399
2005-01-31  0.180141 -0.006927  0.838702  0.203004  0.086607  ...                 -0.006993                       -0.090909                        0.000000         0.130605            0.390264
2005-02-28  0.380282  0.161254  0.848054  0.118742  0.270768  ...                 -0.022887                        0.000000                        0.111111         0.125340            0.431128
...              ...       ...       ...       ...       ...  ...                       ...                             ...                             ...              ...                 ...
2022-10-31 -0.080042  0.959243  2.080898  1.214720  0.439601  ...                 -0.015748                       -0.060976                        0.000000         0.168070            1.788866
2022-11-30 -0.560379  0.506056  2.090075  0.582874 -0.027162  ...                 -0.022000                       -0.077922                        0.230769         0.136248            1.578549
2022-12-31 -0.530358  0.067927  2.091992  0.209012 -0.231215  ...                 -0.016360                       -0.084507                        0.125000         0.104426            1.368232
2023-01-31  0.450331 -0.084287  2.110041  0.071438  0.183022  ...                 -0.014553                       -0.015385                        0.000000         0.072604            1.157915
2023-02-28 -0.034651 -0.074868  2.123196  0.030449 -0.054759  ...                  0.000000                        0.000000                        0.000000         0.040782            0.947597

[221 rows x 30 columns]
2024-11-17 19:36:20,575 - my_logger - INFO -                CFNAI     NGDP1  CPIAUCSL      CPI1    Growth  ...  MSCI WORLD/INDUSTRL  MSCI WORLD REAL ESTATE  ISM Manufacturing PMI SA  US CPI Urban Consumers YoY NSA  Federal Funds Target Rate - Up
2004-10-31  0.440324 -0.249076  0.829350 -0.458396  0.095624  ...             0.017105                0.035133                 -0.019164                        0.280000                        0.000000
2004-11-30  0.020029 -0.213042  0.839871 -0.341355 -0.096507  ...             0.064366                0.073984                 -0.001776                        0.093750                        0.142857
2004-12-31  0.810584 -0.171887  0.839871 -0.026042  0.319349  ...             0.030030                0.050138                  0.017794                       -0.057143                        0.125000
2005-01-31  0.180141 -0.006927  0.838702  0.203004  0.086607  ...            -0.008192               -0.046460                 -0.006993                       -0.090909                        0.000000
2005-02-28  0.380282  0.161254  0.848054  0.118742  0.270768  ...             0.016439                0.020496                 -0.022887                        0.000000                        0.111111
...              ...       ...       ...       ...       ...  ...                  ...                     ...                       ...                             ...                             ...
2022-10-31 -0.080042  0.959243  2.080898  1.214720  0.439601  ...             0.103261                0.011106                 -0.015748                       -0.060976                        0.000000
2022-11-30 -0.560379  0.506056  2.090075  0.582874 -0.027162  ...             0.088575                0.077102                 -0.022000                       -0.077922                        0.230769
2022-12-31 -0.530358  0.067927  2.091992  0.209012 -0.231215  ...            -0.021135               -0.036870                 -0.016360                       -0.084507                        0.125000
2023-01-31  0.450331 -0.084287  2.110041  0.071438  0.183022  ...             0.057723                0.091835                 -0.014553                       -0.015385                        0.000000
2023-02-28 -0.280182 -0.114443  2.123519  0.159102 -0.197313  ...            -0.009480               -0.058187                  0.006329                       -0.062500                        0.055556

[221 rows x 28 columns]
2024-11-17 19:36:20,630 - my_logger - INFO -                CFNAI     NGDP1  CPIAUCSL      CPI1    Growth  ...  MSCI WORLD/INDUSTRL  MSCI WORLD REAL ESTATE  ISM Manufacturing PMI SA  US CPI Urban Consumers YoY NSA  Federal Funds Target Rate - Up
2004-10-31  0.440324 -0.249076  0.829350 -0.458396  0.095624  ...             0.017105                0.035133                 -0.019164                        0.280000                        0.000000
2004-11-30  0.020029 -0.213042  0.839871 -0.341355 -0.096507  ...             0.064366                0.073984                 -0.001776                        0.093750                        0.142857
2004-12-31  0.810584 -0.171887  0.839871 -0.026042  0.319349  ...             0.030030                0.050138                  0.017794                       -0.057143                        0.125000
2005-01-31  0.180141 -0.006927  0.838702  0.203004  0.086607  ...            -0.008192               -0.046460                 -0.006993                       -0.090909                        0.000000
2005-02-28  0.380282  0.161254  0.848054  0.118742  0.270768  ...             0.016439                0.020496                 -0.022887                        0.000000                        0.111111
...              ...       ...       ...       ...       ...  ...                  ...                     ...                       ...                             ...                             ...
2022-11-30 -0.560379  0.506056  2.090075  0.582874 -0.027162  ...             0.088575                0.077102                 -0.022000                       -0.077922                        0.230769
2022-12-31 -0.530358  0.067927  2.091992  0.209012 -0.231215  ...            -0.021135               -0.036870                 -0.016360                       -0.084507                        0.125000
2023-01-31  0.450331 -0.084287  2.110041  0.071438  0.183022  ...             0.057723                0.091835                 -0.014553                       -0.015385                        0.000000
2023-02-28 -0.280182 -0.114443  2.123519  0.159102 -0.197313  ...            -0.009480               -0.058187                  0.006329                       -0.062500                        0.055556
2023-03-31 -0.540365 -0.245498  2.126266  0.307109 -0.392931  ...             0.017387               -0.027921                 -0.025157                       -0.166667                        0.052632

[222 rows x 28 columns]
2024-11-17 19:36:20,688 - my_logger - INFO -                CFNAI     NGDP1  CPIAUCSL      CPI1    Growth  ...  MSCI WORLD/INDUSTRL  MSCI WORLD REAL ESTATE  ISM Manufacturing PMI SA  US CPI Urban Consumers YoY NSA  Federal Funds Target Rate - Up
2004-10-31  0.440324 -0.249076  0.829350 -0.458396  0.095624  ...             0.017105                0.035133                 -0.019164                        0.280000                        0.000000
2004-11-30  0.020029 -0.213042  0.839871 -0.341355 -0.096507  ...             0.064366                0.073984                 -0.001776                        0.093750                        0.142857
2004-12-31  0.810584 -0.171887  0.839871 -0.026042  0.319349  ...             0.030030                0.050138                  0.017794                       -0.057143                        0.125000
2005-01-31  0.180141 -0.006927  0.838702  0.203004  0.086607  ...            -0.008192               -0.046460                 -0.006993                       -0.090909                        0.000000
2005-02-28  0.380282  0.161254  0.848054  0.118742  0.270768  ...             0.016439                0.020496                 -0.022887                        0.000000                        0.111111
...              ...       ...       ...       ...       ...  ...                  ...                     ...                       ...                             ...                             ...
2022-12-31 -0.530358  0.067927  2.091992  0.209012 -0.231215  ...            -0.021135               -0.036870                 -0.016360                       -0.084507                        0.125000
2023-01-31  0.450331 -0.084287  2.110041  0.071438  0.183022  ...             0.057723                0.091835                 -0.014553                       -0.015385                        0.000000
2023-02-28 -0.280182 -0.114443  2.123519  0.159102 -0.197313  ...            -0.009480               -0.058187                  0.006329                       -0.062500                        0.055556
2023-03-31 -0.540365 -0.245498  2.126266  0.307109 -0.392931  ...             0.017387               -0.027921                 -0.025157                       -0.166667                        0.052632
2023-04-30  0.100085 -0.257747  2.141323  0.379659 -0.078831  ...             0.004672                0.016093                  0.010753                       -0.020000                        0.000000

[223 rows x 28 columns]
2024-11-17 19:36:20,747 - my_logger - INFO -                CFNAI     NGDP1  CPIAUCSL      CPI1    Growth  ...  MSCI WORLD/INDUSTRL  MSCI WORLD REAL ESTATE  ISM Manufacturing PMI SA  US CPI Urban Consumers YoY NSA  Federal Funds Target Rate - Up
2004-10-31  0.440324 -0.249076  0.829350 -0.458396  0.095624  ...             0.017105                0.035133                 -0.019164                        0.280000                        0.000000
2004-11-30  0.020029 -0.213042  0.839871 -0.341355 -0.096507  ...             0.064366                0.073984                 -0.001776                        0.093750                        0.142857
2004-12-31  0.810584 -0.171887  0.839871 -0.026042  0.319349  ...             0.030030                0.050138                  0.017794                       -0.057143                        0.125000
2005-01-31  0.180141 -0.006927  0.838702  0.203004  0.086607  ...            -0.008192               -0.046460                 -0.006993                       -0.090909                        0.000000
2005-02-28  0.380282  0.161254  0.848054  0.118742  0.270768  ...             0.016439                0.020496                 -0.022887                        0.000000                        0.111111
...              ...       ...       ...       ...       ...  ...                  ...                     ...                       ...                             ...                             ...
2023-01-31  0.450331 -0.084287  2.110041  0.071438  0.183022  ...             0.057723                0.091835                 -0.014553                       -0.015385                        0.000000
2023-02-28 -0.280182 -0.114443  2.123519  0.159102 -0.197313  ...            -0.009480               -0.058187                  0.006329                       -0.062500                        0.055556
2023-03-31 -0.540365 -0.245498  2.126266  0.307109 -0.392931  ...             0.017387               -0.027921                 -0.025157                       -0.166667                        0.052632
2023-04-30  0.100085 -0.257747  2.141323  0.379659 -0.078831  ...             0.004672                0.016093                  0.010753                       -0.020000                        0.000000
2023-05-31 -0.170105 -0.380881  2.145215  0.248346 -0.275493  ...            -0.030087               -0.053178                 -0.008511                       -0.183673                        0.050000

[224 rows x 28 columns]
2024-11-17 19:36:20,806 - my_logger - INFO -                CFNAI     NGDP1  CPIAUCSL      CPI1    Growth  ...  MSCI WORLD/INDUSTRL  MSCI WORLD REAL ESTATE  ISM Manufacturing PMI SA  US CPI Urban Consumers YoY NSA  Federal Funds Target Rate - Up
2004-10-31  0.440324 -0.249076  0.829350 -0.458396  0.095624  ...             0.017105                0.035133                 -0.019164                        0.280000                        0.000000
2004-11-30  0.020029 -0.213042  0.839871 -0.341355 -0.096507  ...             0.064366                0.073984                 -0.001776                        0.093750                        0.142857
2004-12-31  0.810584 -0.171887  0.839871 -0.026042  0.319349  ...             0.030030                0.050138                  0.017794                       -0.057143                        0.125000
2005-01-31  0.180141 -0.006927  0.838702  0.203004  0.086607  ...            -0.008192               -0.046460                 -0.006993                       -0.090909                        0.000000
2005-02-28  0.380282  0.161254  0.848054  0.118742  0.270768  ...             0.016439                0.020496                 -0.022887                        0.000000                        0.111111
...              ...       ...       ...       ...       ...  ...                  ...                     ...                       ...                             ...                             ...
2023-02-28 -0.280182 -0.114443  2.123519  0.159102 -0.197313  ...            -0.009480               -0.058187                  0.006329                       -0.062500                        0.055556
2023-03-31 -0.540365 -0.245498  2.126266  0.307109 -0.392931  ...             0.017387               -0.027921                 -0.025157                       -0.166667                        0.052632
2023-04-30  0.100085 -0.257747  2.141323  0.379659 -0.078831  ...             0.004672                0.016093                  0.010753                       -0.020000                        0.000000
2023-05-31 -0.170105 -0.380881  2.145215  0.248346 -0.275493  ...            -0.030087               -0.053178                 -0.008511                       -0.183673                        0.050000
2023-06-30 -0.400267 -0.207139  2.152674  0.024199 -0.303703  ...             0.088332                0.034090                 -0.004292                       -0.250000                        0.000000

[225 rows x 28 columns]
2024-11-17 19:36:21,943 - my_logger - INFO -                CFNAI     NGDP1  CPIAUCSL      CPI1    Growth  ...  ISM Manufacturing PMI SA  US CPI Urban Consumers YoY NSA  Federal Funds Target Rate - Up  Growth_filtered  Inflation_filtered
2004-10-31  0.440324 -0.249076  0.829350 -0.458396  0.095624  ...                 -0.019164                        0.280000                        0.000000         0.146401            0.267670
2004-11-30  0.020029 -0.213042  0.839871 -0.341355 -0.096507  ...                 -0.001776                        0.093750                        0.142857         0.141136            0.308535
2004-12-31  0.810584 -0.171887  0.839871 -0.026042  0.319349  ...                  0.017794                       -0.057143                        0.125000         0.135871            0.349399
2005-01-31  0.180141 -0.006927  0.838702  0.203004  0.086607  ...                 -0.006993                       -0.090909                        0.000000         0.130605            0.390264
2005-02-28  0.380282  0.161254  0.848054  0.118742  0.270768  ...                 -0.022887                        0.000000                        0.111111         0.125340            0.431128
...              ...       ...       ...       ...       ...  ...                       ...                             ...                             ...              ...                 ...
2023-04-30  0.100085 -0.257747  2.141323  0.379659 -0.078831  ...                  0.010753                       -0.020000                        0.000000        -0.053924            1.157269
2023-05-31 -0.170105 -0.380881  2.145215  0.248346 -0.275493  ...                 -0.008511                       -0.183673                        0.050000        -0.070436            1.097758
2023-06-30 -0.400267 -0.207139  2.152674  0.024199 -0.303703  ...                 -0.004292                       -0.250000                        0.000000        -0.086948            1.038247
2023-07-31  0.190148  0.209223  2.159980 -0.104953  0.199686  ...                  0.002155                        0.066667                        0.047619        -0.103460            0.978737
2023-08-31 -0.078581  0.454386  2.164812 -0.168512  0.187903  ...                  0.000000                        0.000000                        0.000000        -0.119972            0.919226

[227 rows x 30 columns]
2024-11-17 19:36:22,007 - my_logger - INFO -                CFNAI     NGDP1  CPIAUCSL      CPI1    Growth  ...  MSCI WORLD/INDUSTRL  MSCI WORLD REAL ESTATE  ISM Manufacturing PMI SA  US CPI Urban Consumers YoY NSA  Federal Funds Target Rate - Up
2004-10-31  0.440324 -0.249076  0.829350 -0.458396  0.095624  ...             0.017105                0.035133                 -0.019164                        0.280000                        0.000000
2004-11-30  0.020029 -0.213042  0.839871 -0.341355 -0.096507  ...             0.064366                0.073984                 -0.001776                        0.093750                        0.142857
2004-12-31  0.810584 -0.171887  0.839871 -0.026042  0.319349  ...             0.030030                0.050138                  0.017794                       -0.057143                        0.125000
2005-01-31  0.180141 -0.006927  0.838702  0.203004  0.086607  ...            -0.008192               -0.046460                 -0.006993                       -0.090909                        0.000000
2005-02-28  0.380282  0.161254  0.848054  0.118742  0.270768  ...             0.016439                0.020496                 -0.022887                        0.000000                        0.111111
...              ...       ...       ...       ...       ...  ...                  ...                     ...                       ...                             ...                             ...
2023-04-30  0.100085 -0.257747  2.141323  0.379659 -0.078831  ...             0.004672                0.016093                  0.010753                       -0.020000                        0.000000
2023-05-31 -0.170105 -0.380881  2.145215  0.248346 -0.275493  ...            -0.030087               -0.053178                 -0.008511                       -0.183673                        0.050000
2023-06-30 -0.400267 -0.207139  2.152674  0.024199 -0.303703  ...             0.088332                0.034090                 -0.004292                       -0.250000                        0.000000
2023-07-31  0.190148  0.209223  2.159980 -0.104953  0.199686  ...             0.029952                0.024213                  0.002155                        0.066667                        0.047619
2023-08-31 -0.250161  0.871403  2.178204 -0.025331  0.310621  ...            -0.031894               -0.032037                  0.023656                        0.156250                        0.000000

[227 rows x 28 columns]
2024-11-17 19:36:22,069 - my_logger - INFO -                CFNAI     NGDP1  CPIAUCSL      CPI1    Growth  ...  MSCI WORLD/INDUSTRL  MSCI WORLD REAL ESTATE  ISM Manufacturing PMI SA  US CPI Urban Consumers YoY NSA  Federal Funds Target Rate - Up
2004-10-31  0.440324 -0.249076  0.829350 -0.458396  0.095624  ...             0.017105                0.035133                 -0.019164                        0.280000                        0.000000
2004-11-30  0.020029 -0.213042  0.839871 -0.341355 -0.096507  ...             0.064366                0.073984                 -0.001776                        0.093750                        0.142857
2004-12-31  0.810584 -0.171887  0.839871 -0.026042  0.319349  ...             0.030030                0.050138                  0.017794                       -0.057143                        0.125000
2005-01-31  0.180141 -0.006927  0.838702  0.203004  0.086607  ...            -0.008192               -0.046460                 -0.006993                       -0.090909                        0.000000
2005-02-28  0.380282  0.161254  0.848054  0.118742  0.270768  ...             0.016439                0.020496                 -0.022887                        0.000000                        0.111111
...              ...       ...       ...       ...       ...  ...                  ...                     ...                       ...                             ...                             ...
2023-05-31 -0.170105 -0.380881  2.145215  0.248346 -0.275493  ...            -0.030087               -0.053178                 -0.008511                       -0.183673                        0.050000
2023-06-30 -0.400267 -0.207139  2.152674  0.024199 -0.303703  ...             0.088332                0.034090                 -0.004292                       -0.250000                        0.000000
2023-07-31  0.190148  0.209223  2.159980 -0.104953  0.199686  ...             0.029952                0.024213                  0.002155                        0.066667                        0.047619
2023-08-31 -0.250161  0.871403  2.178204 -0.025331  0.310621  ...            -0.031894               -0.032037                  0.023656                        0.156250                        0.000000
2023-09-30  0.000015  1.094543  2.191075  0.162292  0.547279  ...            -0.052279               -0.069345                  0.021008                        0.000000                        0.000000

[228 rows x 28 columns]
2024-11-17 19:36:22,126 - my_logger - INFO -                CFNAI     NGDP1  CPIAUCSL      CPI1    Growth  ...  MSCI WORLD/INDUSTRL  MSCI WORLD REAL ESTATE  ISM Manufacturing PMI SA  US CPI Urban Consumers YoY NSA  Federal Funds Target Rate - Up
2004-10-31  0.440324 -0.249076  0.829350 -0.458396  0.095624  ...             0.017105                0.035133                 -0.019164                        0.280000                        0.000000
2004-11-30  0.020029 -0.213042  0.839871 -0.341355 -0.096507  ...             0.064366                0.073984                 -0.001776                        0.093750                        0.142857
2004-12-31  0.810584 -0.171887  0.839871 -0.026042  0.319349  ...             0.030030                0.050138                  0.017794                       -0.057143                        0.125000
2005-01-31  0.180141 -0.006927  0.838702  0.203004  0.086607  ...            -0.008192               -0.046460                 -0.006993                       -0.090909                        0.000000
2005-02-28  0.380282  0.161254  0.848054  0.118742  0.270768  ...             0.016439                0.020496                 -0.022887                        0.000000                        0.111111
...              ...       ...       ...       ...       ...  ...                  ...                     ...                       ...                             ...                             ...
2023-06-30 -0.400267 -0.207139  2.152674  0.024199 -0.303703  ...             0.088332                0.034090                 -0.004292                       -0.250000                        0.000000
2023-07-31  0.190148  0.209223  2.159980 -0.104953  0.199686  ...             0.029952                0.024213                  0.002155                        0.066667                        0.047619
2023-08-31 -0.250161  0.871403  2.178204 -0.025331  0.310621  ...            -0.031894               -0.032037                  0.023656                        0.156250                        0.000000
2023-09-30  0.000015  1.094543  2.191075  0.162292  0.547279  ...            -0.052279               -0.069345                  0.021008                        0.000000                        0.000000
2023-10-31 -0.600407  0.735563  2.193915  0.290099  0.067578  ...            -0.041802               -0.035619                 -0.034979                       -0.135135                        0.000000

[229 rows x 28 columns]
2024-11-17 19:36:22,185 - my_logger - INFO -                CFNAI     NGDP1  CPIAUCSL      CPI1    Growth  ...  MSCI WORLD/INDUSTRL  MSCI WORLD REAL ESTATE  ISM Manufacturing PMI SA  US CPI Urban Consumers YoY NSA  Federal Funds Target Rate - Up
2004-10-31  0.440324 -0.249076  0.829350 -0.458396  0.095624  ...             0.017105                0.035133                 -0.019164                        0.280000                        0.000000
2004-11-30  0.020029 -0.213042  0.839871 -0.341355 -0.096507  ...             0.064366                0.073984                 -0.001776                        0.093750                        0.142857
2004-12-31  0.810584 -0.171887  0.839871 -0.026042  0.319349  ...             0.030030                0.050138                  0.017794                       -0.057143                        0.125000
2005-01-31  0.180141 -0.006927  0.838702  0.203004  0.086607  ...            -0.008192               -0.046460                 -0.006993                       -0.090909                        0.000000
2005-02-28  0.380282  0.161254  0.848054  0.118742  0.270768  ...             0.016439                0.020496                 -0.022887                        0.000000                        0.111111
...              ...       ...       ...       ...       ...  ...                  ...                     ...                       ...                             ...                             ...
2023-07-31  0.190148  0.209223  2.159980 -0.104953  0.199686  ...             0.029952                0.024213                  0.002155                        0.066667                        0.047619
2023-08-31 -0.250161  0.871403  2.178204 -0.025331  0.310621  ...            -0.031894               -0.032037                  0.023656                        0.156250                        0.000000
2023-09-30  0.000015  1.094543  2.191075  0.162292  0.547279  ...            -0.052279               -0.069345                  0.021008                        0.000000                        0.000000
2023-10-31 -0.600407  0.735563  2.193915  0.290099  0.067578  ...            -0.041802               -0.035619                 -0.034979                       -0.135135                        0.000000
2023-11-30  0.230176  0.131303  2.199678  0.250005  0.180740  ...             0.101848                0.000000                 -0.006397                       -0.031250                        0.000000

[230 rows x 28 columns]
2024-11-17 19:36:22,248 - my_logger - INFO -                CFNAI     NGDP1  CPIAUCSL      CPI1    Growth  ...  MSCI WORLD/INDUSTRL  MSCI WORLD REAL ESTATE  ISM Manufacturing PMI SA  US CPI Urban Consumers YoY NSA  Federal Funds Target Rate - Up
2004-10-31  0.440324 -0.249076  0.829350 -0.458396  0.095624  ...             0.017105                0.035133                 -0.019164                        0.280000                        0.000000
2004-11-30  0.020029 -0.213042  0.839871 -0.341355 -0.096507  ...             0.064366                0.073984                 -0.001776                        0.093750                        0.142857
2004-12-31  0.810584 -0.171887  0.839871 -0.026042  0.319349  ...             0.030030                0.050138                  0.017794                       -0.057143                        0.125000
2005-01-31  0.180141 -0.006927  0.838702  0.203004  0.086607  ...            -0.008192               -0.046460                 -0.006993                       -0.090909                        0.000000
2005-02-28  0.380282  0.161254  0.848054  0.118742  0.270768  ...             0.016439                0.020496                 -0.022887                        0.000000                        0.111111
...              ...       ...       ...       ...       ...  ...                  ...                     ...                       ...                             ...                             ...
2023-08-31 -0.250161  0.871403  2.178204 -0.025331  0.310621  ...            -0.031894               -0.032037                  0.023656                        0.156250                        0.000000
2023-09-30  0.000015  1.094543  2.191075  0.162292  0.547279  ...            -0.052279               -0.069345                  0.021008                        0.000000                        0.000000
2023-10-31 -0.600407  0.735563  2.193915  0.290099  0.067578  ...            -0.041802               -0.035619                 -0.034979                       -0.135135                        0.000000
2023-11-30  0.230176  0.131303  2.199678  0.250005  0.180740  ...             0.101848                0.000000                 -0.006397                       -0.031250                        0.000000
2023-12-31 -0.140084 -0.401207  2.208072  0.101464 -0.270645  ...             0.074830                0.000000                  0.010730                        0.096774                        0.000000

[231 rows x 28 columns]
2024-11-17 19:36:23,283 - my_logger - INFO -                CFNAI     NGDP1  CPIAUCSL      CPI1    Growth  ...  ISM Manufacturing PMI SA  US CPI Urban Consumers YoY NSA  Federal Funds Target Rate - Up  Growth_filtered  Inflation_filtered
2004-10-31  0.440324 -0.249076  0.829350 -0.458396  0.095624  ...                 -0.019164                        0.280000                        0.000000         0.146401            0.267670
2004-11-30  0.020029 -0.213042  0.839871 -0.341355 -0.096507  ...                 -0.001776                        0.093750                        0.142857         0.141136            0.308535
2004-12-31  0.810584 -0.171887  0.839871 -0.026042  0.319349  ...                  0.017794                       -0.057143                        0.125000         0.135870            0.349399
2005-01-31  0.180141 -0.006927  0.838702  0.203004  0.086607  ...                 -0.006993                       -0.090909                        0.000000         0.130605            0.390264
2005-02-28  0.380282  0.161254  0.848054  0.118742  0.270768  ...                 -0.022887                        0.000000                        0.111111         0.125340            0.431128
...              ...       ...       ...       ...       ...  ...                       ...                             ...                             ...              ...                 ...
2023-10-31 -0.600407  0.735563  2.193915  0.290099  0.067578  ...                 -0.034979                       -0.135135                        0.000000        -0.070425            1.112686
2023-11-30  0.230176  0.131303  2.199678  0.250005  0.180740  ...                 -0.006397                       -0.031250                        0.000000        -0.140154            1.097558
2023-12-31 -0.140084 -0.401207  2.208072  0.101464 -0.270645  ...                  0.010730                        0.096774                        0.000000        -0.209882            1.082429
2024-01-31 -0.790541 -0.616885  2.219095 -0.063211 -0.703713  ...                  0.042463                       -0.088235                        0.000000        -0.279611            1.067301
2024-02-29 -0.240139 -0.685643  2.226540 -0.202261 -0.462891  ...                  0.000000                        0.000000                        0.000000        -0.349339            1.052172

[233 rows x 30 columns]
2024-11-17 19:36:23,338 - my_logger - INFO -                CFNAI     NGDP1  CPIAUCSL      CPI1    Growth  ...  MSCI WORLD/INDUSTRL  MSCI WORLD REAL ESTATE  ISM Manufacturing PMI SA  US CPI Urban Consumers YoY NSA  Federal Funds Target Rate - Up
2004-10-31  0.440324 -0.249076  0.829350 -0.458396  0.095624  ...             0.017105                0.035133                 -0.019164                        0.280000                        0.000000
2004-11-30  0.020029 -0.213042  0.839871 -0.341355 -0.096507  ...             0.064366                0.073984                 -0.001776                        0.093750                        0.142857
2004-12-31  0.810584 -0.171887  0.839871 -0.026042  0.319349  ...             0.030030                0.050138                  0.017794                       -0.057143                        0.125000
2005-01-31  0.180141 -0.006927  0.838702  0.203004  0.086607  ...            -0.008192               -0.046460                 -0.006993                       -0.090909                        0.000000
2005-02-28  0.380282  0.161254  0.848054  0.118742  0.270768  ...             0.016439                0.020496                 -0.022887                        0.000000                        0.111111
...              ...       ...       ...       ...       ...  ...                  ...                     ...                       ...                             ...                             ...
2023-10-31 -0.600407  0.735563  2.193915  0.290099  0.067578  ...            -0.041802               -0.035619                 -0.034979                       -0.135135                        0.000000
2023-11-30  0.230176  0.131303  2.199678  0.250005  0.180740  ...             0.101848                0.000000                 -0.006397                       -0.031250                        0.000000
2023-12-31 -0.140084 -0.401207  2.208072  0.101464 -0.270645  ...             0.074830                0.000000                  0.010730                        0.096774                        0.000000
2024-01-31 -0.790541 -0.616885  2.219095 -0.063211 -0.703713  ...            -0.002013                0.000000                  0.042463                       -0.088235                        0.000000
2024-02-29  0.310233 -0.586657  2.235098 -0.135360 -0.138212  ...             0.056306                0.000000                 -0.026477                        0.032258                        0.000000

[233 rows x 28 columns]
2024-11-17 19:36:23,394 - my_logger - INFO -                CFNAI     NGDP1  CPIAUCSL      CPI1    Growth  ...  MSCI WORLD/INDUSTRL  MSCI WORLD REAL ESTATE  ISM Manufacturing PMI SA  US CPI Urban Consumers YoY NSA  Federal Funds Target Rate - Up
2004-10-31  0.440324 -0.249076  0.829350 -0.458396  0.095624  ...             0.017105                0.035133                 -0.019164                        0.280000                        0.000000
2004-11-30  0.020029 -0.213042  0.839871 -0.341355 -0.096507  ...             0.064366                0.073984                 -0.001776                        0.093750                        0.142857
2004-12-31  0.810584 -0.171887  0.839871 -0.026042  0.319349  ...             0.030030                0.050138                  0.017794                       -0.057143                        0.125000
2005-01-31  0.180141 -0.006927  0.838702  0.203004  0.086607  ...            -0.008192               -0.046460                 -0.006993                       -0.090909                        0.000000
2005-02-28  0.380282  0.161254  0.848054  0.118742  0.270768  ...             0.016439                0.020496                 -0.022887                        0.000000                        0.111111
...              ...       ...       ...       ...       ...  ...                  ...                     ...                       ...                             ...                             ...
2023-10-31 -0.600407  0.735563  2.193915  0.290099  0.067578  ...            -0.041802               -0.035619                 -0.034979                       -0.135135                        0.000000
2023-11-30  0.230176  0.131303  2.199678  0.250005  0.180740  ...             0.101848                0.000000                 -0.006397                       -0.031250                        0.000000
2023-12-31 -0.140084 -0.401207  2.208072  0.101464 -0.270645  ...             0.074830                0.000000                  0.010730                        0.096774                        0.000000
2024-01-31 -0.790541 -0.616885  2.219095 -0.063211 -0.703713  ...            -0.002013                0.000000                  0.042463                       -0.088235                        0.000000
2024-02-29  0.310233 -0.586657  2.235098 -0.135360 -0.138212  ...             0.056306                0.000000                 -0.026477                        0.032258                        0.000000

[233 rows x 28 columns]
2024-11-17 20:03:22,731 - my_logger - INFO -                CFNAI     NGDP1  CPIAUCSL      CPI1    Growth  ...  ISM Manufacturing PMI SA  US CPI Urban Consumers YoY NSA  Federal Funds Target Rate - Up  Growth_filtered  Inflation_filtered
2004-10-31  0.440324 -0.249076  0.829350 -0.458396  0.095624  ...                 -0.019164                        0.280000                        0.000000         0.146401            0.267670
2004-11-30  0.020029 -0.213042  0.839871 -0.341355 -0.096507  ...                 -0.001776                        0.093750                        0.142857         0.141136            0.308535
2004-12-31  0.810584 -0.171887  0.839871 -0.026042  0.319349  ...                  0.017794                       -0.057143                        0.125000         0.135871            0.349399
2005-01-31  0.180141 -0.006927  0.838702  0.203004  0.086607  ...                 -0.006993                       -0.090909                        0.000000         0.130605            0.390264
2005-02-28  0.380282  0.161254  0.848054  0.118742  0.270768  ...                 -0.022887                        0.000000                        0.111111         0.125340            0.431128
...              ...       ...       ...       ...       ...  ...                       ...                             ...                             ...              ...                 ...
2021-10-31  0.830598  0.490853  1.830397  1.612546  0.660726  ...                  0.000000                        0.148148                        0.000000         0.572091            1.891977
2021-11-30  0.750542  1.247916  1.858043  1.684907  0.999229  ...                  0.003306                        0.096774                        0.000000         0.599810            1.976081
2021-12-31  0.180141  1.435329  1.881528  1.989633  0.807735  ...                 -0.039539                        0.029412                        0.000000         0.627529            2.060184
2022-01-31 -0.100056  1.198108  1.900021  2.317317  0.549026  ...                 -0.015437                        0.071429                        0.000000         0.655249            2.144287
2022-02-28 -0.131623  1.007719  1.911218  2.572226  0.438048  ...                  0.000000                        0.000000                        0.000000         0.682968            2.228390

[209 rows x 30 columns]
2024-11-17 20:03:22,790 - my_logger - INFO -                CFNAI     NGDP1  CPIAUCSL      CPI1    Growth  ...  MSCI WORLD/INDUSTRL  MSCI WORLD REAL ESTATE  ISM Manufacturing PMI SA  US CPI Urban Consumers YoY NSA  Federal Funds Target Rate - Up
2004-10-31  0.440324 -0.249076  0.829350 -0.458396  0.095624  ...             0.017105                0.035133                 -0.019164                        0.280000                        0.000000
2004-11-30  0.020029 -0.213042  0.839871 -0.341355 -0.096507  ...             0.064366                0.073984                 -0.001776                        0.093750                        0.142857
2004-12-31  0.810584 -0.171887  0.839871 -0.026042  0.319349  ...             0.030030                0.050138                  0.017794                       -0.057143                        0.125000
2005-01-31  0.180141 -0.006927  0.838702  0.203004  0.086607  ...            -0.008192               -0.046460                 -0.006993                       -0.090909                        0.000000
2005-02-28  0.380282  0.161254  0.848054  0.118742  0.270768  ...             0.016439                0.020496                 -0.022887                        0.000000                        0.111111
...              ...       ...       ...       ...       ...  ...                  ...                     ...                       ...                             ...                             ...
2021-10-31  0.830598  0.490853  1.830397  1.612546  0.660726  ...             0.045593                0.056201                  0.000000                        0.148148                        0.000000
2021-11-30  0.750542  1.247916  1.858043  1.684907  0.999229  ...            -0.041096               -0.029587                  0.003306                        0.096774                        0.000000
2021-12-31  0.180141  1.435329  1.881528  1.989633  0.807735  ...             0.053744                0.075345                 -0.039539                        0.029412                        0.000000
2022-01-31 -0.100056  1.198108  1.900021  2.317317  0.549026  ...            -0.067900               -0.070845                 -0.015437                        0.071429                        0.000000
2022-02-28  0.590429  0.456331  1.925096  2.489322  0.523380  ...            -0.018127               -0.036706                  0.015679                        0.053333                        0.000000

[209 rows x 28 columns]
2024-11-17 20:03:22,846 - my_logger - INFO -                CFNAI     NGDP1  CPIAUCSL      CPI1    Growth  ...  MSCI WORLD/INDUSTRL  MSCI WORLD REAL ESTATE  ISM Manufacturing PMI SA  US CPI Urban Consumers YoY NSA  Federal Funds Target Rate - Up
2004-10-31  0.440324 -0.249076  0.829350 -0.458396  0.095624  ...             0.017105                0.035133                 -0.019164                        0.280000                        0.000000
2004-11-30  0.020029 -0.213042  0.839871 -0.341355 -0.096507  ...             0.064366                0.073984                 -0.001776                        0.093750                        0.142857
2004-12-31  0.810584 -0.171887  0.839871 -0.026042  0.319349  ...             0.030030                0.050138                  0.017794                       -0.057143                        0.125000
2005-01-31  0.180141 -0.006927  0.838702  0.203004  0.086607  ...            -0.008192               -0.046460                 -0.006993                       -0.090909                        0.000000
2005-02-28  0.380282  0.161254  0.848054  0.118742  0.270768  ...             0.016439                0.020496                 -0.022887                        0.000000                        0.111111
...              ...       ...       ...       ...       ...  ...                  ...                     ...                       ...                             ...                             ...
2021-11-30  0.750542  1.247916  1.858043  1.684907  0.999229  ...            -0.041096               -0.029587                  0.003306                        0.096774                        0.000000
2021-12-31  0.180141  1.435329  1.881528  1.989633  0.807735  ...             0.053744                0.075345                 -0.039539                        0.029412                        0.000000
2022-01-31 -0.100056  1.198108  1.900021  2.317317  0.549026  ...            -0.067900               -0.070845                 -0.015437                        0.071429                        0.000000
2022-02-28  0.590429  0.456331  1.925096  2.489322  0.523380  ...            -0.018127               -0.036706                  0.015679                        0.053333                        0.000000
2022-03-31  0.450331 -0.149189  1.960376  2.582232  0.150571  ...             0.020146                0.046314                 -0.017153                        0.075949                        1.000000

[210 rows x 28 columns]
2024-11-17 20:03:22,901 - my_logger - INFO -                CFNAI     NGDP1  CPIAUCSL      CPI1    Growth  ...  MSCI WORLD/INDUSTRL  MSCI WORLD REAL ESTATE  ISM Manufacturing PMI SA  US CPI Urban Consumers YoY NSA  Federal Funds Target Rate - Up
2004-10-31  0.440324 -0.249076  0.829350 -0.458396  0.095624  ...             0.017105                0.035133                 -0.019164                        0.280000                        0.000000
2004-11-30  0.020029 -0.213042  0.839871 -0.341355 -0.096507  ...             0.064366                0.073984                 -0.001776                        0.093750                        0.142857
2004-12-31  0.810584 -0.171887  0.839871 -0.026042  0.319349  ...             0.030030                0.050138                  0.017794                       -0.057143                        0.125000
2005-01-31  0.180141 -0.006927  0.838702  0.203004  0.086607  ...            -0.008192               -0.046460                 -0.006993                       -0.090909                        0.000000
2005-02-28  0.380282  0.161254  0.848054  0.118742  0.270768  ...             0.016439                0.020496                 -0.022887                        0.000000                        0.111111
...              ...       ...       ...       ...       ...  ...                  ...                     ...                       ...                             ...                             ...
2021-12-31  0.180141  1.435329  1.881528  1.989633  0.807735  ...             0.053744                0.075345                 -0.039539                        0.029412                        0.000000
2022-01-31 -0.100056  1.198108  1.900021  2.317317  0.549026  ...            -0.067900               -0.070845                 -0.015437                        0.071429                        0.000000
2022-02-28  0.590429  0.456331  1.925096  2.489322  0.523380  ...            -0.018127               -0.036706                  0.015679                        0.053333                        0.000000
2022-03-31  0.450331 -0.149189  1.960376  2.582232  0.150571  ...             0.020146                0.046314                 -0.017153                        0.075949                        1.000000
2022-04-30  0.040043 -0.220494  1.974532  2.756621 -0.090226  ...            -0.085657               -0.041569                 -0.029668                       -0.023529                        0.000000

[211 rows x 28 columns]
2024-11-17 20:03:22,956 - my_logger - INFO -                CFNAI     NGDP1  CPIAUCSL      CPI1    Growth  ...  MSCI WORLD/INDUSTRL  MSCI WORLD REAL ESTATE  ISM Manufacturing PMI SA  US CPI Urban Consumers YoY NSA  Federal Funds Target Rate - Up
2004-10-31  0.440324 -0.249076  0.829350 -0.458396  0.095624  ...             0.017105                0.035133                 -0.019164                        0.280000                        0.000000
2004-11-30  0.020029 -0.213042  0.839871 -0.341355 -0.096507  ...             0.064366                0.073984                 -0.001776                        0.093750                        0.142857
2004-12-31  0.810584 -0.171887  0.839871 -0.026042  0.319349  ...             0.030030                0.050138                  0.017794                       -0.057143                        0.125000
2005-01-31  0.180141 -0.006927  0.838702  0.203004  0.086607  ...            -0.008192               -0.046460                 -0.006993                       -0.090909                        0.000000
2005-02-28  0.380282  0.161254  0.848054  0.118742  0.270768  ...             0.016439                0.020496                 -0.022887                        0.000000                        0.111111
...              ...       ...       ...       ...       ...  ...                  ...                     ...                       ...                             ...                             ...
2022-01-31 -0.100056  1.198108  1.900021  2.317317  0.549026  ...            -0.067900               -0.070845                 -0.015437                        0.071429                        0.000000
2022-02-28  0.590429  0.456331  1.925096  2.489322  0.523380  ...            -0.018127               -0.036706                  0.015679                        0.053333                        0.000000
2022-03-31  0.450331 -0.149189  1.960376  2.582232  0.150571  ...             0.020146                0.046314                 -0.017153                        0.075949                        1.000000
2022-04-30  0.040043 -0.220494  1.974532  2.756621 -0.090226  ...            -0.085657               -0.041569                 -0.029668                       -0.023529                        0.000000
2022-05-31 -0.360239 -0.122550  2.004867  3.071794 -0.241394  ...            -0.008191               -0.040519                  0.008993                        0.036145                        1.000000

[212 rows x 28 columns]
2024-11-17 20:03:23,013 - my_logger - INFO -                CFNAI     NGDP1  CPIAUCSL      CPI1    Growth  ...  MSCI WORLD/INDUSTRL  MSCI WORLD REAL ESTATE  ISM Manufacturing PMI SA  US CPI Urban Consumers YoY NSA  Federal Funds Target Rate - Up
2004-10-31  0.440324 -0.249076  0.829350 -0.458396  0.095624  ...             0.017105                0.035133                 -0.019164                        0.280000                        0.000000
2004-11-30  0.020029 -0.213042  0.839871 -0.341355 -0.096507  ...             0.064366                0.073984                 -0.001776                        0.093750                        0.142857
2004-12-31  0.810584 -0.171887  0.839871 -0.026042  0.319349  ...             0.030030                0.050138                  0.017794                       -0.057143                        0.125000
2005-01-31  0.180141 -0.006927  0.838702  0.203004  0.086607  ...            -0.008192               -0.046460                 -0.006993                       -0.090909                        0.000000
2005-02-28  0.380282  0.161254  0.848054  0.118742  0.270768  ...             0.016439                0.020496                 -0.022887                        0.000000                        0.111111
...              ...       ...       ...       ...       ...  ...                  ...                     ...                       ...                             ...                             ...
2022-02-28  0.590429  0.456331  1.925096  2.489322  0.523380  ...            -0.018127               -0.036706                  0.015679                        0.053333                        0.000000
2022-03-31  0.450331 -0.149189  1.960376  2.582232  0.150571  ...             0.020146                0.046314                 -0.017153                        0.075949                        1.000000
2022-04-30  0.040043 -0.220494  1.974532  2.756621 -0.090226  ...            -0.085657               -0.041569                 -0.029668                       -0.023529                        0.000000
2022-05-31 -0.360239 -0.122550  2.004867  3.071794 -0.241394  ...            -0.008191               -0.040519                  0.008993                        0.036145                        1.000000
2022-06-30 -0.240154  0.211741  2.047383  3.353878 -0.014206  ...            -0.085859               -0.079548                 -0.048128                        0.058140                        0.750000

[213 rows x 28 columns]
2024-11-17 20:03:24,040 - my_logger - INFO -                CFNAI     NGDP1  CPIAUCSL      CPI1    Growth  ...  ISM Manufacturing PMI SA  US CPI Urban Consumers YoY NSA  Federal Funds Target Rate - Up  Growth_filtered  Inflation_filtered
2004-10-31  0.440324 -0.249076  0.829350 -0.458396  0.095624  ...                 -0.019164                        0.280000                        0.000000         0.146401            0.267670
2004-11-30  0.020029 -0.213042  0.839871 -0.341355 -0.096507  ...                 -0.001776                        0.093750                        0.142857         0.141136            0.308535
2004-12-31  0.810584 -0.171887  0.839871 -0.026042  0.319349  ...                  0.017794                       -0.057143                        0.125000         0.135870            0.349399
2005-01-31  0.180141 -0.006927  0.838702  0.203004  0.086607  ...                 -0.006993                       -0.090909                        0.000000         0.130605            0.390264
2005-02-28  0.380282  0.161254  0.848054  0.118742  0.270768  ...                 -0.022887                        0.000000                        0.111111         0.125340            0.431128
...              ...       ...       ...       ...       ...  ...                       ...                             ...                             ...              ...                 ...
2022-04-30  0.040043 -0.220494  1.974532  2.756621 -0.090226  ...                 -0.029668                       -0.023529                        0.000000         0.293501            2.397346
2022-05-31 -0.360239 -0.122550  2.004867  3.071794 -0.241394  ...                  0.008993                        0.036145                        1.000000         0.243691            2.481641
2022-06-30 -0.240154  0.211741  2.047383  3.353878 -0.014206  ...                 -0.048128                        0.058140                        0.750000         0.193880            2.565936
2022-07-31  0.200155  0.591889  2.047161  3.330178  0.396022  ...                 -0.011236                       -0.065934                        0.428571         0.144070            2.650232
2022-08-31 -0.076624  0.811026  2.043825  3.171564  0.367201  ...                  0.000000                        0.000000                        0.000000         0.094260            2.734527

[215 rows x 30 columns]
2024-11-17 20:03:24,095 - my_logger - INFO -                CFNAI     NGDP1  CPIAUCSL      CPI1    Growth  ...  MSCI WORLD/INDUSTRL  MSCI WORLD REAL ESTATE  ISM Manufacturing PMI SA  US CPI Urban Consumers YoY NSA  Federal Funds Target Rate - Up
2004-10-31  0.440324 -0.249076  0.829350 -0.458396  0.095624  ...             0.017105                0.035133                 -0.019164                        0.280000                        0.000000
2004-11-30  0.020029 -0.213042  0.839871 -0.341355 -0.096507  ...             0.064366                0.073984                 -0.001776                        0.093750                        0.142857
2004-12-31  0.810584 -0.171887  0.839871 -0.026042  0.319349  ...             0.030030                0.050138                  0.017794                       -0.057143                        0.125000
2005-01-31  0.180141 -0.006927  0.838702  0.203004  0.086607  ...            -0.008192               -0.046460                 -0.006993                       -0.090909                        0.000000
2005-02-28  0.380282  0.161254  0.848054  0.118742  0.270768  ...             0.016439                0.020496                 -0.022887                        0.000000                        0.111111
...              ...       ...       ...       ...       ...  ...                  ...                     ...                       ...                             ...                             ...
2022-04-30  0.040043 -0.220494  1.974532  2.756621 -0.090226  ...            -0.085657               -0.041569                 -0.029668                       -0.023529                        0.000000
2022-05-31 -0.360239 -0.122550  2.004867  3.071794 -0.241394  ...            -0.008191               -0.040519                  0.008993                        0.036145                        1.000000
2022-06-30 -0.240154  0.211741  2.047383  3.353878 -0.014206  ...            -0.085859               -0.079548                 -0.048128                        0.058140                        0.750000
2022-07-31  0.200155  0.591889  2.047161  3.330178  0.396022  ...             0.094771                0.075702                 -0.011236                       -0.065934                        0.428571
2022-08-31  0.180141  1.119313  2.049873  2.825112  0.649727  ...            -0.042307               -0.061018                  0.000000                       -0.023529                        0.000000

[215 rows x 28 columns]
2024-11-17 20:03:24,151 - my_logger - INFO -                CFNAI     NGDP1  CPIAUCSL      CPI1    Growth  ...  MSCI WORLD/INDUSTRL  MSCI WORLD REAL ESTATE  ISM Manufacturing PMI SA  US CPI Urban Consumers YoY NSA  Federal Funds Target Rate - Up
2004-10-31  0.440324 -0.249076  0.829350 -0.458396  0.095624  ...             0.017105                0.035133                 -0.019164                        0.280000                        0.000000
2004-11-30  0.020029 -0.213042  0.839871 -0.341355 -0.096507  ...             0.064366                0.073984                 -0.001776                        0.093750                        0.142857
2004-12-31  0.810584 -0.171887  0.839871 -0.026042  0.319349  ...             0.030030                0.050138                  0.017794                       -0.057143                        0.125000
2005-01-31  0.180141 -0.006927  0.838702  0.203004  0.086607  ...            -0.008192               -0.046460                 -0.006993                       -0.090909                        0.000000
2005-02-28  0.380282  0.161254  0.848054  0.118742  0.270768  ...             0.016439                0.020496                 -0.022887                        0.000000                        0.111111
...              ...       ...       ...       ...       ...  ...                  ...                     ...                       ...                             ...                             ...
2022-05-31 -0.360239 -0.122550  2.004867  3.071794 -0.241394  ...            -0.008191               -0.040519                  0.008993                        0.036145                        1.000000
2022-06-30 -0.240154  0.211741  2.047383  3.353878 -0.014206  ...            -0.085859               -0.079548                 -0.048128                        0.058140                        0.750000
2022-07-31  0.200155  0.591889  2.047161  3.330178  0.396022  ...             0.094771                0.075702                 -0.011236                       -0.065934                        0.428571
2022-08-31  0.180141  1.119313  2.049873  2.825112  0.649727  ...            -0.042307               -0.061018                  0.000000                       -0.023529                        0.000000
2022-09-30  0.070064  1.271475  2.063106  2.019198  0.670769  ...            -0.104882               -0.131958                 -0.037879                       -0.012048                        0.300000

[216 rows x 28 columns]
2024-11-17 20:03:24,204 - my_logger - INFO -                CFNAI     NGDP1  CPIAUCSL      CPI1    Growth  ...  MSCI WORLD/INDUSTRL  MSCI WORLD REAL ESTATE  ISM Manufacturing PMI SA  US CPI Urban Consumers YoY NSA  Federal Funds Target Rate - Up
2004-10-31  0.440324 -0.249076  0.829350 -0.458396  0.095624  ...             0.017105                0.035133                 -0.019164                        0.280000                        0.000000
2004-11-30  0.020029 -0.213042  0.839871 -0.341355 -0.096507  ...             0.064366                0.073984                 -0.001776                        0.093750                        0.142857
2004-12-31  0.810584 -0.171887  0.839871 -0.026042  0.319349  ...             0.030030                0.050138                  0.017794                       -0.057143                        0.125000
2005-01-31  0.180141 -0.006927  0.838702  0.203004  0.086607  ...            -0.008192               -0.046460                 -0.006993                       -0.090909                        0.000000
2005-02-28  0.380282  0.161254  0.848054  0.118742  0.270768  ...             0.016439                0.020496                 -0.022887                        0.000000                        0.111111
...              ...       ...       ...       ...       ...  ...                  ...                     ...                       ...                             ...                             ...
2022-06-30 -0.240154  0.211741  2.047383  3.353878 -0.014206  ...            -0.085859               -0.079548                 -0.048128                        0.058140                        0.750000
2022-07-31  0.200155  0.591889  2.047161  3.330178  0.396022  ...             0.094771                0.075702                 -0.011236                       -0.065934                        0.428571
2022-08-31  0.180141  1.119313  2.049873  2.825112  0.649727  ...            -0.042307               -0.061018                  0.000000                       -0.023529                        0.000000
2022-09-30  0.070064  1.271475  2.063106  2.019198  0.670769  ...            -0.104882               -0.131958                 -0.037879                       -0.012048                        0.300000
2022-10-31 -0.080042  0.959243  2.080898  1.214720  0.439601  ...             0.103261                0.011106                 -0.015748                       -0.060976                        0.000000

[217 rows x 28 columns]
2024-11-17 20:03:24,261 - my_logger - INFO -                CFNAI     NGDP1  CPIAUCSL      CPI1    Growth  ...  MSCI WORLD/INDUSTRL  MSCI WORLD REAL ESTATE  ISM Manufacturing PMI SA  US CPI Urban Consumers YoY NSA  Federal Funds Target Rate - Up
2004-10-31  0.440324 -0.249076  0.829350 -0.458396  0.095624  ...             0.017105                0.035133                 -0.019164                        0.280000                        0.000000
2004-11-30  0.020029 -0.213042  0.839871 -0.341355 -0.096507  ...             0.064366                0.073984                 -0.001776                        0.093750                        0.142857
2004-12-31  0.810584 -0.171887  0.839871 -0.026042  0.319349  ...             0.030030                0.050138                  0.017794                       -0.057143                        0.125000
2005-01-31  0.180141 -0.006927  0.838702  0.203004  0.086607  ...            -0.008192               -0.046460                 -0.006993                       -0.090909                        0.000000
2005-02-28  0.380282  0.161254  0.848054  0.118742  0.270768  ...             0.016439                0.020496                 -0.022887                        0.000000                        0.111111
...              ...       ...       ...       ...       ...  ...                  ...                     ...                       ...                             ...                             ...
2022-07-31  0.200155  0.591889  2.047161  3.330178  0.396022  ...             0.094771                0.075702                 -0.011236                       -0.065934                        0.428571
2022-08-31  0.180141  1.119313  2.049873  2.825112  0.649727  ...            -0.042307               -0.061018                  0.000000                       -0.023529                        0.000000
2022-09-30  0.070064  1.271475  2.063106  2.019198  0.670769  ...            -0.104882               -0.131958                 -0.037879                       -0.012048                        0.300000
2022-10-31 -0.080042  0.959243  2.080898  1.214720  0.439601  ...             0.103261                0.011106                 -0.015748                       -0.060976                        0.000000
2022-11-30 -0.560379  0.506056  2.090075  0.582874 -0.027162  ...             0.088575                0.077102                 -0.022000                       -0.077922                        0.230769

[218 rows x 28 columns]
2024-11-17 20:03:24,316 - my_logger - INFO -                CFNAI     NGDP1  CPIAUCSL      CPI1    Growth  ...  MSCI WORLD/INDUSTRL  MSCI WORLD REAL ESTATE  ISM Manufacturing PMI SA  US CPI Urban Consumers YoY NSA  Federal Funds Target Rate - Up
2004-10-31  0.440324 -0.249076  0.829350 -0.458396  0.095624  ...             0.017105                0.035133                 -0.019164                        0.280000                        0.000000
2004-11-30  0.020029 -0.213042  0.839871 -0.341355 -0.096507  ...             0.064366                0.073984                 -0.001776                        0.093750                        0.142857
2004-12-31  0.810584 -0.171887  0.839871 -0.026042  0.319349  ...             0.030030                0.050138                  0.017794                       -0.057143                        0.125000
2005-01-31  0.180141 -0.006927  0.838702  0.203004  0.086607  ...            -0.008192               -0.046460                 -0.006993                       -0.090909                        0.000000
2005-02-28  0.380282  0.161254  0.848054  0.118742  0.270768  ...             0.016439                0.020496                 -0.022887                        0.000000                        0.111111
...              ...       ...       ...       ...       ...  ...                  ...                     ...                       ...                             ...                             ...
2022-08-31  0.180141  1.119313  2.049873  2.825112  0.649727  ...            -0.042307               -0.061018                  0.000000                       -0.023529                        0.000000
2022-09-30  0.070064  1.271475  2.063106  2.019198  0.670769  ...            -0.104882               -0.131958                 -0.037879                       -0.012048                        0.300000
2022-10-31 -0.080042  0.959243  2.080898  1.214720  0.439601  ...             0.103261                0.011106                 -0.015748                       -0.060976                        0.000000
2022-11-30 -0.560379  0.506056  2.090075  0.582874 -0.027162  ...             0.088575                0.077102                 -0.022000                       -0.077922                        0.230769
2022-12-31 -0.530358  0.067927  2.091992  0.209012 -0.231215  ...            -0.021135               -0.036870                 -0.016360                       -0.084507                        0.125000

[219 rows x 28 columns]
2024-11-17 20:03:25,341 - my_logger - INFO -                CFNAI     NGDP1  CPIAUCSL      CPI1    Growth  ...  ISM Manufacturing PMI SA  US CPI Urban Consumers YoY NSA  Federal Funds Target Rate - Up  Growth_filtered  Inflation_filtered
2004-10-31  0.440324 -0.249076  0.829350 -0.458396  0.095624  ...                 -0.019164                        0.280000                        0.000000         0.146401            0.267670
2004-11-30  0.020029 -0.213042  0.839871 -0.341355 -0.096507  ...                 -0.001776                        0.093750                        0.142857         0.141136            0.308535
2004-12-31  0.810584 -0.171887  0.839871 -0.026042  0.319349  ...                  0.017794                       -0.057143                        0.125000         0.135870            0.349399
2005-01-31  0.180141 -0.006927  0.838702  0.203004  0.086607  ...                 -0.006993                       -0.090909                        0.000000         0.130605            0.390264
2005-02-28  0.380282  0.161254  0.848054  0.118742  0.270768  ...                 -0.022887                        0.000000                        0.111111         0.125340            0.431128
...              ...       ...       ...       ...       ...  ...                       ...                             ...                             ...              ...                 ...
2022-10-31 -0.080042  0.959243  2.080898  1.214720  0.439601  ...                 -0.015748                       -0.060976                        0.000000         0.168070            1.788866
2022-11-30 -0.560379  0.506056  2.090075  0.582874 -0.027162  ...                 -0.022000                       -0.077922                        0.230769         0.136248            1.578549
2022-12-31 -0.530358  0.067927  2.091992  0.209012 -0.231215  ...                 -0.016360                       -0.084507                        0.125000         0.104426            1.368232
2023-01-31  0.450331 -0.084287  2.110041  0.071438  0.183022  ...                 -0.014553                       -0.015385                        0.000000         0.072604            1.157915
2023-02-28 -0.034651 -0.074868  2.123196  0.030449 -0.054759  ...                  0.000000                        0.000000                        0.000000         0.040782            0.947597

[221 rows x 30 columns]
2024-11-17 20:03:25,397 - my_logger - INFO -                CFNAI     NGDP1  CPIAUCSL      CPI1    Growth  ...  MSCI WORLD/INDUSTRL  MSCI WORLD REAL ESTATE  ISM Manufacturing PMI SA  US CPI Urban Consumers YoY NSA  Federal Funds Target Rate - Up
2004-10-31  0.440324 -0.249076  0.829350 -0.458396  0.095624  ...             0.017105                0.035133                 -0.019164                        0.280000                        0.000000
2004-11-30  0.020029 -0.213042  0.839871 -0.341355 -0.096507  ...             0.064366                0.073984                 -0.001776                        0.093750                        0.142857
2004-12-31  0.810584 -0.171887  0.839871 -0.026042  0.319349  ...             0.030030                0.050138                  0.017794                       -0.057143                        0.125000
2005-01-31  0.180141 -0.006927  0.838702  0.203004  0.086607  ...            -0.008192               -0.046460                 -0.006993                       -0.090909                        0.000000
2005-02-28  0.380282  0.161254  0.848054  0.118742  0.270768  ...             0.016439                0.020496                 -0.022887                        0.000000                        0.111111
...              ...       ...       ...       ...       ...  ...                  ...                     ...                       ...                             ...                             ...
2022-10-31 -0.080042  0.959243  2.080898  1.214720  0.439601  ...             0.103261                0.011106                 -0.015748                       -0.060976                        0.000000
2022-11-30 -0.560379  0.506056  2.090075  0.582874 -0.027162  ...             0.088575                0.077102                 -0.022000                       -0.077922                        0.230769
2022-12-31 -0.530358  0.067927  2.091992  0.209012 -0.231215  ...            -0.021135               -0.036870                 -0.016360                       -0.084507                        0.125000
2023-01-31  0.450331 -0.084287  2.110041  0.071438  0.183022  ...             0.057723                0.091835                 -0.014553                       -0.015385                        0.000000
2023-02-28 -0.280182 -0.114443  2.123519  0.159102 -0.197313  ...            -0.009480               -0.058187                  0.006329                       -0.062500                        0.055556

[221 rows x 28 columns]
2024-11-17 20:03:25,452 - my_logger - INFO -                CFNAI     NGDP1  CPIAUCSL      CPI1    Growth  ...  MSCI WORLD/INDUSTRL  MSCI WORLD REAL ESTATE  ISM Manufacturing PMI SA  US CPI Urban Consumers YoY NSA  Federal Funds Target Rate - Up
2004-10-31  0.440324 -0.249076  0.829350 -0.458396  0.095624  ...             0.017105                0.035133                 -0.019164                        0.280000                        0.000000
2004-11-30  0.020029 -0.213042  0.839871 -0.341355 -0.096507  ...             0.064366                0.073984                 -0.001776                        0.093750                        0.142857
2004-12-31  0.810584 -0.171887  0.839871 -0.026042  0.319349  ...             0.030030                0.050138                  0.017794                       -0.057143                        0.125000
2005-01-31  0.180141 -0.006927  0.838702  0.203004  0.086607  ...            -0.008192               -0.046460                 -0.006993                       -0.090909                        0.000000
2005-02-28  0.380282  0.161254  0.848054  0.118742  0.270768  ...             0.016439                0.020496                 -0.022887                        0.000000                        0.111111
...              ...       ...       ...       ...       ...  ...                  ...                     ...                       ...                             ...                             ...
2022-11-30 -0.560379  0.506056  2.090075  0.582874 -0.027162  ...             0.088575                0.077102                 -0.022000                       -0.077922                        0.230769
2022-12-31 -0.530358  0.067927  2.091992  0.209012 -0.231215  ...            -0.021135               -0.036870                 -0.016360                       -0.084507                        0.125000
2023-01-31  0.450331 -0.084287  2.110041  0.071438  0.183022  ...             0.057723                0.091835                 -0.014553                       -0.015385                        0.000000
2023-02-28 -0.280182 -0.114443  2.123519  0.159102 -0.197313  ...            -0.009480               -0.058187                  0.006329                       -0.062500                        0.055556
2023-03-31 -0.540365 -0.245498  2.126266  0.307109 -0.392931  ...             0.017387               -0.027921                 -0.025157                       -0.166667                        0.052632

[222 rows x 28 columns]
2024-11-17 20:03:25,524 - my_logger - INFO -                CFNAI     NGDP1  CPIAUCSL      CPI1    Growth  ...  MSCI WORLD/INDUSTRL  MSCI WORLD REAL ESTATE  ISM Manufacturing PMI SA  US CPI Urban Consumers YoY NSA  Federal Funds Target Rate - Up
2004-10-31  0.440324 -0.249076  0.829350 -0.458396  0.095624  ...             0.017105                0.035133                 -0.019164                        0.280000                        0.000000
2004-11-30  0.020029 -0.213042  0.839871 -0.341355 -0.096507  ...             0.064366                0.073984                 -0.001776                        0.093750                        0.142857
2004-12-31  0.810584 -0.171887  0.839871 -0.026042  0.319349  ...             0.030030                0.050138                  0.017794                       -0.057143                        0.125000
2005-01-31  0.180141 -0.006927  0.838702  0.203004  0.086607  ...            -0.008192               -0.046460                 -0.006993                       -0.090909                        0.000000
2005-02-28  0.380282  0.161254  0.848054  0.118742  0.270768  ...             0.016439                0.020496                 -0.022887                        0.000000                        0.111111
...              ...       ...       ...       ...       ...  ...                  ...                     ...                       ...                             ...                             ...
2022-12-31 -0.530358  0.067927  2.091992  0.209012 -0.231215  ...            -0.021135               -0.036870                 -0.016360                       -0.084507                        0.125000
2023-01-31  0.450331 -0.084287  2.110041  0.071438  0.183022  ...             0.057723                0.091835                 -0.014553                       -0.015385                        0.000000
2023-02-28 -0.280182 -0.114443  2.123519  0.159102 -0.197313  ...            -0.009480               -0.058187                  0.006329                       -0.062500                        0.055556
2023-03-31 -0.540365 -0.245498  2.126266  0.307109 -0.392931  ...             0.017387               -0.027921                 -0.025157                       -0.166667                        0.052632
2023-04-30  0.100085 -0.257747  2.141323  0.379659 -0.078831  ...             0.004672                0.016093                  0.010753                       -0.020000                        0.000000

[223 rows x 28 columns]
2024-11-17 20:03:25,589 - my_logger - INFO -                CFNAI     NGDP1  CPIAUCSL      CPI1    Growth  ...  MSCI WORLD/INDUSTRL  MSCI WORLD REAL ESTATE  ISM Manufacturing PMI SA  US CPI Urban Consumers YoY NSA  Federal Funds Target Rate - Up
2004-10-31  0.440324 -0.249076  0.829350 -0.458396  0.095624  ...             0.017105                0.035133                 -0.019164                        0.280000                        0.000000
2004-11-30  0.020029 -0.213042  0.839871 -0.341355 -0.096507  ...             0.064366                0.073984                 -0.001776                        0.093750                        0.142857
2004-12-31  0.810584 -0.171887  0.839871 -0.026042  0.319349  ...             0.030030                0.050138                  0.017794                       -0.057143                        0.125000
2005-01-31  0.180141 -0.006927  0.838702  0.203004  0.086607  ...            -0.008192               -0.046460                 -0.006993                       -0.090909                        0.000000
2005-02-28  0.380282  0.161254  0.848054  0.118742  0.270768  ...             0.016439                0.020496                 -0.022887                        0.000000                        0.111111
...              ...       ...       ...       ...       ...  ...                  ...                     ...                       ...                             ...                             ...
2023-01-31  0.450331 -0.084287  2.110041  0.071438  0.183022  ...             0.057723                0.091835                 -0.014553                       -0.015385                        0.000000
2023-02-28 -0.280182 -0.114443  2.123519  0.159102 -0.197313  ...            -0.009480               -0.058187                  0.006329                       -0.062500                        0.055556
2023-03-31 -0.540365 -0.245498  2.126266  0.307109 -0.392931  ...             0.017387               -0.027921                 -0.025157                       -0.166667                        0.052632
2023-04-30  0.100085 -0.257747  2.141323  0.379659 -0.078831  ...             0.004672                0.016093                  0.010753                       -0.020000                        0.000000
2023-05-31 -0.170105 -0.380881  2.145215  0.248346 -0.275493  ...            -0.030087               -0.053178                 -0.008511                       -0.183673                        0.050000

[224 rows x 28 columns]
2024-11-17 20:03:25,653 - my_logger - INFO -                CFNAI     NGDP1  CPIAUCSL      CPI1    Growth  ...  MSCI WORLD/INDUSTRL  MSCI WORLD REAL ESTATE  ISM Manufacturing PMI SA  US CPI Urban Consumers YoY NSA  Federal Funds Target Rate - Up
2004-10-31  0.440324 -0.249076  0.829350 -0.458396  0.095624  ...             0.017105                0.035133                 -0.019164                        0.280000                        0.000000
2004-11-30  0.020029 -0.213042  0.839871 -0.341355 -0.096507  ...             0.064366                0.073984                 -0.001776                        0.093750                        0.142857
2004-12-31  0.810584 -0.171887  0.839871 -0.026042  0.319349  ...             0.030030                0.050138                  0.017794                       -0.057143                        0.125000
2005-01-31  0.180141 -0.006927  0.838702  0.203004  0.086607  ...            -0.008192               -0.046460                 -0.006993                       -0.090909                        0.000000
2005-02-28  0.380282  0.161254  0.848054  0.118742  0.270768  ...             0.016439                0.020496                 -0.022887                        0.000000                        0.111111
...              ...       ...       ...       ...       ...  ...                  ...                     ...                       ...                             ...                             ...
2023-02-28 -0.280182 -0.114443  2.123519  0.159102 -0.197313  ...            -0.009480               -0.058187                  0.006329                       -0.062500                        0.055556
2023-03-31 -0.540365 -0.245498  2.126266  0.307109 -0.392931  ...             0.017387               -0.027921                 -0.025157                       -0.166667                        0.052632
2023-04-30  0.100085 -0.257747  2.141323  0.379659 -0.078831  ...             0.004672                0.016093                  0.010753                       -0.020000                        0.000000
2023-05-31 -0.170105 -0.380881  2.145215  0.248346 -0.275493  ...            -0.030087               -0.053178                 -0.008511                       -0.183673                        0.050000
2023-06-30 -0.400267 -0.207139  2.152674  0.024199 -0.303703  ...             0.088332                0.034090                 -0.004292                       -0.250000                        0.000000

[225 rows x 28 columns]
2024-11-17 20:03:26,690 - my_logger - INFO -                CFNAI     NGDP1  CPIAUCSL      CPI1    Growth  ...  ISM Manufacturing PMI SA  US CPI Urban Consumers YoY NSA  Federal Funds Target Rate - Up  Growth_filtered  Inflation_filtered
2004-10-31  0.440324 -0.249076  0.829350 -0.458396  0.095624  ...                 -0.019164                        0.280000                        0.000000         0.146401            0.267670
2004-11-30  0.020029 -0.213042  0.839871 -0.341355 -0.096507  ...                 -0.001776                        0.093750                        0.142857         0.141136            0.308535
2004-12-31  0.810584 -0.171887  0.839871 -0.026042  0.319349  ...                  0.017794                       -0.057143                        0.125000         0.135871            0.349399
2005-01-31  0.180141 -0.006927  0.838702  0.203004  0.086607  ...                 -0.006993                       -0.090909                        0.000000         0.130605            0.390264
2005-02-28  0.380282  0.161254  0.848054  0.118742  0.270768  ...                 -0.022887                        0.000000                        0.111111         0.125340            0.431128
...              ...       ...       ...       ...       ...  ...                       ...                             ...                             ...              ...                 ...
2023-04-30  0.100085 -0.257747  2.141323  0.379659 -0.078831  ...                  0.010753                       -0.020000                        0.000000        -0.053924            1.157269
2023-05-31 -0.170105 -0.380881  2.145215  0.248346 -0.275493  ...                 -0.008511                       -0.183673                        0.050000        -0.070436            1.097758
2023-06-30 -0.400267 -0.207139  2.152674  0.024199 -0.303703  ...                 -0.004292                       -0.250000                        0.000000        -0.086948            1.038247
2023-07-31  0.190148  0.209223  2.159980 -0.104953  0.199686  ...                  0.002155                        0.066667                        0.047619        -0.103460            0.978737
2023-08-31 -0.078581  0.454386  2.164812 -0.168512  0.187903  ...                  0.000000                        0.000000                        0.000000        -0.119972            0.919226

[227 rows x 30 columns]
2024-11-17 20:03:26,746 - my_logger - INFO -                CFNAI     NGDP1  CPIAUCSL      CPI1    Growth  ...  MSCI WORLD/INDUSTRL  MSCI WORLD REAL ESTATE  ISM Manufacturing PMI SA  US CPI Urban Consumers YoY NSA  Federal Funds Target Rate - Up
2004-10-31  0.440324 -0.249076  0.829350 -0.458396  0.095624  ...             0.017105                0.035133                 -0.019164                        0.280000                        0.000000
2004-11-30  0.020029 -0.213042  0.839871 -0.341355 -0.096507  ...             0.064366                0.073984                 -0.001776                        0.093750                        0.142857
2004-12-31  0.810584 -0.171887  0.839871 -0.026042  0.319349  ...             0.030030                0.050138                  0.017794                       -0.057143                        0.125000
2005-01-31  0.180141 -0.006927  0.838702  0.203004  0.086607  ...            -0.008192               -0.046460                 -0.006993                       -0.090909                        0.000000
2005-02-28  0.380282  0.161254  0.848054  0.118742  0.270768  ...             0.016439                0.020496                 -0.022887                        0.000000                        0.111111
...              ...       ...       ...       ...       ...  ...                  ...                     ...                       ...                             ...                             ...
2023-04-30  0.100085 -0.257747  2.141323  0.379659 -0.078831  ...             0.004672                0.016093                  0.010753                       -0.020000                        0.000000
2023-05-31 -0.170105 -0.380881  2.145215  0.248346 -0.275493  ...            -0.030087               -0.053178                 -0.008511                       -0.183673                        0.050000
2023-06-30 -0.400267 -0.207139  2.152674  0.024199 -0.303703  ...             0.088332                0.034090                 -0.004292                       -0.250000                        0.000000
2023-07-31  0.190148  0.209223  2.159980 -0.104953  0.199686  ...             0.029952                0.024213                  0.002155                        0.066667                        0.047619
2023-08-31 -0.250161  0.871403  2.178204 -0.025331  0.310621  ...            -0.031894               -0.032037                  0.023656                        0.156250                        0.000000

[227 rows x 28 columns]
2024-11-17 20:03:26,801 - my_logger - INFO -                CFNAI     NGDP1  CPIAUCSL      CPI1    Growth  ...  MSCI WORLD/INDUSTRL  MSCI WORLD REAL ESTATE  ISM Manufacturing PMI SA  US CPI Urban Consumers YoY NSA  Federal Funds Target Rate - Up
2004-10-31  0.440324 -0.249076  0.829350 -0.458396  0.095624  ...             0.017105                0.035133                 -0.019164                        0.280000                        0.000000
2004-11-30  0.020029 -0.213042  0.839871 -0.341355 -0.096507  ...             0.064366                0.073984                 -0.001776                        0.093750                        0.142857
2004-12-31  0.810584 -0.171887  0.839871 -0.026042  0.319349  ...             0.030030                0.050138                  0.017794                       -0.057143                        0.125000
2005-01-31  0.180141 -0.006927  0.838702  0.203004  0.086607  ...            -0.008192               -0.046460                 -0.006993                       -0.090909                        0.000000
2005-02-28  0.380282  0.161254  0.848054  0.118742  0.270768  ...             0.016439                0.020496                 -0.022887                        0.000000                        0.111111
...              ...       ...       ...       ...       ...  ...                  ...                     ...                       ...                             ...                             ...
2023-05-31 -0.170105 -0.380881  2.145215  0.248346 -0.275493  ...            -0.030087               -0.053178                 -0.008511                       -0.183673                        0.050000
2023-06-30 -0.400267 -0.207139  2.152674  0.024199 -0.303703  ...             0.088332                0.034090                 -0.004292                       -0.250000                        0.000000
2023-07-31  0.190148  0.209223  2.159980 -0.104953  0.199686  ...             0.029952                0.024213                  0.002155                        0.066667                        0.047619
2023-08-31 -0.250161  0.871403  2.178204 -0.025331  0.310621  ...            -0.031894               -0.032037                  0.023656                        0.156250                        0.000000
2023-09-30  0.000015  1.094543  2.191075  0.162292  0.547279  ...            -0.052279               -0.069345                  0.021008                        0.000000                        0.000000

[228 rows x 28 columns]
2024-11-17 20:03:26,857 - my_logger - INFO -                CFNAI     NGDP1  CPIAUCSL      CPI1    Growth  ...  MSCI WORLD/INDUSTRL  MSCI WORLD REAL ESTATE  ISM Manufacturing PMI SA  US CPI Urban Consumers YoY NSA  Federal Funds Target Rate - Up
2004-10-31  0.440324 -0.249076  0.829350 -0.458396  0.095624  ...             0.017105                0.035133                 -0.019164                        0.280000                        0.000000
2004-11-30  0.020029 -0.213042  0.839871 -0.341355 -0.096507  ...             0.064366                0.073984                 -0.001776                        0.093750                        0.142857
2004-12-31  0.810584 -0.171887  0.839871 -0.026042  0.319349  ...             0.030030                0.050138                  0.017794                       -0.057143                        0.125000
2005-01-31  0.180141 -0.006927  0.838702  0.203004  0.086607  ...            -0.008192               -0.046460                 -0.006993                       -0.090909                        0.000000
2005-02-28  0.380282  0.161254  0.848054  0.118742  0.270768  ...             0.016439                0.020496                 -0.022887                        0.000000                        0.111111
...              ...       ...       ...       ...       ...  ...                  ...                     ...                       ...                             ...                             ...
2023-06-30 -0.400267 -0.207139  2.152674  0.024199 -0.303703  ...             0.088332                0.034090                 -0.004292                       -0.250000                        0.000000
2023-07-31  0.190148  0.209223  2.159980 -0.104953  0.199686  ...             0.029952                0.024213                  0.002155                        0.066667                        0.047619
2023-08-31 -0.250161  0.871403  2.178204 -0.025331  0.310621  ...            -0.031894               -0.032037                  0.023656                        0.156250                        0.000000
2023-09-30  0.000015  1.094543  2.191075  0.162292  0.547279  ...            -0.052279               -0.069345                  0.021008                        0.000000                        0.000000
2023-10-31 -0.600407  0.735563  2.193915  0.290099  0.067578  ...            -0.041802               -0.035619                 -0.034979                       -0.135135                        0.000000

[229 rows x 28 columns]
2024-11-17 20:03:26,913 - my_logger - INFO -                CFNAI     NGDP1  CPIAUCSL      CPI1    Growth  ...  MSCI WORLD/INDUSTRL  MSCI WORLD REAL ESTATE  ISM Manufacturing PMI SA  US CPI Urban Consumers YoY NSA  Federal Funds Target Rate - Up
2004-10-31  0.440324 -0.249076  0.829350 -0.458396  0.095624  ...             0.017105                0.035133                 -0.019164                        0.280000                        0.000000
2004-11-30  0.020029 -0.213042  0.839871 -0.341355 -0.096507  ...             0.064366                0.073984                 -0.001776                        0.093750                        0.142857
2004-12-31  0.810584 -0.171887  0.839871 -0.026042  0.319349  ...             0.030030                0.050138                  0.017794                       -0.057143                        0.125000
2005-01-31  0.180141 -0.006927  0.838702  0.203004  0.086607  ...            -0.008192               -0.046460                 -0.006993                       -0.090909                        0.000000
2005-02-28  0.380282  0.161254  0.848054  0.118742  0.270768  ...             0.016439                0.020496                 -0.022887                        0.000000                        0.111111
...              ...       ...       ...       ...       ...  ...                  ...                     ...                       ...                             ...                             ...
2023-07-31  0.190148  0.209223  2.159980 -0.104953  0.199686  ...             0.029952                0.024213                  0.002155                        0.066667                        0.047619
2023-08-31 -0.250161  0.871403  2.178204 -0.025331  0.310621  ...            -0.031894               -0.032037                  0.023656                        0.156250                        0.000000
2023-09-30  0.000015  1.094543  2.191075  0.162292  0.547279  ...            -0.052279               -0.069345                  0.021008                        0.000000                        0.000000
2023-10-31 -0.600407  0.735563  2.193915  0.290099  0.067578  ...            -0.041802               -0.035619                 -0.034979                       -0.135135                        0.000000
2023-11-30  0.230176  0.131303  2.199678  0.250005  0.180740  ...             0.101848                0.000000                 -0.006397                       -0.031250                        0.000000

[230 rows x 28 columns]
2024-11-17 20:03:26,969 - my_logger - INFO -                CFNAI     NGDP1  CPIAUCSL      CPI1    Growth  ...  MSCI WORLD/INDUSTRL  MSCI WORLD REAL ESTATE  ISM Manufacturing PMI SA  US CPI Urban Consumers YoY NSA  Federal Funds Target Rate - Up
2004-10-31  0.440324 -0.249076  0.829350 -0.458396  0.095624  ...             0.017105                0.035133                 -0.019164                        0.280000                        0.000000
2004-11-30  0.020029 -0.213042  0.839871 -0.341355 -0.096507  ...             0.064366                0.073984                 -0.001776                        0.093750                        0.142857
2004-12-31  0.810584 -0.171887  0.839871 -0.026042  0.319349  ...             0.030030                0.050138                  0.017794                       -0.057143                        0.125000
2005-01-31  0.180141 -0.006927  0.838702  0.203004  0.086607  ...            -0.008192               -0.046460                 -0.006993                       -0.090909                        0.000000
2005-02-28  0.380282  0.161254  0.848054  0.118742  0.270768  ...             0.016439                0.020496                 -0.022887                        0.000000                        0.111111
...              ...       ...       ...       ...       ...  ...                  ...                     ...                       ...                             ...                             ...
2023-08-31 -0.250161  0.871403  2.178204 -0.025331  0.310621  ...            -0.031894               -0.032037                  0.023656                        0.156250                        0.000000
2023-09-30  0.000015  1.094543  2.191075  0.162292  0.547279  ...            -0.052279               -0.069345                  0.021008                        0.000000                        0.000000
2023-10-31 -0.600407  0.735563  2.193915  0.290099  0.067578  ...            -0.041802               -0.035619                 -0.034979                       -0.135135                        0.000000
2023-11-30  0.230176  0.131303  2.199678  0.250005  0.180740  ...             0.101848                0.000000                 -0.006397                       -0.031250                        0.000000
2023-12-31 -0.140084 -0.401207  2.208072  0.101464 -0.270645  ...             0.074830                0.000000                  0.010730                        0.096774                        0.000000

[231 rows x 28 columns]
2024-11-17 20:03:28,026 - my_logger - INFO -                CFNAI     NGDP1  CPIAUCSL      CPI1    Growth  ...  ISM Manufacturing PMI SA  US CPI Urban Consumers YoY NSA  Federal Funds Target Rate - Up  Growth_filtered  Inflation_filtered
2004-10-31  0.440324 -0.249076  0.829350 -0.458396  0.095624  ...                 -0.019164                        0.280000                        0.000000         0.146401            0.267670
2004-11-30  0.020029 -0.213042  0.839871 -0.341355 -0.096507  ...                 -0.001776                        0.093750                        0.142857         0.141136            0.308535
2004-12-31  0.810584 -0.171887  0.839871 -0.026042  0.319349  ...                  0.017794                       -0.057143                        0.125000         0.135870            0.349399
2005-01-31  0.180141 -0.006927  0.838702  0.203004  0.086607  ...                 -0.006993                       -0.090909                        0.000000         0.130605            0.390264
2005-02-28  0.380282  0.161254  0.848054  0.118742  0.270768  ...                 -0.022887                        0.000000                        0.111111         0.125340            0.431128
...              ...       ...       ...       ...       ...  ...                       ...                             ...                             ...              ...                 ...
2023-10-31 -0.600407  0.735563  2.193915  0.290099  0.067578  ...                 -0.034979                       -0.135135                        0.000000        -0.070425            1.112686
2023-11-30  0.230176  0.131303  2.199678  0.250005  0.180740  ...                 -0.006397                       -0.031250                        0.000000        -0.140154            1.097558
2023-12-31 -0.140084 -0.401207  2.208072  0.101464 -0.270645  ...                  0.010730                        0.096774                        0.000000        -0.209882            1.082429
2024-01-31 -0.790541 -0.616885  2.219095 -0.063211 -0.703713  ...                  0.042463                       -0.088235                        0.000000        -0.279611            1.067301
2024-02-29 -0.240139 -0.685643  2.226540 -0.202261 -0.462891  ...                  0.000000                        0.000000                        0.000000        -0.349339            1.052172

[233 rows x 30 columns]
2024-11-17 20:03:28,082 - my_logger - INFO -                CFNAI     NGDP1  CPIAUCSL      CPI1    Growth  ...  MSCI WORLD/INDUSTRL  MSCI WORLD REAL ESTATE  ISM Manufacturing PMI SA  US CPI Urban Consumers YoY NSA  Federal Funds Target Rate - Up
2004-10-31  0.440324 -0.249076  0.829350 -0.458396  0.095624  ...             0.017105                0.035133                 -0.019164                        0.280000                        0.000000
2004-11-30  0.020029 -0.213042  0.839871 -0.341355 -0.096507  ...             0.064366                0.073984                 -0.001776                        0.093750                        0.142857
2004-12-31  0.810584 -0.171887  0.839871 -0.026042  0.319349  ...             0.030030                0.050138                  0.017794                       -0.057143                        0.125000
2005-01-31  0.180141 -0.006927  0.838702  0.203004  0.086607  ...            -0.008192               -0.046460                 -0.006993                       -0.090909                        0.000000
2005-02-28  0.380282  0.161254  0.848054  0.118742  0.270768  ...             0.016439                0.020496                 -0.022887                        0.000000                        0.111111
...              ...       ...       ...       ...       ...  ...                  ...                     ...                       ...                             ...                             ...
2023-10-31 -0.600407  0.735563  2.193915  0.290099  0.067578  ...            -0.041802               -0.035619                 -0.034979                       -0.135135                        0.000000
2023-11-30  0.230176  0.131303  2.199678  0.250005  0.180740  ...             0.101848                0.000000                 -0.006397                       -0.031250                        0.000000
2023-12-31 -0.140084 -0.401207  2.208072  0.101464 -0.270645  ...             0.074830                0.000000                  0.010730                        0.096774                        0.000000
2024-01-31 -0.790541 -0.616885  2.219095 -0.063211 -0.703713  ...            -0.002013                0.000000                  0.042463                       -0.088235                        0.000000
2024-02-29  0.310233 -0.586657  2.235098 -0.135360 -0.138212  ...             0.056306                0.000000                 -0.026477                        0.032258                        0.000000

[233 rows x 28 columns]
2024-11-17 20:03:28,137 - my_logger - INFO -                CFNAI     NGDP1  CPIAUCSL      CPI1    Growth  ...  MSCI WORLD/INDUSTRL  MSCI WORLD REAL ESTATE  ISM Manufacturing PMI SA  US CPI Urban Consumers YoY NSA  Federal Funds Target Rate - Up
2004-10-31  0.440324 -0.249076  0.829350 -0.458396  0.095624  ...             0.017105                0.035133                 -0.019164                        0.280000                        0.000000
2004-11-30  0.020029 -0.213042  0.839871 -0.341355 -0.096507  ...             0.064366                0.073984                 -0.001776                        0.093750                        0.142857
2004-12-31  0.810584 -0.171887  0.839871 -0.026042  0.319349  ...             0.030030                0.050138                  0.017794                       -0.057143                        0.125000
2005-01-31  0.180141 -0.006927  0.838702  0.203004  0.086607  ...            -0.008192               -0.046460                 -0.006993                       -0.090909                        0.000000
2005-02-28  0.380282  0.161254  0.848054  0.118742  0.270768  ...             0.016439                0.020496                 -0.022887                        0.000000                        0.111111
...              ...       ...       ...       ...       ...  ...                  ...                     ...                       ...                             ...                             ...
2023-10-31 -0.600407  0.735563  2.193915  0.290099  0.067578  ...            -0.041802               -0.035619                 -0.034979                       -0.135135                        0.000000
2023-11-30  0.230176  0.131303  2.199678  0.250005  0.180740  ...             0.101848                0.000000                 -0.006397                       -0.031250                        0.000000
2023-12-31 -0.140084 -0.401207  2.208072  0.101464 -0.270645  ...             0.074830                0.000000                  0.010730                        0.096774                        0.000000
2024-01-31 -0.790541 -0.616885  2.219095 -0.063211 -0.703713  ...            -0.002013                0.000000                  0.042463                       -0.088235                        0.000000
2024-02-29  0.310233 -0.586657  2.235098 -0.135360 -0.138212  ...             0.056306                0.000000                 -0.026477                        0.032258                        0.000000

[233 rows x 28 columns]
2024-11-17 20:04:05,512 - my_logger - INFO -                CFNAI     NGDP1  CPIAUCSL      CPI1    Growth  ...  ISM Manufacturing PMI SA  US CPI Urban Consumers YoY NSA  Federal Funds Target Rate - Up  Growth_filtered  Inflation_filtered
2004-10-31  0.440324 -0.249076  0.829350 -0.458396  0.095624  ...                 -0.019164                        0.280000                        0.000000         0.146401            0.267670
2004-11-30  0.020029 -0.213042  0.839871 -0.341355 -0.096507  ...                 -0.001776                        0.093750                        0.142857         0.141136            0.308535
2004-12-31  0.810584 -0.171887  0.839871 -0.026042  0.319349  ...                  0.017794                       -0.057143                        0.125000         0.135871            0.349399
2005-01-31  0.180141 -0.006927  0.838702  0.203004  0.086607  ...                 -0.006993                       -0.090909                        0.000000         0.130605            0.390264
2005-02-28  0.380282  0.161254  0.848054  0.118742  0.270768  ...                 -0.022887                        0.000000                        0.111111         0.125340            0.431128
...              ...       ...       ...       ...       ...  ...                       ...                             ...                             ...              ...                 ...
2021-10-31  0.830598  0.490853  1.830397  1.612546  0.660726  ...                  0.000000                        0.148148                        0.000000         0.572091            1.891977
2021-11-30  0.750542  1.247916  1.858043  1.684907  0.999229  ...                  0.003306                        0.096774                        0.000000         0.599810            1.976081
2021-12-31  0.180141  1.435329  1.881528  1.989633  0.807735  ...                 -0.039539                        0.029412                        0.000000         0.627529            2.060184
2022-01-31 -0.100056  1.198108  1.900021  2.317317  0.549026  ...                 -0.015437                        0.071429                        0.000000         0.655249            2.144287
2022-02-28 -0.131623  1.007719  1.911218  2.572226  0.438048  ...                  0.000000                        0.000000                        0.000000         0.682968            2.228390

[209 rows x 30 columns]
2024-11-17 20:04:05,566 - my_logger - INFO -                CFNAI     NGDP1  CPIAUCSL      CPI1    Growth  ...  MSCI WORLD/INDUSTRL  MSCI WORLD REAL ESTATE  ISM Manufacturing PMI SA  US CPI Urban Consumers YoY NSA  Federal Funds Target Rate - Up
2004-10-31  0.440324 -0.249076  0.829350 -0.458396  0.095624  ...             0.017105                0.035133                 -0.019164                        0.280000                        0.000000
2004-11-30  0.020029 -0.213042  0.839871 -0.341355 -0.096507  ...             0.064366                0.073984                 -0.001776                        0.093750                        0.142857
2004-12-31  0.810584 -0.171887  0.839871 -0.026042  0.319349  ...             0.030030                0.050138                  0.017794                       -0.057143                        0.125000
2005-01-31  0.180141 -0.006927  0.838702  0.203004  0.086607  ...            -0.008192               -0.046460                 -0.006993                       -0.090909                        0.000000
2005-02-28  0.380282  0.161254  0.848054  0.118742  0.270768  ...             0.016439                0.020496                 -0.022887                        0.000000                        0.111111
...              ...       ...       ...       ...       ...  ...                  ...                     ...                       ...                             ...                             ...
2021-10-31  0.830598  0.490853  1.830397  1.612546  0.660726  ...             0.045593                0.056201                  0.000000                        0.148148                        0.000000
2021-11-30  0.750542  1.247916  1.858043  1.684907  0.999229  ...            -0.041096               -0.029587                  0.003306                        0.096774                        0.000000
2021-12-31  0.180141  1.435329  1.881528  1.989633  0.807735  ...             0.053744                0.075345                 -0.039539                        0.029412                        0.000000
2022-01-31 -0.100056  1.198108  1.900021  2.317317  0.549026  ...            -0.067900               -0.070845                 -0.015437                        0.071429                        0.000000
2022-02-28  0.590429  0.456331  1.925096  2.489322  0.523380  ...            -0.018127               -0.036706                  0.015679                        0.053333                        0.000000

[209 rows x 28 columns]
2024-11-17 20:04:05,622 - my_logger - INFO -                CFNAI     NGDP1  CPIAUCSL      CPI1    Growth  ...  MSCI WORLD/INDUSTRL  MSCI WORLD REAL ESTATE  ISM Manufacturing PMI SA  US CPI Urban Consumers YoY NSA  Federal Funds Target Rate - Up
2004-10-31  0.440324 -0.249076  0.829350 -0.458396  0.095624  ...             0.017105                0.035133                 -0.019164                        0.280000                        0.000000
2004-11-30  0.020029 -0.213042  0.839871 -0.341355 -0.096507  ...             0.064366                0.073984                 -0.001776                        0.093750                        0.142857
2004-12-31  0.810584 -0.171887  0.839871 -0.026042  0.319349  ...             0.030030                0.050138                  0.017794                       -0.057143                        0.125000
2005-01-31  0.180141 -0.006927  0.838702  0.203004  0.086607  ...            -0.008192               -0.046460                 -0.006993                       -0.090909                        0.000000
2005-02-28  0.380282  0.161254  0.848054  0.118742  0.270768  ...             0.016439                0.020496                 -0.022887                        0.000000                        0.111111
...              ...       ...       ...       ...       ...  ...                  ...                     ...                       ...                             ...                             ...
2021-11-30  0.750542  1.247916  1.858043  1.684907  0.999229  ...            -0.041096               -0.029587                  0.003306                        0.096774                        0.000000
2021-12-31  0.180141  1.435329  1.881528  1.989633  0.807735  ...             0.053744                0.075345                 -0.039539                        0.029412                        0.000000
2022-01-31 -0.100056  1.198108  1.900021  2.317317  0.549026  ...            -0.067900               -0.070845                 -0.015437                        0.071429                        0.000000
2022-02-28  0.590429  0.456331  1.925096  2.489322  0.523380  ...            -0.018127               -0.036706                  0.015679                        0.053333                        0.000000
2022-03-31  0.450331 -0.149189  1.960376  2.582232  0.150571  ...             0.020146                0.046314                 -0.017153                        0.075949                        1.000000

[210 rows x 28 columns]
2024-11-17 20:04:05,681 - my_logger - INFO -                CFNAI     NGDP1  CPIAUCSL      CPI1    Growth  ...  MSCI WORLD/INDUSTRL  MSCI WORLD REAL ESTATE  ISM Manufacturing PMI SA  US CPI Urban Consumers YoY NSA  Federal Funds Target Rate - Up
2004-10-31  0.440324 -0.249076  0.829350 -0.458396  0.095624  ...             0.017105                0.035133                 -0.019164                        0.280000                        0.000000
2004-11-30  0.020029 -0.213042  0.839871 -0.341355 -0.096507  ...             0.064366                0.073984                 -0.001776                        0.093750                        0.142857
2004-12-31  0.810584 -0.171887  0.839871 -0.026042  0.319349  ...             0.030030                0.050138                  0.017794                       -0.057143                        0.125000
2005-01-31  0.180141 -0.006927  0.838702  0.203004  0.086607  ...            -0.008192               -0.046460                 -0.006993                       -0.090909                        0.000000
2005-02-28  0.380282  0.161254  0.848054  0.118742  0.270768  ...             0.016439                0.020496                 -0.022887                        0.000000                        0.111111
...              ...       ...       ...       ...       ...  ...                  ...                     ...                       ...                             ...                             ...
2021-12-31  0.180141  1.435329  1.881528  1.989633  0.807735  ...             0.053744                0.075345                 -0.039539                        0.029412                        0.000000
2022-01-31 -0.100056  1.198108  1.900021  2.317317  0.549026  ...            -0.067900               -0.070845                 -0.015437                        0.071429                        0.000000
2022-02-28  0.590429  0.456331  1.925096  2.489322  0.523380  ...            -0.018127               -0.036706                  0.015679                        0.053333                        0.000000
2022-03-31  0.450331 -0.149189  1.960376  2.582232  0.150571  ...             0.020146                0.046314                 -0.017153                        0.075949                        1.000000
2022-04-30  0.040043 -0.220494  1.974532  2.756621 -0.090226  ...            -0.085657               -0.041569                 -0.029668                       -0.023529                        0.000000

[211 rows x 28 columns]
2024-11-17 20:04:05,736 - my_logger - INFO -                CFNAI     NGDP1  CPIAUCSL      CPI1    Growth  ...  MSCI WORLD/INDUSTRL  MSCI WORLD REAL ESTATE  ISM Manufacturing PMI SA  US CPI Urban Consumers YoY NSA  Federal Funds Target Rate - Up
2004-10-31  0.440324 -0.249076  0.829350 -0.458396  0.095624  ...             0.017105                0.035133                 -0.019164                        0.280000                        0.000000
2004-11-30  0.020029 -0.213042  0.839871 -0.341355 -0.096507  ...             0.064366                0.073984                 -0.001776                        0.093750                        0.142857
2004-12-31  0.810584 -0.171887  0.839871 -0.026042  0.319349  ...             0.030030                0.050138                  0.017794                       -0.057143                        0.125000
2005-01-31  0.180141 -0.006927  0.838702  0.203004  0.086607  ...            -0.008192               -0.046460                 -0.006993                       -0.090909                        0.000000
2005-02-28  0.380282  0.161254  0.848054  0.118742  0.270768  ...             0.016439                0.020496                 -0.022887                        0.000000                        0.111111
...              ...       ...       ...       ...       ...  ...                  ...                     ...                       ...                             ...                             ...
2022-01-31 -0.100056  1.198108  1.900021  2.317317  0.549026  ...            -0.067900               -0.070845                 -0.015437                        0.071429                        0.000000
2022-02-28  0.590429  0.456331  1.925096  2.489322  0.523380  ...            -0.018127               -0.036706                  0.015679                        0.053333                        0.000000
2022-03-31  0.450331 -0.149189  1.960376  2.582232  0.150571  ...             0.020146                0.046314                 -0.017153                        0.075949                        1.000000
2022-04-30  0.040043 -0.220494  1.974532  2.756621 -0.090226  ...            -0.085657               -0.041569                 -0.029668                       -0.023529                        0.000000
2022-05-31 -0.360239 -0.122550  2.004867  3.071794 -0.241394  ...            -0.008191               -0.040519                  0.008993                        0.036145                        1.000000

[212 rows x 28 columns]
2024-11-17 20:04:05,791 - my_logger - INFO -                CFNAI     NGDP1  CPIAUCSL      CPI1    Growth  ...  MSCI WORLD/INDUSTRL  MSCI WORLD REAL ESTATE  ISM Manufacturing PMI SA  US CPI Urban Consumers YoY NSA  Federal Funds Target Rate - Up
2004-10-31  0.440324 -0.249076  0.829350 -0.458396  0.095624  ...             0.017105                0.035133                 -0.019164                        0.280000                        0.000000
2004-11-30  0.020029 -0.213042  0.839871 -0.341355 -0.096507  ...             0.064366                0.073984                 -0.001776                        0.093750                        0.142857
2004-12-31  0.810584 -0.171887  0.839871 -0.026042  0.319349  ...             0.030030                0.050138                  0.017794                       -0.057143                        0.125000
2005-01-31  0.180141 -0.006927  0.838702  0.203004  0.086607  ...            -0.008192               -0.046460                 -0.006993                       -0.090909                        0.000000
2005-02-28  0.380282  0.161254  0.848054  0.118742  0.270768  ...             0.016439                0.020496                 -0.022887                        0.000000                        0.111111
...              ...       ...       ...       ...       ...  ...                  ...                     ...                       ...                             ...                             ...
2022-02-28  0.590429  0.456331  1.925096  2.489322  0.523380  ...            -0.018127               -0.036706                  0.015679                        0.053333                        0.000000
2022-03-31  0.450331 -0.149189  1.960376  2.582232  0.150571  ...             0.020146                0.046314                 -0.017153                        0.075949                        1.000000
2022-04-30  0.040043 -0.220494  1.974532  2.756621 -0.090226  ...            -0.085657               -0.041569                 -0.029668                       -0.023529                        0.000000
2022-05-31 -0.360239 -0.122550  2.004867  3.071794 -0.241394  ...            -0.008191               -0.040519                  0.008993                        0.036145                        1.000000
2022-06-30 -0.240154  0.211741  2.047383  3.353878 -0.014206  ...            -0.085859               -0.079548                 -0.048128                        0.058140                        0.750000

[213 rows x 28 columns]
2024-11-17 20:04:06,790 - my_logger - INFO -                CFNAI     NGDP1  CPIAUCSL      CPI1    Growth  ...  ISM Manufacturing PMI SA  US CPI Urban Consumers YoY NSA  Federal Funds Target Rate - Up  Growth_filtered  Inflation_filtered
2004-10-31  0.440324 -0.249076  0.829350 -0.458396  0.095624  ...                 -0.019164                        0.280000                        0.000000         0.146401            0.267670
2004-11-30  0.020029 -0.213042  0.839871 -0.341355 -0.096507  ...                 -0.001776                        0.093750                        0.142857         0.141136            0.308535
2004-12-31  0.810584 -0.171887  0.839871 -0.026042  0.319349  ...                  0.017794                       -0.057143                        0.125000         0.135870            0.349399
2005-01-31  0.180141 -0.006927  0.838702  0.203004  0.086607  ...                 -0.006993                       -0.090909                        0.000000         0.130605            0.390264
2005-02-28  0.380282  0.161254  0.848054  0.118742  0.270768  ...                 -0.022887                        0.000000                        0.111111         0.125340            0.431128
...              ...       ...       ...       ...       ...  ...                       ...                             ...                             ...              ...                 ...
2022-04-30  0.040043 -0.220494  1.974532  2.756621 -0.090226  ...                 -0.029668                       -0.023529                        0.000000         0.293501            2.397346
2022-05-31 -0.360239 -0.122550  2.004867  3.071794 -0.241394  ...                  0.008993                        0.036145                        1.000000         0.243691            2.481641
2022-06-30 -0.240154  0.211741  2.047383  3.353878 -0.014206  ...                 -0.048128                        0.058140                        0.750000         0.193880            2.565936
2022-07-31  0.200155  0.591889  2.047161  3.330178  0.396022  ...                 -0.011236                       -0.065934                        0.428571         0.144070            2.650232
2022-08-31 -0.076624  0.811026  2.043825  3.171564  0.367201  ...                  0.000000                        0.000000                        0.000000         0.094260            2.734527

[215 rows x 30 columns]
2024-11-17 20:04:06,847 - my_logger - INFO -                CFNAI     NGDP1  CPIAUCSL      CPI1    Growth  ...  MSCI WORLD/INDUSTRL  MSCI WORLD REAL ESTATE  ISM Manufacturing PMI SA  US CPI Urban Consumers YoY NSA  Federal Funds Target Rate - Up
2004-10-31  0.440324 -0.249076  0.829350 -0.458396  0.095624  ...             0.017105                0.035133                 -0.019164                        0.280000                        0.000000
2004-11-30  0.020029 -0.213042  0.839871 -0.341355 -0.096507  ...             0.064366                0.073984                 -0.001776                        0.093750                        0.142857
2004-12-31  0.810584 -0.171887  0.839871 -0.026042  0.319349  ...             0.030030                0.050138                  0.017794                       -0.057143                        0.125000
2005-01-31  0.180141 -0.006927  0.838702  0.203004  0.086607  ...            -0.008192               -0.046460                 -0.006993                       -0.090909                        0.000000
2005-02-28  0.380282  0.161254  0.848054  0.118742  0.270768  ...             0.016439                0.020496                 -0.022887                        0.000000                        0.111111
...              ...       ...       ...       ...       ...  ...                  ...                     ...                       ...                             ...                             ...
2022-04-30  0.040043 -0.220494  1.974532  2.756621 -0.090226  ...            -0.085657               -0.041569                 -0.029668                       -0.023529                        0.000000
2022-05-31 -0.360239 -0.122550  2.004867  3.071794 -0.241394  ...            -0.008191               -0.040519                  0.008993                        0.036145                        1.000000
2022-06-30 -0.240154  0.211741  2.047383  3.353878 -0.014206  ...            -0.085859               -0.079548                 -0.048128                        0.058140                        0.750000
2022-07-31  0.200155  0.591889  2.047161  3.330178  0.396022  ...             0.094771                0.075702                 -0.011236                       -0.065934                        0.428571
2022-08-31  0.180141  1.119313  2.049873  2.825112  0.649727  ...            -0.042307               -0.061018                  0.000000                       -0.023529                        0.000000

[215 rows x 28 columns]
2024-11-17 20:04:06,901 - my_logger - INFO -                CFNAI     NGDP1  CPIAUCSL      CPI1    Growth  ...  MSCI WORLD/INDUSTRL  MSCI WORLD REAL ESTATE  ISM Manufacturing PMI SA  US CPI Urban Consumers YoY NSA  Federal Funds Target Rate - Up
2004-10-31  0.440324 -0.249076  0.829350 -0.458396  0.095624  ...             0.017105                0.035133                 -0.019164                        0.280000                        0.000000
2004-11-30  0.020029 -0.213042  0.839871 -0.341355 -0.096507  ...             0.064366                0.073984                 -0.001776                        0.093750                        0.142857
2004-12-31  0.810584 -0.171887  0.839871 -0.026042  0.319349  ...             0.030030                0.050138                  0.017794                       -0.057143                        0.125000
2005-01-31  0.180141 -0.006927  0.838702  0.203004  0.086607  ...            -0.008192               -0.046460                 -0.006993                       -0.090909                        0.000000
2005-02-28  0.380282  0.161254  0.848054  0.118742  0.270768  ...             0.016439                0.020496                 -0.022887                        0.000000                        0.111111
...              ...       ...       ...       ...       ...  ...                  ...                     ...                       ...                             ...                             ...
2022-05-31 -0.360239 -0.122550  2.004867  3.071794 -0.241394  ...            -0.008191               -0.040519                  0.008993                        0.036145                        1.000000
2022-06-30 -0.240154  0.211741  2.047383  3.353878 -0.014206  ...            -0.085859               -0.079548                 -0.048128                        0.058140                        0.750000
2022-07-31  0.200155  0.591889  2.047161  3.330178  0.396022  ...             0.094771                0.075702                 -0.011236                       -0.065934                        0.428571
2022-08-31  0.180141  1.119313  2.049873  2.825112  0.649727  ...            -0.042307               -0.061018                  0.000000                       -0.023529                        0.000000
2022-09-30  0.070064  1.271475  2.063106  2.019198  0.670769  ...            -0.104882               -0.131958                 -0.037879                       -0.012048                        0.300000

[216 rows x 28 columns]
2024-11-17 20:04:06,957 - my_logger - INFO -                CFNAI     NGDP1  CPIAUCSL      CPI1    Growth  ...  MSCI WORLD/INDUSTRL  MSCI WORLD REAL ESTATE  ISM Manufacturing PMI SA  US CPI Urban Consumers YoY NSA  Federal Funds Target Rate - Up
2004-10-31  0.440324 -0.249076  0.829350 -0.458396  0.095624  ...             0.017105                0.035133                 -0.019164                        0.280000                        0.000000
2004-11-30  0.020029 -0.213042  0.839871 -0.341355 -0.096507  ...             0.064366                0.073984                 -0.001776                        0.093750                        0.142857
2004-12-31  0.810584 -0.171887  0.839871 -0.026042  0.319349  ...             0.030030                0.050138                  0.017794                       -0.057143                        0.125000
2005-01-31  0.180141 -0.006927  0.838702  0.203004  0.086607  ...            -0.008192               -0.046460                 -0.006993                       -0.090909                        0.000000
2005-02-28  0.380282  0.161254  0.848054  0.118742  0.270768  ...             0.016439                0.020496                 -0.022887                        0.000000                        0.111111
...              ...       ...       ...       ...       ...  ...                  ...                     ...                       ...                             ...                             ...
2022-06-30 -0.240154  0.211741  2.047383  3.353878 -0.014206  ...            -0.085859               -0.079548                 -0.048128                        0.058140                        0.750000
2022-07-31  0.200155  0.591889  2.047161  3.330178  0.396022  ...             0.094771                0.075702                 -0.011236                       -0.065934                        0.428571
2022-08-31  0.180141  1.119313  2.049873  2.825112  0.649727  ...            -0.042307               -0.061018                  0.000000                       -0.023529                        0.000000
2022-09-30  0.070064  1.271475  2.063106  2.019198  0.670769  ...            -0.104882               -0.131958                 -0.037879                       -0.012048                        0.300000
2022-10-31 -0.080042  0.959243  2.080898  1.214720  0.439601  ...             0.103261                0.011106                 -0.015748                       -0.060976                        0.000000

[217 rows x 28 columns]
2024-11-17 20:04:07,020 - my_logger - INFO -                CFNAI     NGDP1  CPIAUCSL      CPI1    Growth  ...  MSCI WORLD/INDUSTRL  MSCI WORLD REAL ESTATE  ISM Manufacturing PMI SA  US CPI Urban Consumers YoY NSA  Federal Funds Target Rate - Up
2004-10-31  0.440324 -0.249076  0.829350 -0.458396  0.095624  ...             0.017105                0.035133                 -0.019164                        0.280000                        0.000000
2004-11-30  0.020029 -0.213042  0.839871 -0.341355 -0.096507  ...             0.064366                0.073984                 -0.001776                        0.093750                        0.142857
2004-12-31  0.810584 -0.171887  0.839871 -0.026042  0.319349  ...             0.030030                0.050138                  0.017794                       -0.057143                        0.125000
2005-01-31  0.180141 -0.006927  0.838702  0.203004  0.086607  ...            -0.008192               -0.046460                 -0.006993                       -0.090909                        0.000000
2005-02-28  0.380282  0.161254  0.848054  0.118742  0.270768  ...             0.016439                0.020496                 -0.022887                        0.000000                        0.111111
...              ...       ...       ...       ...       ...  ...                  ...                     ...                       ...                             ...                             ...
2022-07-31  0.200155  0.591889  2.047161  3.330178  0.396022  ...             0.094771                0.075702                 -0.011236                       -0.065934                        0.428571
2022-08-31  0.180141  1.119313  2.049873  2.825112  0.649727  ...            -0.042307               -0.061018                  0.000000                       -0.023529                        0.000000
2022-09-30  0.070064  1.271475  2.063106  2.019198  0.670769  ...            -0.104882               -0.131958                 -0.037879                       -0.012048                        0.300000
2022-10-31 -0.080042  0.959243  2.080898  1.214720  0.439601  ...             0.103261                0.011106                 -0.015748                       -0.060976                        0.000000
2022-11-30 -0.560379  0.506056  2.090075  0.582874 -0.027162  ...             0.088575                0.077102                 -0.022000                       -0.077922                        0.230769

[218 rows x 28 columns]
2024-11-17 20:04:07,078 - my_logger - INFO -                CFNAI     NGDP1  CPIAUCSL      CPI1    Growth  ...  MSCI WORLD/INDUSTRL  MSCI WORLD REAL ESTATE  ISM Manufacturing PMI SA  US CPI Urban Consumers YoY NSA  Federal Funds Target Rate - Up
2004-10-31  0.440324 -0.249076  0.829350 -0.458396  0.095624  ...             0.017105                0.035133                 -0.019164                        0.280000                        0.000000
2004-11-30  0.020029 -0.213042  0.839871 -0.341355 -0.096507  ...             0.064366                0.073984                 -0.001776                        0.093750                        0.142857
2004-12-31  0.810584 -0.171887  0.839871 -0.026042  0.319349  ...             0.030030                0.050138                  0.017794                       -0.057143                        0.125000
2005-01-31  0.180141 -0.006927  0.838702  0.203004  0.086607  ...            -0.008192               -0.046460                 -0.006993                       -0.090909                        0.000000
2005-02-28  0.380282  0.161254  0.848054  0.118742  0.270768  ...             0.016439                0.020496                 -0.022887                        0.000000                        0.111111
...              ...       ...       ...       ...       ...  ...                  ...                     ...                       ...                             ...                             ...
2022-08-31  0.180141  1.119313  2.049873  2.825112  0.649727  ...            -0.042307               -0.061018                  0.000000                       -0.023529                        0.000000
2022-09-30  0.070064  1.271475  2.063106  2.019198  0.670769  ...            -0.104882               -0.131958                 -0.037879                       -0.012048                        0.300000
2022-10-31 -0.080042  0.959243  2.080898  1.214720  0.439601  ...             0.103261                0.011106                 -0.015748                       -0.060976                        0.000000
2022-11-30 -0.560379  0.506056  2.090075  0.582874 -0.027162  ...             0.088575                0.077102                 -0.022000                       -0.077922                        0.230769
2022-12-31 -0.530358  0.067927  2.091992  0.209012 -0.231215  ...            -0.021135               -0.036870                 -0.016360                       -0.084507                        0.125000

[219 rows x 28 columns]
2024-11-17 20:04:08,094 - my_logger - INFO -                CFNAI     NGDP1  CPIAUCSL      CPI1    Growth  ...  ISM Manufacturing PMI SA  US CPI Urban Consumers YoY NSA  Federal Funds Target Rate - Up  Growth_filtered  Inflation_filtered
2004-10-31  0.440324 -0.249076  0.829350 -0.458396  0.095624  ...                 -0.019164                        0.280000                        0.000000         0.146401            0.267670
2004-11-30  0.020029 -0.213042  0.839871 -0.341355 -0.096507  ...                 -0.001776                        0.093750                        0.142857         0.141136            0.308535
2004-12-31  0.810584 -0.171887  0.839871 -0.026042  0.319349  ...                  0.017794                       -0.057143                        0.125000         0.135870            0.349399
2005-01-31  0.180141 -0.006927  0.838702  0.203004  0.086607  ...                 -0.006993                       -0.090909                        0.000000         0.130605            0.390264
2005-02-28  0.380282  0.161254  0.848054  0.118742  0.270768  ...                 -0.022887                        0.000000                        0.111111         0.125340            0.431128
...              ...       ...       ...       ...       ...  ...                       ...                             ...                             ...              ...                 ...
2022-10-31 -0.080042  0.959243  2.080898  1.214720  0.439601  ...                 -0.015748                       -0.060976                        0.000000         0.168070            1.788866
2022-11-30 -0.560379  0.506056  2.090075  0.582874 -0.027162  ...                 -0.022000                       -0.077922                        0.230769         0.136248            1.578549
2022-12-31 -0.530358  0.067927  2.091992  0.209012 -0.231215  ...                 -0.016360                       -0.084507                        0.125000         0.104426            1.368232
2023-01-31  0.450331 -0.084287  2.110041  0.071438  0.183022  ...                 -0.014553                       -0.015385                        0.000000         0.072604            1.157915
2023-02-28 -0.034651 -0.074868  2.123196  0.030449 -0.054759  ...                  0.000000                        0.000000                        0.000000         0.040782            0.947597

[221 rows x 30 columns]
2024-11-17 20:04:08,150 - my_logger - INFO -                CFNAI     NGDP1  CPIAUCSL      CPI1    Growth  ...  MSCI WORLD/INDUSTRL  MSCI WORLD REAL ESTATE  ISM Manufacturing PMI SA  US CPI Urban Consumers YoY NSA  Federal Funds Target Rate - Up
2004-10-31  0.440324 -0.249076  0.829350 -0.458396  0.095624  ...             0.017105                0.035133                 -0.019164                        0.280000                        0.000000
2004-11-30  0.020029 -0.213042  0.839871 -0.341355 -0.096507  ...             0.064366                0.073984                 -0.001776                        0.093750                        0.142857
2004-12-31  0.810584 -0.171887  0.839871 -0.026042  0.319349  ...             0.030030                0.050138                  0.017794                       -0.057143                        0.125000
2005-01-31  0.180141 -0.006927  0.838702  0.203004  0.086607  ...            -0.008192               -0.046460                 -0.006993                       -0.090909                        0.000000
2005-02-28  0.380282  0.161254  0.848054  0.118742  0.270768  ...             0.016439                0.020496                 -0.022887                        0.000000                        0.111111
...              ...       ...       ...       ...       ...  ...                  ...                     ...                       ...                             ...                             ...
2022-10-31 -0.080042  0.959243  2.080898  1.214720  0.439601  ...             0.103261                0.011106                 -0.015748                       -0.060976                        0.000000
2022-11-30 -0.560379  0.506056  2.090075  0.582874 -0.027162  ...             0.088575                0.077102                 -0.022000                       -0.077922                        0.230769
2022-12-31 -0.530358  0.067927  2.091992  0.209012 -0.231215  ...            -0.021135               -0.036870                 -0.016360                       -0.084507                        0.125000
2023-01-31  0.450331 -0.084287  2.110041  0.071438  0.183022  ...             0.057723                0.091835                 -0.014553                       -0.015385                        0.000000
2023-02-28 -0.280182 -0.114443  2.123519  0.159102 -0.197313  ...            -0.009480               -0.058187                  0.006329                       -0.062500                        0.055556

[221 rows x 28 columns]
2024-11-17 20:04:08,203 - my_logger - INFO -                CFNAI     NGDP1  CPIAUCSL      CPI1    Growth  ...  MSCI WORLD/INDUSTRL  MSCI WORLD REAL ESTATE  ISM Manufacturing PMI SA  US CPI Urban Consumers YoY NSA  Federal Funds Target Rate - Up
2004-10-31  0.440324 -0.249076  0.829350 -0.458396  0.095624  ...             0.017105                0.035133                 -0.019164                        0.280000                        0.000000
2004-11-30  0.020029 -0.213042  0.839871 -0.341355 -0.096507  ...             0.064366                0.073984                 -0.001776                        0.093750                        0.142857
2004-12-31  0.810584 -0.171887  0.839871 -0.026042  0.319349  ...             0.030030                0.050138                  0.017794                       -0.057143                        0.125000
2005-01-31  0.180141 -0.006927  0.838702  0.203004  0.086607  ...            -0.008192               -0.046460                 -0.006993                       -0.090909                        0.000000
2005-02-28  0.380282  0.161254  0.848054  0.118742  0.270768  ...             0.016439                0.020496                 -0.022887                        0.000000                        0.111111
...              ...       ...       ...       ...       ...  ...                  ...                     ...                       ...                             ...                             ...
2022-11-30 -0.560379  0.506056  2.090075  0.582874 -0.027162  ...             0.088575                0.077102                 -0.022000                       -0.077922                        0.230769
2022-12-31 -0.530358  0.067927  2.091992  0.209012 -0.231215  ...            -0.021135               -0.036870                 -0.016360                       -0.084507                        0.125000
2023-01-31  0.450331 -0.084287  2.110041  0.071438  0.183022  ...             0.057723                0.091835                 -0.014553                       -0.015385                        0.000000
2023-02-28 -0.280182 -0.114443  2.123519  0.159102 -0.197313  ...            -0.009480               -0.058187                  0.006329                       -0.062500                        0.055556
2023-03-31 -0.540365 -0.245498  2.126266  0.307109 -0.392931  ...             0.017387               -0.027921                 -0.025157                       -0.166667                        0.052632

[222 rows x 28 columns]
2024-11-17 20:04:08,258 - my_logger - INFO -                CFNAI     NGDP1  CPIAUCSL      CPI1    Growth  ...  MSCI WORLD/INDUSTRL  MSCI WORLD REAL ESTATE  ISM Manufacturing PMI SA  US CPI Urban Consumers YoY NSA  Federal Funds Target Rate - Up
2004-10-31  0.440324 -0.249076  0.829350 -0.458396  0.095624  ...             0.017105                0.035133                 -0.019164                        0.280000                        0.000000
2004-11-30  0.020029 -0.213042  0.839871 -0.341355 -0.096507  ...             0.064366                0.073984                 -0.001776                        0.093750                        0.142857
2004-12-31  0.810584 -0.171887  0.839871 -0.026042  0.319349  ...             0.030030                0.050138                  0.017794                       -0.057143                        0.125000
2005-01-31  0.180141 -0.006927  0.838702  0.203004  0.086607  ...            -0.008192               -0.046460                 -0.006993                       -0.090909                        0.000000
2005-02-28  0.380282  0.161254  0.848054  0.118742  0.270768  ...             0.016439                0.020496                 -0.022887                        0.000000                        0.111111
...              ...       ...       ...       ...       ...  ...                  ...                     ...                       ...                             ...                             ...
2022-12-31 -0.530358  0.067927  2.091992  0.209012 -0.231215  ...            -0.021135               -0.036870                 -0.016360                       -0.084507                        0.125000
2023-01-31  0.450331 -0.084287  2.110041  0.071438  0.183022  ...             0.057723                0.091835                 -0.014553                       -0.015385                        0.000000
2023-02-28 -0.280182 -0.114443  2.123519  0.159102 -0.197313  ...            -0.009480               -0.058187                  0.006329                       -0.062500                        0.055556
2023-03-31 -0.540365 -0.245498  2.126266  0.307109 -0.392931  ...             0.017387               -0.027921                 -0.025157                       -0.166667                        0.052632
2023-04-30  0.100085 -0.257747  2.141323  0.379659 -0.078831  ...             0.004672                0.016093                  0.010753                       -0.020000                        0.000000

[223 rows x 28 columns]
2024-11-17 20:04:08,316 - my_logger - INFO -                CFNAI     NGDP1  CPIAUCSL      CPI1    Growth  ...  MSCI WORLD/INDUSTRL  MSCI WORLD REAL ESTATE  ISM Manufacturing PMI SA  US CPI Urban Consumers YoY NSA  Federal Funds Target Rate - Up
2004-10-31  0.440324 -0.249076  0.829350 -0.458396  0.095624  ...             0.017105                0.035133                 -0.019164                        0.280000                        0.000000
2004-11-30  0.020029 -0.213042  0.839871 -0.341355 -0.096507  ...             0.064366                0.073984                 -0.001776                        0.093750                        0.142857
2004-12-31  0.810584 -0.171887  0.839871 -0.026042  0.319349  ...             0.030030                0.050138                  0.017794                       -0.057143                        0.125000
2005-01-31  0.180141 -0.006927  0.838702  0.203004  0.086607  ...            -0.008192               -0.046460                 -0.006993                       -0.090909                        0.000000
2005-02-28  0.380282  0.161254  0.848054  0.118742  0.270768  ...             0.016439                0.020496                 -0.022887                        0.000000                        0.111111
...              ...       ...       ...       ...       ...  ...                  ...                     ...                       ...                             ...                             ...
2023-01-31  0.450331 -0.084287  2.110041  0.071438  0.183022  ...             0.057723                0.091835                 -0.014553                       -0.015385                        0.000000
2023-02-28 -0.280182 -0.114443  2.123519  0.159102 -0.197313  ...            -0.009480               -0.058187                  0.006329                       -0.062500                        0.055556
2023-03-31 -0.540365 -0.245498  2.126266  0.307109 -0.392931  ...             0.017387               -0.027921                 -0.025157                       -0.166667                        0.052632
2023-04-30  0.100085 -0.257747  2.141323  0.379659 -0.078831  ...             0.004672                0.016093                  0.010753                       -0.020000                        0.000000
2023-05-31 -0.170105 -0.380881  2.145215  0.248346 -0.275493  ...            -0.030087               -0.053178                 -0.008511                       -0.183673                        0.050000

[224 rows x 28 columns]
2024-11-17 20:04:08,371 - my_logger - INFO -                CFNAI     NGDP1  CPIAUCSL      CPI1    Growth  ...  MSCI WORLD/INDUSTRL  MSCI WORLD REAL ESTATE  ISM Manufacturing PMI SA  US CPI Urban Consumers YoY NSA  Federal Funds Target Rate - Up
2004-10-31  0.440324 -0.249076  0.829350 -0.458396  0.095624  ...             0.017105                0.035133                 -0.019164                        0.280000                        0.000000
2004-11-30  0.020029 -0.213042  0.839871 -0.341355 -0.096507  ...             0.064366                0.073984                 -0.001776                        0.093750                        0.142857
2004-12-31  0.810584 -0.171887  0.839871 -0.026042  0.319349  ...             0.030030                0.050138                  0.017794                       -0.057143                        0.125000
2005-01-31  0.180141 -0.006927  0.838702  0.203004  0.086607  ...            -0.008192               -0.046460                 -0.006993                       -0.090909                        0.000000
2005-02-28  0.380282  0.161254  0.848054  0.118742  0.270768  ...             0.016439                0.020496                 -0.022887                        0.000000                        0.111111
...              ...       ...       ...       ...       ...  ...                  ...                     ...                       ...                             ...                             ...
2023-02-28 -0.280182 -0.114443  2.123519  0.159102 -0.197313  ...            -0.009480               -0.058187                  0.006329                       -0.062500                        0.055556
2023-03-31 -0.540365 -0.245498  2.126266  0.307109 -0.392931  ...             0.017387               -0.027921                 -0.025157                       -0.166667                        0.052632
2023-04-30  0.100085 -0.257747  2.141323  0.379659 -0.078831  ...             0.004672                0.016093                  0.010753                       -0.020000                        0.000000
2023-05-31 -0.170105 -0.380881  2.145215  0.248346 -0.275493  ...            -0.030087               -0.053178                 -0.008511                       -0.183673                        0.050000
2023-06-30 -0.400267 -0.207139  2.152674  0.024199 -0.303703  ...             0.088332                0.034090                 -0.004292                       -0.250000                        0.000000

[225 rows x 28 columns]
2024-11-17 20:04:09,447 - my_logger - INFO -                CFNAI     NGDP1  CPIAUCSL      CPI1    Growth  ...  ISM Manufacturing PMI SA  US CPI Urban Consumers YoY NSA  Federal Funds Target Rate - Up  Growth_filtered  Inflation_filtered
2004-10-31  0.440324 -0.249076  0.829350 -0.458396  0.095624  ...                 -0.019164                        0.280000                        0.000000         0.146401            0.267670
2004-11-30  0.020029 -0.213042  0.839871 -0.341355 -0.096507  ...                 -0.001776                        0.093750                        0.142857         0.141136            0.308535
2004-12-31  0.810584 -0.171887  0.839871 -0.026042  0.319349  ...                  0.017794                       -0.057143                        0.125000         0.135871            0.349399
2005-01-31  0.180141 -0.006927  0.838702  0.203004  0.086607  ...                 -0.006993                       -0.090909                        0.000000         0.130605            0.390264
2005-02-28  0.380282  0.161254  0.848054  0.118742  0.270768  ...                 -0.022887                        0.000000                        0.111111         0.125340            0.431128
...              ...       ...       ...       ...       ...  ...                       ...                             ...                             ...              ...                 ...
2023-04-30  0.100085 -0.257747  2.141323  0.379659 -0.078831  ...                  0.010753                       -0.020000                        0.000000        -0.053924            1.157269
2023-05-31 -0.170105 -0.380881  2.145215  0.248346 -0.275493  ...                 -0.008511                       -0.183673                        0.050000        -0.070436            1.097758
2023-06-30 -0.400267 -0.207139  2.152674  0.024199 -0.303703  ...                 -0.004292                       -0.250000                        0.000000        -0.086948            1.038247
2023-07-31  0.190148  0.209223  2.159980 -0.104953  0.199686  ...                  0.002155                        0.066667                        0.047619        -0.103460            0.978737
2023-08-31 -0.078581  0.454386  2.164812 -0.168512  0.187903  ...                  0.000000                        0.000000                        0.000000        -0.119972            0.919226

[227 rows x 30 columns]
2024-11-17 20:04:09,503 - my_logger - INFO -                CFNAI     NGDP1  CPIAUCSL      CPI1    Growth  ...  MSCI WORLD/INDUSTRL  MSCI WORLD REAL ESTATE  ISM Manufacturing PMI SA  US CPI Urban Consumers YoY NSA  Federal Funds Target Rate - Up
2004-10-31  0.440324 -0.249076  0.829350 -0.458396  0.095624  ...             0.017105                0.035133                 -0.019164                        0.280000                        0.000000
2004-11-30  0.020029 -0.213042  0.839871 -0.341355 -0.096507  ...             0.064366                0.073984                 -0.001776                        0.093750                        0.142857
2004-12-31  0.810584 -0.171887  0.839871 -0.026042  0.319349  ...             0.030030                0.050138                  0.017794                       -0.057143                        0.125000
2005-01-31  0.180141 -0.006927  0.838702  0.203004  0.086607  ...            -0.008192               -0.046460                 -0.006993                       -0.090909                        0.000000
2005-02-28  0.380282  0.161254  0.848054  0.118742  0.270768  ...             0.016439                0.020496                 -0.022887                        0.000000                        0.111111
...              ...       ...       ...       ...       ...  ...                  ...                     ...                       ...                             ...                             ...
2023-04-30  0.100085 -0.257747  2.141323  0.379659 -0.078831  ...             0.004672                0.016093                  0.010753                       -0.020000                        0.000000
2023-05-31 -0.170105 -0.380881  2.145215  0.248346 -0.275493  ...            -0.030087               -0.053178                 -0.008511                       -0.183673                        0.050000
2023-06-30 -0.400267 -0.207139  2.152674  0.024199 -0.303703  ...             0.088332                0.034090                 -0.004292                       -0.250000                        0.000000
2023-07-31  0.190148  0.209223  2.159980 -0.104953  0.199686  ...             0.029952                0.024213                  0.002155                        0.066667                        0.047619
2023-08-31 -0.250161  0.871403  2.178204 -0.025331  0.310621  ...            -0.031894               -0.032037                  0.023656                        0.156250                        0.000000

[227 rows x 28 columns]
2024-11-17 20:04:09,560 - my_logger - INFO -                CFNAI     NGDP1  CPIAUCSL      CPI1    Growth  ...  MSCI WORLD/INDUSTRL  MSCI WORLD REAL ESTATE  ISM Manufacturing PMI SA  US CPI Urban Consumers YoY NSA  Federal Funds Target Rate - Up
2004-10-31  0.440324 -0.249076  0.829350 -0.458396  0.095624  ...             0.017105                0.035133                 -0.019164                        0.280000                        0.000000
2004-11-30  0.020029 -0.213042  0.839871 -0.341355 -0.096507  ...             0.064366                0.073984                 -0.001776                        0.093750                        0.142857
2004-12-31  0.810584 -0.171887  0.839871 -0.026042  0.319349  ...             0.030030                0.050138                  0.017794                       -0.057143                        0.125000
2005-01-31  0.180141 -0.006927  0.838702  0.203004  0.086607  ...            -0.008192               -0.046460                 -0.006993                       -0.090909                        0.000000
2005-02-28  0.380282  0.161254  0.848054  0.118742  0.270768  ...             0.016439                0.020496                 -0.022887                        0.000000                        0.111111
...              ...       ...       ...       ...       ...  ...                  ...                     ...                       ...                             ...                             ...
2023-05-31 -0.170105 -0.380881  2.145215  0.248346 -0.275493  ...            -0.030087               -0.053178                 -0.008511                       -0.183673                        0.050000
2023-06-30 -0.400267 -0.207139  2.152674  0.024199 -0.303703  ...             0.088332                0.034090                 -0.004292                       -0.250000                        0.000000
2023-07-31  0.190148  0.209223  2.159980 -0.104953  0.199686  ...             0.029952                0.024213                  0.002155                        0.066667                        0.047619
2023-08-31 -0.250161  0.871403  2.178204 -0.025331  0.310621  ...            -0.031894               -0.032037                  0.023656                        0.156250                        0.000000
2023-09-30  0.000015  1.094543  2.191075  0.162292  0.547279  ...            -0.052279               -0.069345                  0.021008                        0.000000                        0.000000

[228 rows x 28 columns]
2024-11-17 20:04:09,617 - my_logger - INFO -                CFNAI     NGDP1  CPIAUCSL      CPI1    Growth  ...  MSCI WORLD/INDUSTRL  MSCI WORLD REAL ESTATE  ISM Manufacturing PMI SA  US CPI Urban Consumers YoY NSA  Federal Funds Target Rate - Up
2004-10-31  0.440324 -0.249076  0.829350 -0.458396  0.095624  ...             0.017105                0.035133                 -0.019164                        0.280000                        0.000000
2004-11-30  0.020029 -0.213042  0.839871 -0.341355 -0.096507  ...             0.064366                0.073984                 -0.001776                        0.093750                        0.142857
2004-12-31  0.810584 -0.171887  0.839871 -0.026042  0.319349  ...             0.030030                0.050138                  0.017794                       -0.057143                        0.125000
2005-01-31  0.180141 -0.006927  0.838702  0.203004  0.086607  ...            -0.008192               -0.046460                 -0.006993                       -0.090909                        0.000000
2005-02-28  0.380282  0.161254  0.848054  0.118742  0.270768  ...             0.016439                0.020496                 -0.022887                        0.000000                        0.111111
...              ...       ...       ...       ...       ...  ...                  ...                     ...                       ...                             ...                             ...
2023-06-30 -0.400267 -0.207139  2.152674  0.024199 -0.303703  ...             0.088332                0.034090                 -0.004292                       -0.250000                        0.000000
2023-07-31  0.190148  0.209223  2.159980 -0.104953  0.199686  ...             0.029952                0.024213                  0.002155                        0.066667                        0.047619
2023-08-31 -0.250161  0.871403  2.178204 -0.025331  0.310621  ...            -0.031894               -0.032037                  0.023656                        0.156250                        0.000000
2023-09-30  0.000015  1.094543  2.191075  0.162292  0.547279  ...            -0.052279               -0.069345                  0.021008                        0.000000                        0.000000
2023-10-31 -0.600407  0.735563  2.193915  0.290099  0.067578  ...            -0.041802               -0.035619                 -0.034979                       -0.135135                        0.000000

[229 rows x 28 columns]
2024-11-17 20:04:09,672 - my_logger - INFO -                CFNAI     NGDP1  CPIAUCSL      CPI1    Growth  ...  MSCI WORLD/INDUSTRL  MSCI WORLD REAL ESTATE  ISM Manufacturing PMI SA  US CPI Urban Consumers YoY NSA  Federal Funds Target Rate - Up
2004-10-31  0.440324 -0.249076  0.829350 -0.458396  0.095624  ...             0.017105                0.035133                 -0.019164                        0.280000                        0.000000
2004-11-30  0.020029 -0.213042  0.839871 -0.341355 -0.096507  ...             0.064366                0.073984                 -0.001776                        0.093750                        0.142857
2004-12-31  0.810584 -0.171887  0.839871 -0.026042  0.319349  ...             0.030030                0.050138                  0.017794                       -0.057143                        0.125000
2005-01-31  0.180141 -0.006927  0.838702  0.203004  0.086607  ...            -0.008192               -0.046460                 -0.006993                       -0.090909                        0.000000
2005-02-28  0.380282  0.161254  0.848054  0.118742  0.270768  ...             0.016439                0.020496                 -0.022887                        0.000000                        0.111111
...              ...       ...       ...       ...       ...  ...                  ...                     ...                       ...                             ...                             ...
2023-07-31  0.190148  0.209223  2.159980 -0.104953  0.199686  ...             0.029952                0.024213                  0.002155                        0.066667                        0.047619
2023-08-31 -0.250161  0.871403  2.178204 -0.025331  0.310621  ...            -0.031894               -0.032037                  0.023656                        0.156250                        0.000000
2023-09-30  0.000015  1.094543  2.191075  0.162292  0.547279  ...            -0.052279               -0.069345                  0.021008                        0.000000                        0.000000
2023-10-31 -0.600407  0.735563  2.193915  0.290099  0.067578  ...            -0.041802               -0.035619                 -0.034979                       -0.135135                        0.000000
2023-11-30  0.230176  0.131303  2.199678  0.250005  0.180740  ...             0.101848                0.000000                 -0.006397                       -0.031250                        0.000000

[230 rows x 28 columns]
2024-11-17 20:04:09,730 - my_logger - INFO -                CFNAI     NGDP1  CPIAUCSL      CPI1    Growth  ...  MSCI WORLD/INDUSTRL  MSCI WORLD REAL ESTATE  ISM Manufacturing PMI SA  US CPI Urban Consumers YoY NSA  Federal Funds Target Rate - Up
2004-10-31  0.440324 -0.249076  0.829350 -0.458396  0.095624  ...             0.017105                0.035133                 -0.019164                        0.280000                        0.000000
2004-11-30  0.020029 -0.213042  0.839871 -0.341355 -0.096507  ...             0.064366                0.073984                 -0.001776                        0.093750                        0.142857
2004-12-31  0.810584 -0.171887  0.839871 -0.026042  0.319349  ...             0.030030                0.050138                  0.017794                       -0.057143                        0.125000
2005-01-31  0.180141 -0.006927  0.838702  0.203004  0.086607  ...            -0.008192               -0.046460                 -0.006993                       -0.090909                        0.000000
2005-02-28  0.380282  0.161254  0.848054  0.118742  0.270768  ...             0.016439                0.020496                 -0.022887                        0.000000                        0.111111
...              ...       ...       ...       ...       ...  ...                  ...                     ...                       ...                             ...                             ...
2023-08-31 -0.250161  0.871403  2.178204 -0.025331  0.310621  ...            -0.031894               -0.032037                  0.023656                        0.156250                        0.000000
2023-09-30  0.000015  1.094543  2.191075  0.162292  0.547279  ...            -0.052279               -0.069345                  0.021008                        0.000000                        0.000000
2023-10-31 -0.600407  0.735563  2.193915  0.290099  0.067578  ...            -0.041802               -0.035619                 -0.034979                       -0.135135                        0.000000
2023-11-30  0.230176  0.131303  2.199678  0.250005  0.180740  ...             0.101848                0.000000                 -0.006397                       -0.031250                        0.000000
2023-12-31 -0.140084 -0.401207  2.208072  0.101464 -0.270645  ...             0.074830                0.000000                  0.010730                        0.096774                        0.000000

[231 rows x 28 columns]
2024-11-17 20:04:10,747 - my_logger - INFO -                CFNAI     NGDP1  CPIAUCSL      CPI1    Growth  ...  ISM Manufacturing PMI SA  US CPI Urban Consumers YoY NSA  Federal Funds Target Rate - Up  Growth_filtered  Inflation_filtered
2004-10-31  0.440324 -0.249076  0.829350 -0.458396  0.095624  ...                 -0.019164                        0.280000                        0.000000         0.146401            0.267670
2004-11-30  0.020029 -0.213042  0.839871 -0.341355 -0.096507  ...                 -0.001776                        0.093750                        0.142857         0.141136            0.308535
2004-12-31  0.810584 -0.171887  0.839871 -0.026042  0.319349  ...                  0.017794                       -0.057143                        0.125000         0.135870            0.349399
2005-01-31  0.180141 -0.006927  0.838702  0.203004  0.086607  ...                 -0.006993                       -0.090909                        0.000000         0.130605            0.390264
2005-02-28  0.380282  0.161254  0.848054  0.118742  0.270768  ...                 -0.022887                        0.000000                        0.111111         0.125340            0.431128
...              ...       ...       ...       ...       ...  ...                       ...                             ...                             ...              ...                 ...
2023-10-31 -0.600407  0.735563  2.193915  0.290099  0.067578  ...                 -0.034979                       -0.135135                        0.000000        -0.070425            1.112686
2023-11-30  0.230176  0.131303  2.199678  0.250005  0.180740  ...                 -0.006397                       -0.031250                        0.000000        -0.140154            1.097558
2023-12-31 -0.140084 -0.401207  2.208072  0.101464 -0.270645  ...                  0.010730                        0.096774                        0.000000        -0.209882            1.082429
2024-01-31 -0.790541 -0.616885  2.219095 -0.063211 -0.703713  ...                  0.042463                       -0.088235                        0.000000        -0.279611            1.067301
2024-02-29 -0.240139 -0.685643  2.226540 -0.202261 -0.462891  ...                  0.000000                        0.000000                        0.000000        -0.349339            1.052172

[233 rows x 30 columns]
2024-11-17 20:04:10,806 - my_logger - INFO -                CFNAI     NGDP1  CPIAUCSL      CPI1    Growth  ...  MSCI WORLD/INDUSTRL  MSCI WORLD REAL ESTATE  ISM Manufacturing PMI SA  US CPI Urban Consumers YoY NSA  Federal Funds Target Rate - Up
2004-10-31  0.440324 -0.249076  0.829350 -0.458396  0.095624  ...             0.017105                0.035133                 -0.019164                        0.280000                        0.000000
2004-11-30  0.020029 -0.213042  0.839871 -0.341355 -0.096507  ...             0.064366                0.073984                 -0.001776                        0.093750                        0.142857
2004-12-31  0.810584 -0.171887  0.839871 -0.026042  0.319349  ...             0.030030                0.050138                  0.017794                       -0.057143                        0.125000
2005-01-31  0.180141 -0.006927  0.838702  0.203004  0.086607  ...            -0.008192               -0.046460                 -0.006993                       -0.090909                        0.000000
2005-02-28  0.380282  0.161254  0.848054  0.118742  0.270768  ...             0.016439                0.020496                 -0.022887                        0.000000                        0.111111
...              ...       ...       ...       ...       ...  ...                  ...                     ...                       ...                             ...                             ...
2023-10-31 -0.600407  0.735563  2.193915  0.290099  0.067578  ...            -0.041802               -0.035619                 -0.034979                       -0.135135                        0.000000
2023-11-30  0.230176  0.131303  2.199678  0.250005  0.180740  ...             0.101848                0.000000                 -0.006397                       -0.031250                        0.000000
2023-12-31 -0.140084 -0.401207  2.208072  0.101464 -0.270645  ...             0.074830                0.000000                  0.010730                        0.096774                        0.000000
2024-01-31 -0.790541 -0.616885  2.219095 -0.063211 -0.703713  ...            -0.002013                0.000000                  0.042463                       -0.088235                        0.000000
2024-02-29  0.310233 -0.586657  2.235098 -0.135360 -0.138212  ...             0.056306                0.000000                 -0.026477                        0.032258                        0.000000

[233 rows x 28 columns]
2024-11-17 20:04:10,864 - my_logger - INFO -                CFNAI     NGDP1  CPIAUCSL      CPI1    Growth  ...  MSCI WORLD/INDUSTRL  MSCI WORLD REAL ESTATE  ISM Manufacturing PMI SA  US CPI Urban Consumers YoY NSA  Federal Funds Target Rate - Up
2004-10-31  0.440324 -0.249076  0.829350 -0.458396  0.095624  ...             0.017105                0.035133                 -0.019164                        0.280000                        0.000000
2004-11-30  0.020029 -0.213042  0.839871 -0.341355 -0.096507  ...             0.064366                0.073984                 -0.001776                        0.093750                        0.142857
2004-12-31  0.810584 -0.171887  0.839871 -0.026042  0.319349  ...             0.030030                0.050138                  0.017794                       -0.057143                        0.125000
2005-01-31  0.180141 -0.006927  0.838702  0.203004  0.086607  ...            -0.008192               -0.046460                 -0.006993                       -0.090909                        0.000000
2005-02-28  0.380282  0.161254  0.848054  0.118742  0.270768  ...             0.016439                0.020496                 -0.022887                        0.000000                        0.111111
...              ...       ...       ...       ...       ...  ...                  ...                     ...                       ...                             ...                             ...
2023-10-31 -0.600407  0.735563  2.193915  0.290099  0.067578  ...            -0.041802               -0.035619                 -0.034979                       -0.135135                        0.000000
2023-11-30  0.230176  0.131303  2.199678  0.250005  0.180740  ...             0.101848                0.000000                 -0.006397                       -0.031250                        0.000000
2023-12-31 -0.140084 -0.401207  2.208072  0.101464 -0.270645  ...             0.074830                0.000000                  0.010730                        0.096774                        0.000000
2024-01-31 -0.790541 -0.616885  2.219095 -0.063211 -0.703713  ...            -0.002013                0.000000                  0.042463                       -0.088235                        0.000000
2024-02-29  0.310233 -0.586657  2.235098 -0.135360 -0.138212  ...             0.056306                0.000000                 -0.026477                        0.032258                        0.000000

[233 rows x 28 columns]
2024-11-17 20:10:16,332 - my_logger - INFO -                CFNAI     NGDP1  CPIAUCSL      CPI1    Growth  ...  ISM Manufacturing PMI SA  US CPI Urban Consumers YoY NSA  Federal Funds Target Rate - Up  Growth_filtered  Inflation_filtered
2004-10-31  0.440324 -0.249076  0.829350 -0.458396  0.095624  ...                 -0.019164                        0.280000                        0.000000         0.146401            0.267670
2004-11-30  0.020029 -0.213042  0.839871 -0.341355 -0.096507  ...                 -0.001776                        0.093750                        0.142857         0.141136            0.308535
2004-12-31  0.810584 -0.171887  0.839871 -0.026042  0.319349  ...                  0.017794                       -0.057143                        0.125000         0.135871            0.349399
2005-01-31  0.180141 -0.006927  0.838702  0.203004  0.086607  ...                 -0.006993                       -0.090909                        0.000000         0.130605            0.390264
2005-02-28  0.380282  0.161254  0.848054  0.118742  0.270768  ...                 -0.022887                        0.000000                        0.111111         0.125340            0.431128
...              ...       ...       ...       ...       ...  ...                       ...                             ...                             ...              ...                 ...
2021-10-31  0.830598  0.490853  1.830397  1.612546  0.660726  ...                  0.000000                        0.148148                        0.000000         0.572091            1.891977
2021-11-30  0.750542  1.247916  1.858043  1.684907  0.999229  ...                  0.003306                        0.096774                        0.000000         0.599810            1.976081
2021-12-31  0.180141  1.435329  1.881528  1.989633  0.807735  ...                 -0.039539                        0.029412                        0.000000         0.627529            2.060184
2022-01-31 -0.100056  1.198108  1.900021  2.317317  0.549026  ...                 -0.015437                        0.071429                        0.000000         0.655249            2.144287
2022-02-28 -0.131623  1.007719  1.911218  2.572226  0.438048  ...                  0.000000                        0.000000                        0.000000         0.682968            2.228390

[209 rows x 30 columns]
2024-11-17 20:10:16,399 - my_logger - INFO -                CFNAI     NGDP1  CPIAUCSL      CPI1    Growth  ...  MSCI WORLD/INDUSTRL  MSCI WORLD REAL ESTATE  ISM Manufacturing PMI SA  US CPI Urban Consumers YoY NSA  Federal Funds Target Rate - Up
2004-10-31  0.440324 -0.249076  0.829350 -0.458396  0.095624  ...             0.017105                0.035133                 -0.019164                        0.280000                        0.000000
2004-11-30  0.020029 -0.213042  0.839871 -0.341355 -0.096507  ...             0.064366                0.073984                 -0.001776                        0.093750                        0.142857
2004-12-31  0.810584 -0.171887  0.839871 -0.026042  0.319349  ...             0.030030                0.050138                  0.017794                       -0.057143                        0.125000
2005-01-31  0.180141 -0.006927  0.838702  0.203004  0.086607  ...            -0.008192               -0.046460                 -0.006993                       -0.090909                        0.000000
2005-02-28  0.380282  0.161254  0.848054  0.118742  0.270768  ...             0.016439                0.020496                 -0.022887                        0.000000                        0.111111
...              ...       ...       ...       ...       ...  ...                  ...                     ...                       ...                             ...                             ...
2021-10-31  0.830598  0.490853  1.830397  1.612546  0.660726  ...             0.045593                0.056201                  0.000000                        0.148148                        0.000000
2021-11-30  0.750542  1.247916  1.858043  1.684907  0.999229  ...            -0.041096               -0.029587                  0.003306                        0.096774                        0.000000
2021-12-31  0.180141  1.435329  1.881528  1.989633  0.807735  ...             0.053744                0.075345                 -0.039539                        0.029412                        0.000000
2022-01-31 -0.100056  1.198108  1.900021  2.317317  0.549026  ...            -0.067900               -0.070845                 -0.015437                        0.071429                        0.000000
2022-02-28  0.590429  0.456331  1.925096  2.489322  0.523380  ...            -0.018127               -0.036706                  0.015679                        0.053333                        0.000000

[209 rows x 28 columns]
2024-11-17 20:10:16,471 - my_logger - INFO -                CFNAI     NGDP1  CPIAUCSL      CPI1    Growth  ...  MSCI WORLD/INDUSTRL  MSCI WORLD REAL ESTATE  ISM Manufacturing PMI SA  US CPI Urban Consumers YoY NSA  Federal Funds Target Rate - Up
2004-10-31  0.440324 -0.249076  0.829350 -0.458396  0.095624  ...             0.017105                0.035133                 -0.019164                        0.280000                        0.000000
2004-11-30  0.020029 -0.213042  0.839871 -0.341355 -0.096507  ...             0.064366                0.073984                 -0.001776                        0.093750                        0.142857
2004-12-31  0.810584 -0.171887  0.839871 -0.026042  0.319349  ...             0.030030                0.050138                  0.017794                       -0.057143                        0.125000
2005-01-31  0.180141 -0.006927  0.838702  0.203004  0.086607  ...            -0.008192               -0.046460                 -0.006993                       -0.090909                        0.000000
2005-02-28  0.380282  0.161254  0.848054  0.118742  0.270768  ...             0.016439                0.020496                 -0.022887                        0.000000                        0.111111
...              ...       ...       ...       ...       ...  ...                  ...                     ...                       ...                             ...                             ...
2021-11-30  0.750542  1.247916  1.858043  1.684907  0.999229  ...            -0.041096               -0.029587                  0.003306                        0.096774                        0.000000
2021-12-31  0.180141  1.435329  1.881528  1.989633  0.807735  ...             0.053744                0.075345                 -0.039539                        0.029412                        0.000000
2022-01-31 -0.100056  1.198108  1.900021  2.317317  0.549026  ...            -0.067900               -0.070845                 -0.015437                        0.071429                        0.000000
2022-02-28  0.590429  0.456331  1.925096  2.489322  0.523380  ...            -0.018127               -0.036706                  0.015679                        0.053333                        0.000000
2022-03-31  0.450331 -0.149189  1.960376  2.582232  0.150571  ...             0.020146                0.046314                 -0.017153                        0.075949                        1.000000

[210 rows x 28 columns]
2024-11-17 20:10:16,531 - my_logger - INFO -                CFNAI     NGDP1  CPIAUCSL      CPI1    Growth  ...  MSCI WORLD/INDUSTRL  MSCI WORLD REAL ESTATE  ISM Manufacturing PMI SA  US CPI Urban Consumers YoY NSA  Federal Funds Target Rate - Up
2004-10-31  0.440324 -0.249076  0.829350 -0.458396  0.095624  ...             0.017105                0.035133                 -0.019164                        0.280000                        0.000000
2004-11-30  0.020029 -0.213042  0.839871 -0.341355 -0.096507  ...             0.064366                0.073984                 -0.001776                        0.093750                        0.142857
2004-12-31  0.810584 -0.171887  0.839871 -0.026042  0.319349  ...             0.030030                0.050138                  0.017794                       -0.057143                        0.125000
2005-01-31  0.180141 -0.006927  0.838702  0.203004  0.086607  ...            -0.008192               -0.046460                 -0.006993                       -0.090909                        0.000000
2005-02-28  0.380282  0.161254  0.848054  0.118742  0.270768  ...             0.016439                0.020496                 -0.022887                        0.000000                        0.111111
...              ...       ...       ...       ...       ...  ...                  ...                     ...                       ...                             ...                             ...
2021-12-31  0.180141  1.435329  1.881528  1.989633  0.807735  ...             0.053744                0.075345                 -0.039539                        0.029412                        0.000000
2022-01-31 -0.100056  1.198108  1.900021  2.317317  0.549026  ...            -0.067900               -0.070845                 -0.015437                        0.071429                        0.000000
2022-02-28  0.590429  0.456331  1.925096  2.489322  0.523380  ...            -0.018127               -0.036706                  0.015679                        0.053333                        0.000000
2022-03-31  0.450331 -0.149189  1.960376  2.582232  0.150571  ...             0.020146                0.046314                 -0.017153                        0.075949                        1.000000
2022-04-30  0.040043 -0.220494  1.974532  2.756621 -0.090226  ...            -0.085657               -0.041569                 -0.029668                       -0.023529                        0.000000

[211 rows x 28 columns]
2024-11-17 20:10:16,597 - my_logger - INFO -                CFNAI     NGDP1  CPIAUCSL      CPI1    Growth  ...  MSCI WORLD/INDUSTRL  MSCI WORLD REAL ESTATE  ISM Manufacturing PMI SA  US CPI Urban Consumers YoY NSA  Federal Funds Target Rate - Up
2004-10-31  0.440324 -0.249076  0.829350 -0.458396  0.095624  ...             0.017105                0.035133                 -0.019164                        0.280000                        0.000000
2004-11-30  0.020029 -0.213042  0.839871 -0.341355 -0.096507  ...             0.064366                0.073984                 -0.001776                        0.093750                        0.142857
2004-12-31  0.810584 -0.171887  0.839871 -0.026042  0.319349  ...             0.030030                0.050138                  0.017794                       -0.057143                        0.125000
2005-01-31  0.180141 -0.006927  0.838702  0.203004  0.086607  ...            -0.008192               -0.046460                 -0.006993                       -0.090909                        0.000000
2005-02-28  0.380282  0.161254  0.848054  0.118742  0.270768  ...             0.016439                0.020496                 -0.022887                        0.000000                        0.111111
...              ...       ...       ...       ...       ...  ...                  ...                     ...                       ...                             ...                             ...
2022-01-31 -0.100056  1.198108  1.900021  2.317317  0.549026  ...            -0.067900               -0.070845                 -0.015437                        0.071429                        0.000000
2022-02-28  0.590429  0.456331  1.925096  2.489322  0.523380  ...            -0.018127               -0.036706                  0.015679                        0.053333                        0.000000
2022-03-31  0.450331 -0.149189  1.960376  2.582232  0.150571  ...             0.020146                0.046314                 -0.017153                        0.075949                        1.000000
2022-04-30  0.040043 -0.220494  1.974532  2.756621 -0.090226  ...            -0.085657               -0.041569                 -0.029668                       -0.023529                        0.000000
2022-05-31 -0.360239 -0.122550  2.004867  3.071794 -0.241394  ...            -0.008191               -0.040519                  0.008993                        0.036145                        1.000000

[212 rows x 28 columns]
2024-11-17 20:10:16,661 - my_logger - INFO -                CFNAI     NGDP1  CPIAUCSL      CPI1    Growth  ...  MSCI WORLD/INDUSTRL  MSCI WORLD REAL ESTATE  ISM Manufacturing PMI SA  US CPI Urban Consumers YoY NSA  Federal Funds Target Rate - Up
2004-10-31  0.440324 -0.249076  0.829350 -0.458396  0.095624  ...             0.017105                0.035133                 -0.019164                        0.280000                        0.000000
2004-11-30  0.020029 -0.213042  0.839871 -0.341355 -0.096507  ...             0.064366                0.073984                 -0.001776                        0.093750                        0.142857
2004-12-31  0.810584 -0.171887  0.839871 -0.026042  0.319349  ...             0.030030                0.050138                  0.017794                       -0.057143                        0.125000
2005-01-31  0.180141 -0.006927  0.838702  0.203004  0.086607  ...            -0.008192               -0.046460                 -0.006993                       -0.090909                        0.000000
2005-02-28  0.380282  0.161254  0.848054  0.118742  0.270768  ...             0.016439                0.020496                 -0.022887                        0.000000                        0.111111
...              ...       ...       ...       ...       ...  ...                  ...                     ...                       ...                             ...                             ...
2022-02-28  0.590429  0.456331  1.925096  2.489322  0.523380  ...            -0.018127               -0.036706                  0.015679                        0.053333                        0.000000
2022-03-31  0.450331 -0.149189  1.960376  2.582232  0.150571  ...             0.020146                0.046314                 -0.017153                        0.075949                        1.000000
2022-04-30  0.040043 -0.220494  1.974532  2.756621 -0.090226  ...            -0.085657               -0.041569                 -0.029668                       -0.023529                        0.000000
2022-05-31 -0.360239 -0.122550  2.004867  3.071794 -0.241394  ...            -0.008191               -0.040519                  0.008993                        0.036145                        1.000000
2022-06-30 -0.240154  0.211741  2.047383  3.353878 -0.014206  ...            -0.085859               -0.079548                 -0.048128                        0.058140                        0.750000

[213 rows x 28 columns]
2024-11-17 20:10:17,713 - my_logger - INFO -                CFNAI     NGDP1  CPIAUCSL      CPI1    Growth  ...  ISM Manufacturing PMI SA  US CPI Urban Consumers YoY NSA  Federal Funds Target Rate - Up  Growth_filtered  Inflation_filtered
2004-10-31  0.440324 -0.249076  0.829350 -0.458396  0.095624  ...                 -0.019164                        0.280000                        0.000000         0.146401            0.267670
2004-11-30  0.020029 -0.213042  0.839871 -0.341355 -0.096507  ...                 -0.001776                        0.093750                        0.142857         0.141136            0.308535
2004-12-31  0.810584 -0.171887  0.839871 -0.026042  0.319349  ...                  0.017794                       -0.057143                        0.125000         0.135870            0.349399
2005-01-31  0.180141 -0.006927  0.838702  0.203004  0.086607  ...                 -0.006993                       -0.090909                        0.000000         0.130605            0.390264
2005-02-28  0.380282  0.161254  0.848054  0.118742  0.270768  ...                 -0.022887                        0.000000                        0.111111         0.125340            0.431128
...              ...       ...       ...       ...       ...  ...                       ...                             ...                             ...              ...                 ...
2022-04-30  0.040043 -0.220494  1.974532  2.756621 -0.090226  ...                 -0.029668                       -0.023529                        0.000000         0.293501            2.397346
2022-05-31 -0.360239 -0.122550  2.004867  3.071794 -0.241394  ...                  0.008993                        0.036145                        1.000000         0.243691            2.481641
2022-06-30 -0.240154  0.211741  2.047383  3.353878 -0.014206  ...                 -0.048128                        0.058140                        0.750000         0.193880            2.565936
2022-07-31  0.200155  0.591889  2.047161  3.330178  0.396022  ...                 -0.011236                       -0.065934                        0.428571         0.144070            2.650232
2022-08-31 -0.076624  0.811026  2.043825  3.171564  0.367201  ...                  0.000000                        0.000000                        0.000000         0.094260            2.734527

[215 rows x 30 columns]
2024-11-17 20:10:17,774 - my_logger - INFO -                CFNAI     NGDP1  CPIAUCSL      CPI1    Growth  ...  MSCI WORLD/INDUSTRL  MSCI WORLD REAL ESTATE  ISM Manufacturing PMI SA  US CPI Urban Consumers YoY NSA  Federal Funds Target Rate - Up
2004-10-31  0.440324 -0.249076  0.829350 -0.458396  0.095624  ...             0.017105                0.035133                 -0.019164                        0.280000                        0.000000
2004-11-30  0.020029 -0.213042  0.839871 -0.341355 -0.096507  ...             0.064366                0.073984                 -0.001776                        0.093750                        0.142857
2004-12-31  0.810584 -0.171887  0.839871 -0.026042  0.319349  ...             0.030030                0.050138                  0.017794                       -0.057143                        0.125000
2005-01-31  0.180141 -0.006927  0.838702  0.203004  0.086607  ...            -0.008192               -0.046460                 -0.006993                       -0.090909                        0.000000
2005-02-28  0.380282  0.161254  0.848054  0.118742  0.270768  ...             0.016439                0.020496                 -0.022887                        0.000000                        0.111111
...              ...       ...       ...       ...       ...  ...                  ...                     ...                       ...                             ...                             ...
2022-04-30  0.040043 -0.220494  1.974532  2.756621 -0.090226  ...            -0.085657               -0.041569                 -0.029668                       -0.023529                        0.000000
2022-05-31 -0.360239 -0.122550  2.004867  3.071794 -0.241394  ...            -0.008191               -0.040519                  0.008993                        0.036145                        1.000000
2022-06-30 -0.240154  0.211741  2.047383  3.353878 -0.014206  ...            -0.085859               -0.079548                 -0.048128                        0.058140                        0.750000
2022-07-31  0.200155  0.591889  2.047161  3.330178  0.396022  ...             0.094771                0.075702                 -0.011236                       -0.065934                        0.428571
2022-08-31  0.180141  1.119313  2.049873  2.825112  0.649727  ...            -0.042307               -0.061018                  0.000000                       -0.023529                        0.000000

[215 rows x 28 columns]
2024-11-17 20:10:17,834 - my_logger - INFO -                CFNAI     NGDP1  CPIAUCSL      CPI1    Growth  ...  MSCI WORLD/INDUSTRL  MSCI WORLD REAL ESTATE  ISM Manufacturing PMI SA  US CPI Urban Consumers YoY NSA  Federal Funds Target Rate - Up
2004-10-31  0.440324 -0.249076  0.829350 -0.458396  0.095624  ...             0.017105                0.035133                 -0.019164                        0.280000                        0.000000
2004-11-30  0.020029 -0.213042  0.839871 -0.341355 -0.096507  ...             0.064366                0.073984                 -0.001776                        0.093750                        0.142857
2004-12-31  0.810584 -0.171887  0.839871 -0.026042  0.319349  ...             0.030030                0.050138                  0.017794                       -0.057143                        0.125000
2005-01-31  0.180141 -0.006927  0.838702  0.203004  0.086607  ...            -0.008192               -0.046460                 -0.006993                       -0.090909                        0.000000
2005-02-28  0.380282  0.161254  0.848054  0.118742  0.270768  ...             0.016439                0.020496                 -0.022887                        0.000000                        0.111111
...              ...       ...       ...       ...       ...  ...                  ...                     ...                       ...                             ...                             ...
2022-05-31 -0.360239 -0.122550  2.004867  3.071794 -0.241394  ...            -0.008191               -0.040519                  0.008993                        0.036145                        1.000000
2022-06-30 -0.240154  0.211741  2.047383  3.353878 -0.014206  ...            -0.085859               -0.079548                 -0.048128                        0.058140                        0.750000
2022-07-31  0.200155  0.591889  2.047161  3.330178  0.396022  ...             0.094771                0.075702                 -0.011236                       -0.065934                        0.428571
2022-08-31  0.180141  1.119313  2.049873  2.825112  0.649727  ...            -0.042307               -0.061018                  0.000000                       -0.023529                        0.000000
2022-09-30  0.070064  1.271475  2.063106  2.019198  0.670769  ...            -0.104882               -0.131958                 -0.037879                       -0.012048                        0.300000

[216 rows x 28 columns]
2024-11-17 20:10:17,890 - my_logger - INFO -                CFNAI     NGDP1  CPIAUCSL      CPI1    Growth  ...  MSCI WORLD/INDUSTRL  MSCI WORLD REAL ESTATE  ISM Manufacturing PMI SA  US CPI Urban Consumers YoY NSA  Federal Funds Target Rate - Up
2004-10-31  0.440324 -0.249076  0.829350 -0.458396  0.095624  ...             0.017105                0.035133                 -0.019164                        0.280000                        0.000000
2004-11-30  0.020029 -0.213042  0.839871 -0.341355 -0.096507  ...             0.064366                0.073984                 -0.001776                        0.093750                        0.142857
2004-12-31  0.810584 -0.171887  0.839871 -0.026042  0.319349  ...             0.030030                0.050138                  0.017794                       -0.057143                        0.125000
2005-01-31  0.180141 -0.006927  0.838702  0.203004  0.086607  ...            -0.008192               -0.046460                 -0.006993                       -0.090909                        0.000000
2005-02-28  0.380282  0.161254  0.848054  0.118742  0.270768  ...             0.016439                0.020496                 -0.022887                        0.000000                        0.111111
...              ...       ...       ...       ...       ...  ...                  ...                     ...                       ...                             ...                             ...
2022-06-30 -0.240154  0.211741  2.047383  3.353878 -0.014206  ...            -0.085859               -0.079548                 -0.048128                        0.058140                        0.750000
2022-07-31  0.200155  0.591889  2.047161  3.330178  0.396022  ...             0.094771                0.075702                 -0.011236                       -0.065934                        0.428571
2022-08-31  0.180141  1.119313  2.049873  2.825112  0.649727  ...            -0.042307               -0.061018                  0.000000                       -0.023529                        0.000000
2022-09-30  0.070064  1.271475  2.063106  2.019198  0.670769  ...            -0.104882               -0.131958                 -0.037879                       -0.012048                        0.300000
2022-10-31 -0.080042  0.959243  2.080898  1.214720  0.439601  ...             0.103261                0.011106                 -0.015748                       -0.060976                        0.000000

[217 rows x 28 columns]
2024-11-17 20:10:17,946 - my_logger - INFO -                CFNAI     NGDP1  CPIAUCSL      CPI1    Growth  ...  MSCI WORLD/INDUSTRL  MSCI WORLD REAL ESTATE  ISM Manufacturing PMI SA  US CPI Urban Consumers YoY NSA  Federal Funds Target Rate - Up
2004-10-31  0.440324 -0.249076  0.829350 -0.458396  0.095624  ...             0.017105                0.035133                 -0.019164                        0.280000                        0.000000
2004-11-30  0.020029 -0.213042  0.839871 -0.341355 -0.096507  ...             0.064366                0.073984                 -0.001776                        0.093750                        0.142857
2004-12-31  0.810584 -0.171887  0.839871 -0.026042  0.319349  ...             0.030030                0.050138                  0.017794                       -0.057143                        0.125000
2005-01-31  0.180141 -0.006927  0.838702  0.203004  0.086607  ...            -0.008192               -0.046460                 -0.006993                       -0.090909                        0.000000
2005-02-28  0.380282  0.161254  0.848054  0.118742  0.270768  ...             0.016439                0.020496                 -0.022887                        0.000000                        0.111111
...              ...       ...       ...       ...       ...  ...                  ...                     ...                       ...                             ...                             ...
2022-07-31  0.200155  0.591889  2.047161  3.330178  0.396022  ...             0.094771                0.075702                 -0.011236                       -0.065934                        0.428571
2022-08-31  0.180141  1.119313  2.049873  2.825112  0.649727  ...            -0.042307               -0.061018                  0.000000                       -0.023529                        0.000000
2022-09-30  0.070064  1.271475  2.063106  2.019198  0.670769  ...            -0.104882               -0.131958                 -0.037879                       -0.012048                        0.300000
2022-10-31 -0.080042  0.959243  2.080898  1.214720  0.439601  ...             0.103261                0.011106                 -0.015748                       -0.060976                        0.000000
2022-11-30 -0.560379  0.506056  2.090075  0.582874 -0.027162  ...             0.088575                0.077102                 -0.022000                       -0.077922                        0.230769

[218 rows x 28 columns]
2024-11-17 20:10:18,001 - my_logger - INFO -                CFNAI     NGDP1  CPIAUCSL      CPI1    Growth  ...  MSCI WORLD/INDUSTRL  MSCI WORLD REAL ESTATE  ISM Manufacturing PMI SA  US CPI Urban Consumers YoY NSA  Federal Funds Target Rate - Up
2004-10-31  0.440324 -0.249076  0.829350 -0.458396  0.095624  ...             0.017105                0.035133                 -0.019164                        0.280000                        0.000000
2004-11-30  0.020029 -0.213042  0.839871 -0.341355 -0.096507  ...             0.064366                0.073984                 -0.001776                        0.093750                        0.142857
2004-12-31  0.810584 -0.171887  0.839871 -0.026042  0.319349  ...             0.030030                0.050138                  0.017794                       -0.057143                        0.125000
2005-01-31  0.180141 -0.006927  0.838702  0.203004  0.086607  ...            -0.008192               -0.046460                 -0.006993                       -0.090909                        0.000000
2005-02-28  0.380282  0.161254  0.848054  0.118742  0.270768  ...             0.016439                0.020496                 -0.022887                        0.000000                        0.111111
...              ...       ...       ...       ...       ...  ...                  ...                     ...                       ...                             ...                             ...
2022-08-31  0.180141  1.119313  2.049873  2.825112  0.649727  ...            -0.042307               -0.061018                  0.000000                       -0.023529                        0.000000
2022-09-30  0.070064  1.271475  2.063106  2.019198  0.670769  ...            -0.104882               -0.131958                 -0.037879                       -0.012048                        0.300000
2022-10-31 -0.080042  0.959243  2.080898  1.214720  0.439601  ...             0.103261                0.011106                 -0.015748                       -0.060976                        0.000000
2022-11-30 -0.560379  0.506056  2.090075  0.582874 -0.027162  ...             0.088575                0.077102                 -0.022000                       -0.077922                        0.230769
2022-12-31 -0.530358  0.067927  2.091992  0.209012 -0.231215  ...            -0.021135               -0.036870                 -0.016360                       -0.084507                        0.125000

[219 rows x 28 columns]
2024-11-17 20:10:19,013 - my_logger - INFO -                CFNAI     NGDP1  CPIAUCSL      CPI1    Growth  ...  ISM Manufacturing PMI SA  US CPI Urban Consumers YoY NSA  Federal Funds Target Rate - Up  Growth_filtered  Inflation_filtered
2004-10-31  0.440324 -0.249076  0.829350 -0.458396  0.095624  ...                 -0.019164                        0.280000                        0.000000         0.146401            0.267670
2004-11-30  0.020029 -0.213042  0.839871 -0.341355 -0.096507  ...                 -0.001776                        0.093750                        0.142857         0.141136            0.308535
2004-12-31  0.810584 -0.171887  0.839871 -0.026042  0.319349  ...                  0.017794                       -0.057143                        0.125000         0.135870            0.349399
2005-01-31  0.180141 -0.006927  0.838702  0.203004  0.086607  ...                 -0.006993                       -0.090909                        0.000000         0.130605            0.390264
2005-02-28  0.380282  0.161254  0.848054  0.118742  0.270768  ...                 -0.022887                        0.000000                        0.111111         0.125340            0.431128
...              ...       ...       ...       ...       ...  ...                       ...                             ...                             ...              ...                 ...
2022-10-31 -0.080042  0.959243  2.080898  1.214720  0.439601  ...                 -0.015748                       -0.060976                        0.000000         0.168070            1.788866
2022-11-30 -0.560379  0.506056  2.090075  0.582874 -0.027162  ...                 -0.022000                       -0.077922                        0.230769         0.136248            1.578549
2022-12-31 -0.530358  0.067927  2.091992  0.209012 -0.231215  ...                 -0.016360                       -0.084507                        0.125000         0.104426            1.368232
2023-01-31  0.450331 -0.084287  2.110041  0.071438  0.183022  ...                 -0.014553                       -0.015385                        0.000000         0.072604            1.157915
2023-02-28 -0.034651 -0.074868  2.123196  0.030449 -0.054759  ...                  0.000000                        0.000000                        0.000000         0.040782            0.947597

[221 rows x 30 columns]
2024-11-17 20:10:19,074 - my_logger - INFO -                CFNAI     NGDP1  CPIAUCSL      CPI1    Growth  ...  MSCI WORLD/INDUSTRL  MSCI WORLD REAL ESTATE  ISM Manufacturing PMI SA  US CPI Urban Consumers YoY NSA  Federal Funds Target Rate - Up
2004-10-31  0.440324 -0.249076  0.829350 -0.458396  0.095624  ...             0.017105                0.035133                 -0.019164                        0.280000                        0.000000
2004-11-30  0.020029 -0.213042  0.839871 -0.341355 -0.096507  ...             0.064366                0.073984                 -0.001776                        0.093750                        0.142857
2004-12-31  0.810584 -0.171887  0.839871 -0.026042  0.319349  ...             0.030030                0.050138                  0.017794                       -0.057143                        0.125000
2005-01-31  0.180141 -0.006927  0.838702  0.203004  0.086607  ...            -0.008192               -0.046460                 -0.006993                       -0.090909                        0.000000
2005-02-28  0.380282  0.161254  0.848054  0.118742  0.270768  ...             0.016439                0.020496                 -0.022887                        0.000000                        0.111111
...              ...       ...       ...       ...       ...  ...                  ...                     ...                       ...                             ...                             ...
2022-10-31 -0.080042  0.959243  2.080898  1.214720  0.439601  ...             0.103261                0.011106                 -0.015748                       -0.060976                        0.000000
2022-11-30 -0.560379  0.506056  2.090075  0.582874 -0.027162  ...             0.088575                0.077102                 -0.022000                       -0.077922                        0.230769
2022-12-31 -0.530358  0.067927  2.091992  0.209012 -0.231215  ...            -0.021135               -0.036870                 -0.016360                       -0.084507                        0.125000
2023-01-31  0.450331 -0.084287  2.110041  0.071438  0.183022  ...             0.057723                0.091835                 -0.014553                       -0.015385                        0.000000
2023-02-28 -0.280182 -0.114443  2.123519  0.159102 -0.197313  ...            -0.009480               -0.058187                  0.006329                       -0.062500                        0.055556

[221 rows x 28 columns]
2024-11-17 20:11:26,649 - my_logger - INFO - Date
2020-01-01    0.007837
dtype: float64
2024-11-17 20:11:26,659 - my_logger - INFO - Date
2020-02-01   -0.063997
dtype: float64
2024-11-17 20:11:26,668 - my_logger - INFO - Date
2020-03-01   -0.0822
dtype: float64
2024-11-17 20:11:26,678 - my_logger - INFO - Date
2020-04-01    0.093158
dtype: float64
2024-11-17 20:11:26,687 - my_logger - INFO - Date
2020-05-01    0.042099
dtype: float64
2024-11-17 20:11:26,696 - my_logger - INFO - Date
2020-06-01    0.030585
dtype: float64
2024-11-17 20:11:27,751 - my_logger - INFO - Date
2020-07-01    0.07249
dtype: float64
2024-11-17 20:11:27,766 - my_logger - INFO - Date
2020-08-01    0.049204
dtype: float64
2024-11-17 20:11:27,776 - my_logger - INFO - Date
2020-09-01   -0.036237
dtype: float64
2024-11-17 20:11:27,785 - my_logger - INFO - Date
2020-10-01    0.014572
dtype: float64
2024-11-17 20:11:27,795 - my_logger - INFO - Date
2020-11-01    0.097201
dtype: float64
2024-11-17 20:11:27,803 - my_logger - INFO - Date
2020-12-01    0.053929
dtype: float64
2024-11-17 20:11:28,750 - my_logger - INFO - Date
2021-01-01   -0.011984
dtype: float64
2024-11-17 20:11:28,759 - my_logger - INFO - Date
2021-02-01   -0.009768
dtype: float64
2024-11-17 20:11:28,768 - my_logger - INFO - Date
2021-03-01    0.020523
dtype: float64
2024-11-17 20:11:28,777 - my_logger - INFO - Date
2021-04-01    0.03575
dtype: float64
2024-11-17 20:11:28,786 - my_logger - INFO - Date
2021-05-01    0.00872
dtype: float64
2024-11-17 20:11:28,795 - my_logger - INFO - Date
2021-06-01    0.029476
dtype: float64
2024-11-17 20:11:29,731 - my_logger - INFO - Date
2021-07-01    0.024428
dtype: float64
2024-11-17 20:11:29,743 - my_logger - INFO - Date
2021-08-01    0.020763
dtype: float64
2024-11-17 20:11:29,752 - my_logger - INFO - Date
2021-09-01   -0.048472
dtype: float64
2024-11-17 20:11:29,761 - my_logger - INFO - Date
2021-10-01    0.056711
dtype: float64
2024-11-17 20:11:29,770 - my_logger - INFO - Date
2021-11-01   -0.014906
dtype: float64
2024-11-17 20:11:29,779 - my_logger - INFO - Date
2021-12-01    0.047305
dtype: float64
2024-11-17 20:11:30,794 - my_logger - INFO - Date
2022-01-01   -0.030749
dtype: float64
2024-11-17 20:11:30,803 - my_logger - INFO - Date
2022-02-01   -0.016404
dtype: float64
2024-11-17 20:11:30,813 - my_logger - INFO - Date
2022-03-01    0.033201
dtype: float64
2024-11-17 20:11:30,823 - my_logger - INFO - Date
2022-04-01   -0.069995
dtype: float64
2024-11-17 20:11:30,832 - my_logger - INFO - Date
2022-05-01    0.005858
dtype: float64
2024-11-17 20:11:30,843 - my_logger - INFO - Date
2022-06-01   -0.092885
dtype: float64
2024-11-17 20:11:31,764 - my_logger - INFO - Date
2022-07-01    0.066234
dtype: float64
2024-11-17 20:11:31,774 - my_logger - INFO - Date
2022-08-01   -0.037121
dtype: float64
2024-11-17 20:11:31,785 - my_logger - INFO - Date
2022-09-01   -0.08359
dtype: float64
2024-11-17 20:11:31,794 - my_logger - INFO - Date
2022-10-01    0.047097
dtype: float64
2024-11-17 20:11:31,804 - my_logger - INFO - Date
2022-11-01    0.060123
dtype: float64
2024-11-17 20:11:31,813 - my_logger - INFO - Date
2022-12-01   -0.033425
dtype: float64
2024-11-17 20:11:32,841 - my_logger - INFO - Date
2023-01-01    0.067849
dtype: float64
2024-11-17 20:11:32,854 - my_logger - INFO - Date
2023-02-01   -0.03763
dtype: float64
2024-11-17 20:11:32,865 - my_logger - INFO - Date
2023-03-01    0.014142
dtype: float64
2024-11-17 20:11:32,874 - my_logger - INFO - Date
2023-04-01    0.001668
dtype: float64
2024-11-17 20:11:32,885 - my_logger - INFO - Date
2023-05-01   -0.034954
dtype: float64
2024-11-17 20:11:32,898 - my_logger - INFO - Date
2023-06-01    0.04165
dtype: float64
2024-11-17 20:11:33,884 - my_logger - INFO - Date
2023-07-01    0.030462
dtype: float64
2024-11-17 20:11:33,895 - my_logger - INFO - Date
2023-08-01   -0.025203
dtype: float64
2024-11-17 20:11:33,906 - my_logger - INFO - Date
2023-09-01   -0.028331
dtype: float64
2024-11-17 20:11:33,916 - my_logger - INFO - Date
2023-10-01   -0.024566
dtype: float64
2024-11-17 20:11:33,926 - my_logger - INFO - Date
2023-11-01    0.066963
dtype: float64
2024-11-17 20:11:33,937 - my_logger - INFO - Date
2023-12-01    0.048167
dtype: float64
2024-11-17 20:17:25,762 - my_logger - INFO - Date
2020-01-01    0.008562
dtype: float64
2024-11-17 20:17:25,770 - my_logger - INFO - Date
2020-02-01   -0.067809
dtype: float64
2024-11-17 20:17:25,780 - my_logger - INFO - Date
2020-03-01   -0.084106
dtype: float64
2024-11-17 20:17:25,789 - my_logger - INFO - Date
2020-04-01    0.090614
dtype: float64
2024-11-17 20:17:25,798 - my_logger - INFO - Date
2020-05-01    0.039801
dtype: float64
2024-11-17 20:17:25,809 - my_logger - INFO - Date
2020-06-01    0.031095
dtype: float64
2024-11-17 20:17:26,866 - my_logger - INFO - Date
2020-07-01    0.07249
dtype: float64
2024-11-17 20:17:26,874 - my_logger - INFO - Date
2020-08-01    0.049204
dtype: float64
2024-11-17 20:17:26,885 - my_logger - INFO - Date
2020-09-01   -0.036237
dtype: float64
2024-11-17 20:17:26,895 - my_logger - INFO - Date
2020-10-01    0.014572
dtype: float64
2024-11-17 20:17:26,905 - my_logger - INFO - Date
2020-11-01    0.097201
dtype: float64
2024-11-17 20:17:26,915 - my_logger - INFO - Date
2020-12-01    0.053929
dtype: float64
2024-11-17 20:17:27,825 - my_logger - INFO - Date
2021-01-01   -0.017209
dtype: float64
2024-11-17 20:17:27,834 - my_logger - INFO - Date
2021-02-01   -0.010795
dtype: float64
2024-11-17 20:17:27,843 - my_logger - INFO - Date
2021-03-01    0.025256
dtype: float64
2024-11-17 20:17:27,852 - my_logger - INFO - Date
2021-04-01    0.033407
dtype: float64
2024-11-17 20:17:27,862 - my_logger - INFO - Date
2021-05-01    0.010249
dtype: float64
2024-11-17 20:17:27,871 - my_logger - INFO - Date
2021-06-01    0.024402
dtype: float64
2024-11-17 20:17:28,857 - my_logger - INFO - Date
2021-07-01    0.011903
dtype: float64
2024-11-17 20:17:28,865 - my_logger - INFO - Date
2021-08-01    0.016503
dtype: float64
2024-11-17 20:17:28,874 - my_logger - INFO - Date
2021-09-01   -0.026243
dtype: float64
2024-11-17 20:17:28,887 - my_logger - INFO - Date
2021-10-01    0.063763
dtype: float64
2024-11-17 20:17:28,897 - my_logger - INFO - Date
2021-11-01   -0.021026
dtype: float64
2024-11-17 20:17:28,906 - my_logger - INFO - Date
2021-12-01    0.041614
dtype: float64
2024-11-17 20:17:29,900 - my_logger - INFO - Date
2022-01-01   -0.024491
dtype: float64
2024-11-17 20:17:29,909 - my_logger - INFO - Date
2022-02-01   -0.013698
dtype: float64
2024-11-17 20:17:29,920 - my_logger - INFO - Date
2022-03-01    0.037872
dtype: float64
2024-11-17 20:17:29,930 - my_logger - INFO - Date
2022-04-01   -0.073484
dtype: float64
2024-11-17 20:17:29,939 - my_logger - INFO - Date
2022-05-01    0.016135
dtype: float64
2024-11-17 20:17:29,949 - my_logger - INFO - Date
2022-06-01   -0.099725
dtype: float64
2024-11-17 20:17:30,925 - my_logger - INFO - Date
2022-07-01    0.067867
dtype: float64
2024-11-17 20:17:30,936 - my_logger - INFO - Date
2022-08-01   -0.04206
dtype: float64
2024-11-17 20:17:30,949 - my_logger - INFO - Date
2022-09-01   -0.08632
dtype: float64
2024-11-17 20:17:30,959 - my_logger - INFO - Date
2022-10-01    0.043902
dtype: float64
2024-11-17 20:17:30,972 - my_logger - INFO - Date
2022-11-01    0.063857
dtype: float64
2024-11-17 20:17:30,983 - my_logger - INFO - Date
2022-12-01   -0.037602
dtype: float64
2024-11-17 20:17:31,967 - my_logger - INFO - Date
2023-01-01    0.072042
dtype: float64
2024-11-17 20:17:31,977 - my_logger - INFO - Date
2023-02-01   -0.038461
dtype: float64
2024-11-17 20:17:31,986 - my_logger - INFO - Date
2023-03-01    0.01157
dtype: float64
2024-11-17 20:17:31,997 - my_logger - INFO - Date
2023-04-01    0.001584
dtype: float64
2024-11-17 20:17:32,007 - my_logger - INFO - Date
2023-05-01   -0.040036
dtype: float64
2024-11-17 20:17:32,018 - my_logger - INFO - Date
2023-06-01    0.045736
dtype: float64
2024-11-17 20:17:33,089 - my_logger - INFO - Date
2023-07-01    0.033808
dtype: float64
2024-11-17 20:17:33,104 - my_logger - INFO - Date
2023-08-01   -0.030332
dtype: float64
2024-11-17 20:17:33,118 - my_logger - INFO - Date
2023-09-01   -0.030777
dtype: float64
2024-11-17 20:17:33,134 - my_logger - INFO - Date
2023-10-01   -0.027225
dtype: float64
2024-11-17 20:17:33,148 - my_logger - INFO - Date
2023-11-01    0.072186
dtype: float64
2024-11-17 20:17:33,158 - my_logger - INFO - Date
2023-12-01    0.050783
dtype: float64
2024-11-17 20:17:49,465 - my_logger - INFO - Date
2020-01-01    0.010695
dtype: float64
2024-11-17 20:17:49,473 - my_logger - INFO - Date
2020-02-01   -0.070033
dtype: float64
2024-11-17 20:17:49,483 - my_logger - INFO - Date
2020-03-01   -0.077397
dtype: float64
2024-11-17 20:17:49,492 - my_logger - INFO - Date
2020-04-01    0.088571
dtype: float64
2024-11-17 20:17:49,502 - my_logger - INFO - Date
2020-05-01    0.041705
dtype: float64
2024-11-17 20:17:49,511 - my_logger - INFO - Date
2020-06-01    0.027631
dtype: float64
2024-11-17 20:17:50,494 - my_logger - INFO - Date
2020-07-01    0.07249
dtype: float64
2024-11-17 20:17:50,505 - my_logger - INFO - Date
2020-08-01    0.049204
dtype: float64
2024-11-17 20:17:50,516 - my_logger - INFO - Date
2020-09-01   -0.036237
dtype: float64
2024-11-17 20:17:50,526 - my_logger - INFO - Date
2020-10-01    0.014572
dtype: float64
2024-11-17 20:17:50,538 - my_logger - INFO - Date
2020-11-01    0.097201
dtype: float64
2024-11-17 20:17:50,549 - my_logger - INFO - Date
2020-12-01    0.053929
dtype: float64
2024-11-17 20:17:51,520 - my_logger - INFO - Date
2021-01-01   -0.013654
dtype: float64
2024-11-17 20:17:51,530 - my_logger - INFO - Date
2021-02-01   -0.012186
dtype: float64
2024-11-17 20:17:51,540 - my_logger - INFO - Date
2021-03-01    0.023002
dtype: float64
2024-11-17 20:17:51,552 - my_logger - INFO - Date
2021-04-01    0.034554
dtype: float64
2024-11-17 20:17:51,562 - my_logger - INFO - Date
2021-05-01    0.010703
dtype: float64
2024-11-17 20:17:51,575 - my_logger - INFO - Date
2021-06-01    0.024923
dtype: float64
2024-11-17 20:17:52,498 - my_logger - INFO - Date
2021-07-01    0.017603
dtype: float64
2024-11-17 20:17:52,507 - my_logger - INFO - Date
2021-08-01    0.020491
dtype: float64
2024-11-17 20:17:52,517 - my_logger - INFO - Date
2021-09-01   -0.041872
dtype: float64
2024-11-17 20:17:52,527 - my_logger - INFO - Date
2021-10-01    0.054595
dtype: float64
2024-11-17 20:17:52,538 - my_logger - INFO - Date
2021-11-01   -0.015922
dtype: float64
2024-11-17 20:17:52,548 - my_logger - INFO - Date
2021-12-01    0.039541
dtype: float64
2024-11-17 20:17:53,573 - my_logger - INFO - Date
2022-01-01   -0.026401
dtype: float64
2024-11-17 20:17:53,585 - my_logger - INFO - Date
2022-02-01   -0.018409
dtype: float64
2024-11-17 20:17:53,594 - my_logger - INFO - Date
2022-03-01    0.032473
dtype: float64
2024-11-17 20:17:53,603 - my_logger - INFO - Date
2022-04-01   -0.075176
dtype: float64
2024-11-17 20:17:53,613 - my_logger - INFO - Date
2022-05-01    0.011018
dtype: float64
2024-11-17 20:17:53,623 - my_logger - INFO - Date
2022-06-01   -0.095385
dtype: float64
2024-11-17 20:17:54,561 - my_logger - INFO - Date
2022-07-01    0.060443
dtype: float64
2024-11-17 20:17:54,571 - my_logger - INFO - Date
2022-08-01   -0.040206
dtype: float64
2024-11-17 20:17:54,580 - my_logger - INFO - Date
2022-09-01   -0.081697
dtype: float64
2024-11-17 20:17:54,589 - my_logger - INFO - Date
2022-10-01    0.057756
dtype: float64
2024-11-17 20:17:54,599 - my_logger - INFO - Date
2022-11-01    0.064175
dtype: float64
2024-11-17 20:17:54,609 - my_logger - INFO - Date
2022-12-01   -0.031336
dtype: float64
2024-11-17 20:17:55,597 - my_logger - INFO - Date
2023-01-01    0.073099
dtype: float64
2024-11-17 20:17:55,606 - my_logger - INFO - Date
2023-02-01   -0.042217
dtype: float64
2024-11-17 20:17:55,616 - my_logger - INFO - Date
2023-03-01    0.013485
dtype: float64
2024-11-17 20:17:55,625 - my_logger - INFO - Date
2023-04-01    0.000866
dtype: float64
2024-11-17 20:17:55,636 - my_logger - INFO - Date
2023-05-01   -0.041703
dtype: float64
2024-11-17 20:17:55,646 - my_logger - INFO - Date
2023-06-01    0.047462
dtype: float64
2024-11-17 20:17:56,707 - my_logger - INFO - Date
2023-07-01    0.03029
dtype: float64
2024-11-17 20:17:56,718 - my_logger - INFO - Date
2023-08-01   -0.025227
dtype: float64
2024-11-17 20:17:56,727 - my_logger - INFO - Date
2023-09-01   -0.030406
dtype: float64
2024-11-17 20:17:56,738 - my_logger - INFO - Date
2023-10-01   -0.024256
dtype: float64
2024-11-17 20:17:56,747 - my_logger - INFO - Date
2023-11-01    0.066982
dtype: float64
2024-11-17 20:17:56,757 - my_logger - INFO - Date
2023-12-01    0.046531
dtype: float64
2024-11-17 20:22:02,869 - my_logger - INFO - Date
2020-01-01    0.011923
dtype: float64
2024-11-17 20:22:02,878 - my_logger - INFO - Date
2020-02-01   -0.057137
dtype: float64
2024-11-17 20:22:02,889 - my_logger - INFO - Date
2020-03-01   -0.074072
dtype: float64
2024-11-17 20:22:02,898 - my_logger - INFO - Date
2020-04-01    0.084434
dtype: float64
2024-11-17 20:22:02,907 - my_logger - INFO - Date
2020-05-01    0.037439
dtype: float64
2024-11-17 20:22:02,920 - my_logger - INFO - Date
2020-06-01    0.025603
dtype: float64
2024-11-17 20:22:03,956 - my_logger - INFO - Date
2020-07-01    0.07249
dtype: float64
2024-11-17 20:22:03,965 - my_logger - INFO - Date
2020-08-01    0.049204
dtype: float64
2024-11-17 20:22:03,974 - my_logger - INFO - Date
2020-09-01   -0.036237
dtype: float64
2024-11-17 20:22:03,983 - my_logger - INFO - Date
2020-10-01    0.014572
dtype: float64
2024-11-17 20:22:03,994 - my_logger - INFO - Date
2020-11-01    0.097201
dtype: float64
2024-11-17 20:22:04,002 - my_logger - INFO - Date
2020-12-01    0.053929
dtype: float64
2024-11-17 20:22:04,912 - my_logger - INFO - Date
2021-01-01   -0.020889
dtype: float64
2024-11-17 20:22:04,920 - my_logger - INFO - Date
2021-02-01   -0.011911
dtype: float64
2024-11-17 20:22:04,930 - my_logger - INFO - Date
2021-03-01    0.031405
dtype: float64
2024-11-17 20:22:04,939 - my_logger - INFO - Date
2021-04-01    0.033566
dtype: float64
2024-11-17 20:22:04,950 - my_logger - INFO - Date
2021-05-01    0.014086
dtype: float64
2024-11-17 20:22:04,959 - my_logger - INFO - Date
2021-06-01    0.019008
dtype: float64
2024-11-17 20:22:05,972 - my_logger - INFO - Date
2021-07-01    0.01634
dtype: float64
2024-11-17 20:22:05,986 - my_logger - INFO - Date
2021-08-01    0.020873
dtype: float64
2024-11-17 20:22:06,004 - my_logger - INFO - Date
2021-09-01   -0.039992
dtype: float64
2024-11-17 20:22:06,019 - my_logger - INFO - Date
2021-10-01    0.058324
dtype: float64
2024-11-17 20:22:06,037 - my_logger - INFO - Date
2021-11-01   -0.014217
dtype: float64
2024-11-17 20:22:06,053 - my_logger - INFO - Date
2021-12-01    0.039022
dtype: float64
2024-11-17 20:22:07,254 - my_logger - INFO - Date
2022-01-01   -0.000462
dtype: float64
2024-11-17 20:22:07,264 - my_logger - INFO - Date
2022-02-01   -0.005101
dtype: float64
2024-11-17 20:22:07,274 - my_logger - INFO - Date
2022-03-01    0.035393
dtype: float64
2024-11-17 20:22:07,286 - my_logger - INFO - Date
2022-04-01   -0.053607
dtype: float64
2024-11-17 20:22:07,294 - my_logger - INFO - Date
2022-05-01    0.02151
dtype: float64
2024-11-17 20:22:07,304 - my_logger - INFO - Date
2022-06-01   -0.094392
dtype: float64
2024-11-17 20:22:08,265 - my_logger - INFO - Date
2022-07-01    0.066978
dtype: float64
2024-11-17 20:22:08,276 - my_logger - INFO - Date
2022-08-01   -0.039754
dtype: float64
2024-11-17 20:22:08,287 - my_logger - INFO - Date
2022-09-01   -0.085061
dtype: float64
2024-11-17 20:22:08,297 - my_logger - INFO - Date
2022-10-01    0.058581
dtype: float64
2024-11-17 20:22:08,308 - my_logger - INFO - Date
2022-11-01    0.063516
dtype: float64
2024-11-17 20:22:08,320 - my_logger - INFO - Date
2022-12-01   -0.035821
dtype: float64
2024-11-17 20:22:09,330 - my_logger - INFO - Date
2023-01-01    0.067891
dtype: float64
2024-11-17 20:22:09,341 - my_logger - INFO - Date
2023-02-01   -0.039076
dtype: float64
2024-11-17 20:22:09,350 - my_logger - INFO - Date
2023-03-01    0.013451
dtype: float64
2024-11-17 20:22:09,361 - my_logger - INFO - Date
2023-04-01    0.001872
dtype: float64
2024-11-17 20:22:09,371 - my_logger - INFO - Date
2023-05-01   -0.036806
dtype: float64
2024-11-17 20:22:09,380 - my_logger - INFO - Date
2023-06-01    0.043353
dtype: float64
2024-11-17 20:22:10,407 - my_logger - INFO - Date
2023-07-01    0.033423
dtype: float64
2024-11-17 20:22:10,418 - my_logger - INFO - Date
2023-08-01   -0.028695
dtype: float64
2024-11-17 20:22:10,428 - my_logger - INFO - Date
2023-09-01   -0.029849
dtype: float64
2024-11-17 20:22:10,439 - my_logger - INFO - Date
2023-10-01   -0.026251
dtype: float64
2024-11-17 20:22:10,449 - my_logger - INFO - Date
2023-11-01    0.070089
dtype: float64
2024-11-17 20:22:10,460 - my_logger - INFO - Date
2023-12-01    0.049723
dtype: float64
2024-11-17 20:22:34,855 - my_logger - INFO - Date
2020-01-01    0.00486
dtype: float64
2024-11-17 20:22:34,863 - my_logger - INFO - Date
2020-02-01   -0.070364
dtype: float64
2024-11-17 20:22:34,872 - my_logger - INFO - Date
2020-03-01   -0.074393
dtype: float64
2024-11-17 20:22:34,883 - my_logger - INFO - Date
2020-04-01    0.081284
dtype: float64
2024-11-17 20:22:34,892 - my_logger - INFO - Date
2020-05-01    0.033611
dtype: float64
2024-11-17 20:22:34,902 - my_logger - INFO - Date
2020-06-01    0.021837
dtype: float64
2024-11-17 20:22:35,945 - my_logger - INFO - Date
2020-07-01    0.07249
dtype: float64
2024-11-17 20:22:35,955 - my_logger - INFO - Date
2020-08-01    0.049204
dtype: float64
2024-11-17 20:22:35,965 - my_logger - INFO - Date
2020-09-01   -0.036237
dtype: float64
2024-11-17 20:22:35,978 - my_logger - INFO - Date
2020-10-01    0.014572
dtype: float64
2024-11-17 20:22:35,990 - my_logger - INFO - Date
2020-11-01    0.097201
dtype: float64
2024-11-17 20:22:36,000 - my_logger - INFO - Date
2020-12-01    0.053929
dtype: float64
2024-11-17 20:22:36,878 - my_logger - INFO - Date
2021-01-01   -0.010925
dtype: float64
2024-11-17 20:22:36,889 - my_logger - INFO - Date
2021-02-01   -0.010739
dtype: float64
2024-11-17 20:22:36,899 - my_logger - INFO - Date
2021-03-01    0.021155
dtype: float64
2024-11-17 20:22:36,909 - my_logger - INFO - Date
2021-04-01    0.03599
dtype: float64
2024-11-17 20:22:36,918 - my_logger - INFO - Date
2021-05-01    0.009649
dtype: float64
2024-11-17 20:22:36,928 - my_logger - INFO - Date
2021-06-01    0.029756
dtype: float64
2024-11-17 20:22:37,864 - my_logger - INFO - Date
2021-07-01    0.015226
dtype: float64
2024-11-17 20:22:37,873 - my_logger - INFO - Date
2021-08-01    0.018565
dtype: float64
2024-11-17 20:22:37,883 - my_logger - INFO - Date
2021-09-01   -0.035874
dtype: float64
2024-11-17 20:22:37,892 - my_logger - INFO - Date
2021-10-01    0.060761
dtype: float64
2024-11-17 20:22:37,901 - my_logger - INFO - Date
2021-11-01   -0.013042
dtype: float64
2024-11-17 20:22:37,911 - my_logger - INFO - Date
2021-12-01    0.035529
dtype: float64
2024-11-17 20:22:38,884 - my_logger - INFO - Date
2022-01-01   -0.031447
dtype: float64
2024-11-17 20:22:38,893 - my_logger - INFO - Date
2022-02-01   -0.016151
dtype: float64
2024-11-17 20:22:38,904 - my_logger - INFO - Date
2022-03-01    0.034068
dtype: float64
2024-11-17 20:22:38,913 - my_logger - INFO - Date
2022-04-01   -0.073817
dtype: float64
2024-11-17 20:22:38,923 - my_logger - INFO - Date
2022-05-01    0.009988
dtype: float64
2024-11-17 20:22:38,934 - my_logger - INFO - Date
2022-06-01   -0.095709
dtype: float64
2024-11-17 20:22:39,915 - my_logger - INFO - Date
2022-07-01    0.061917
dtype: float64
2024-11-17 20:22:39,923 - my_logger - INFO - Date
2022-08-01   -0.036823
dtype: float64
2024-11-17 20:22:39,933 - my_logger - INFO - Date
2022-09-01   -0.085945
dtype: float64
2024-11-17 20:22:39,943 - my_logger - INFO - Date
2022-10-01    0.05274
dtype: float64
2024-11-17 20:22:39,953 - my_logger - INFO - Date
2022-11-01    0.06464
dtype: float64
2024-11-17 20:22:39,963 - my_logger - INFO - Date
2022-12-01   -0.033242
dtype: float64
2024-11-17 20:22:41,009 - my_logger - INFO - Date
2023-01-01    0.07708
dtype: float64
2024-11-17 20:22:41,020 - my_logger - INFO - Date
2023-02-01   -0.039661
dtype: float64
2024-11-17 20:22:41,030 - my_logger - INFO - Date
2023-03-01    0.014324
dtype: float64
2024-11-17 20:22:41,040 - my_logger - INFO - Date
2023-04-01    0.001182
dtype: float64
2024-11-17 20:22:41,050 - my_logger - INFO - Date
2023-05-01   -0.03645
dtype: float64
2024-11-17 20:22:41,062 - my_logger - INFO - Date
2023-06-01    0.048017
dtype: float64
2024-11-17 20:22:42,063 - my_logger - INFO - Date
2023-07-01    0.030809
dtype: float64
2024-11-17 20:22:42,074 - my_logger - INFO - Date
2023-08-01   -0.024825
dtype: float64
2024-11-17 20:22:42,086 - my_logger - INFO - Date
2023-09-01   -0.026897
dtype: float64
2024-11-17 20:22:42,097 - my_logger - INFO - Date
2023-10-01   -0.024074
dtype: float64
2024-11-17 20:22:42,109 - my_logger - INFO - Date
2023-11-01    0.065608
dtype: float64
2024-11-17 20:22:42,119 - my_logger - INFO - Date
2023-12-01    0.045675
dtype: float64
2024-11-17 20:22:54,993 - my_logger - INFO - Date
2020-01-01    0.0098
dtype: float64
2024-11-17 20:22:55,002 - my_logger - INFO - Date
2020-02-01   -0.07086
dtype: float64
2024-11-17 20:22:55,012 - my_logger - INFO - Date
2020-03-01   -0.081724
dtype: float64
2024-11-17 20:22:55,022 - my_logger - INFO - Date
2020-04-01    0.087073
dtype: float64
2024-11-17 20:22:55,030 - my_logger - INFO - Date
2020-05-01    0.041162
dtype: float64
2024-11-17 20:22:55,040 - my_logger - INFO - Date
2020-06-01    0.031984
dtype: float64
2024-11-17 20:22:56,051 - my_logger - INFO - Date
2020-07-01    0.07249
dtype: float64
2024-11-17 20:22:56,060 - my_logger - INFO - Date
2020-08-01    0.049204
dtype: float64
2024-11-17 20:22:56,071 - my_logger - INFO - Date
2020-09-01   -0.036237
dtype: float64
2024-11-17 20:22:56,083 - my_logger - INFO - Date
2020-10-01    0.014572
dtype: float64
2024-11-17 20:22:56,092 - my_logger - INFO - Date
2020-11-01    0.097201
dtype: float64
2024-11-17 20:22:56,102 - my_logger - INFO - Date
2020-12-01    0.053929
dtype: float64
2024-11-17 20:22:57,033 - my_logger - INFO - Date
2021-01-01   -0.012599
dtype: float64
2024-11-17 20:22:57,041 - my_logger - INFO - Date
2021-02-01   -0.008303
dtype: float64
2024-11-17 20:22:57,050 - my_logger - INFO - Date
2021-03-01    0.020861
dtype: float64
2024-11-17 20:22:57,060 - my_logger - INFO - Date
2021-04-01    0.035158
dtype: float64
2024-11-17 20:22:57,070 - my_logger - INFO - Date
2021-05-01    0.008477
dtype: float64
2024-11-17 20:22:57,079 - my_logger - INFO - Date
2021-06-01    0.028652
dtype: float64
2024-11-17 20:22:58,018 - my_logger - INFO - Date
2021-07-01    0.013426
dtype: float64
2024-11-17 20:22:58,027 - my_logger - INFO - Date
2021-08-01    0.01549
dtype: float64
2024-11-17 20:22:58,036 - my_logger - INFO - Date
2021-09-01   -0.034299
dtype: float64
2024-11-17 20:22:58,047 - my_logger - INFO - Date
2021-10-01    0.055892
dtype: float64
2024-11-17 20:22:58,057 - my_logger - INFO - Date
2021-11-01   -0.023142
dtype: float64
2024-11-17 20:22:58,067 - my_logger - INFO - Date
2021-12-01    0.046114
dtype: float64
2024-11-17 20:22:59,085 - my_logger - INFO - Date
2022-01-01   -0.016189
dtype: float64
2024-11-17 20:22:59,094 - my_logger - INFO - Date
2022-02-01   -0.012019
dtype: float64
2024-11-17 20:22:59,107 - my_logger - INFO - Date
2022-03-01    0.033914
dtype: float64
2024-11-17 20:22:59,119 - my_logger - INFO - Date
2022-04-01   -0.063992
dtype: float64
2024-11-17 20:22:59,128 - my_logger - INFO - Date
2022-05-01    0.019299
dtype: float64
2024-11-17 20:22:59,138 - my_logger - INFO - Date
2022-06-01   -0.092273
dtype: float64
2024-11-17 20:23:00,082 - my_logger - INFO - Date
2022-07-01    0.057632
dtype: float64
2024-11-17 20:23:00,091 - my_logger - INFO - Date
2022-08-01   -0.036157
dtype: float64
2024-11-17 20:23:00,101 - my_logger - INFO - Date
2022-09-01   -0.082807
dtype: float64
2024-11-17 20:23:00,111 - my_logger - INFO - Date
2022-10-01    0.042621
dtype: float64
2024-11-17 20:23:00,120 - my_logger - INFO - Date
2022-11-01    0.066203
dtype: float64
2024-11-17 20:23:00,130 - my_logger - INFO - Date
2022-12-01   -0.029696
dtype: float64
2024-11-17 20:23:01,174 - my_logger - INFO - Date
2023-01-01    0.074391
dtype: float64
2024-11-17 20:23:01,186 - my_logger - INFO - Date
2023-02-01   -0.039706
dtype: float64
2024-11-17 20:23:01,200 - my_logger - INFO - Date
2023-03-01    0.013709
dtype: float64
2024-11-17 20:23:01,214 - my_logger - INFO - Date
2023-04-01    0.000559
dtype: float64
2024-11-17 20:23:01,228 - my_logger - INFO - Date
2023-05-01   -0.041107
dtype: float64
2024-11-17 20:23:01,239 - my_logger - INFO - Date
2023-06-01    0.049393
dtype: float64
2024-11-17 20:23:02,277 - my_logger - INFO - Date
2023-07-01    0.031791
dtype: float64
2024-11-17 20:23:02,288 - my_logger - INFO - Date
2023-08-01   -0.025955
dtype: float64
2024-11-17 20:23:02,298 - my_logger - INFO - Date
2023-09-01   -0.028869
dtype: float64
2024-11-17 20:23:02,308 - my_logger - INFO - Date
2023-10-01   -0.024858
dtype: float64
2024-11-17 20:23:02,319 - my_logger - INFO - Date
2023-11-01    0.068618
dtype: float64
2024-11-17 20:23:02,328 - my_logger - INFO - Date
2023-12-01    0.049716
dtype: float64
2024-11-17 20:30:10,406 - my_logger - INFO - Date
2020-01-01    0.010678
dtype: float64
2024-11-17 20:30:10,415 - my_logger - INFO - Date
2020-02-01   -0.068028
dtype: float64
2024-11-17 20:30:10,425 - my_logger - INFO - Date
2020-03-01   -0.081739
dtype: float64
2024-11-17 20:30:10,435 - my_logger - INFO - Date
2020-04-01    0.091795
dtype: float64
2024-11-17 20:30:10,446 - my_logger - INFO - Date
2020-05-01    0.042064
dtype: float64
2024-11-17 20:30:10,454 - my_logger - INFO - Date
2020-06-01    0.029459
dtype: float64
2024-11-17 20:30:11,473 - my_logger - INFO - Date
2020-07-01    0.07249
dtype: float64
2024-11-17 20:30:11,483 - my_logger - INFO - Date
2020-08-01    0.049204
dtype: float64
2024-11-17 20:30:11,491 - my_logger - INFO - Date
2020-09-01   -0.036237
dtype: float64
2024-11-17 20:30:11,500 - my_logger - INFO - Date
2020-10-01    0.014572
dtype: float64
2024-11-17 20:30:11,510 - my_logger - INFO - Date
2020-11-01    0.097201
dtype: float64
2024-11-17 20:30:11,555 - my_logger - INFO - Date
2020-12-01    0.053929
dtype: float64
2024-11-17 20:30:12,555 - my_logger - INFO - Date
2021-01-01   -0.011615
dtype: float64
2024-11-17 20:30:12,565 - my_logger - INFO - Date
2021-02-01   -0.007167
dtype: float64
2024-11-17 20:30:12,575 - my_logger - INFO - Date
2021-03-01    0.024125
dtype: float64
2024-11-17 20:30:12,584 - my_logger - INFO - Date
2021-04-01    0.039504
dtype: float64
2024-11-17 20:30:12,594 - my_logger - INFO - Date
2021-05-01    0.008032
dtype: float64
2024-11-17 20:30:12,605 - my_logger - INFO - Date
2021-06-01    0.03309
dtype: float64
2024-11-17 20:30:13,578 - my_logger - INFO - Date
2021-07-01    0.010354
dtype: float64
2024-11-17 20:30:13,587 - my_logger - INFO - Date
2021-08-01    0.017199
dtype: float64
2024-11-17 20:30:13,596 - my_logger - INFO - Date
2021-09-01   -0.026027
dtype: float64
2024-11-17 20:30:13,606 - my_logger - INFO - Date
2021-10-01    0.061992
dtype: float64
2024-11-17 20:30:13,619 - my_logger - INFO - Date
2021-11-01   -0.02218
dtype: float64
2024-11-17 20:30:13,630 - my_logger - INFO - Date
2021-12-01    0.040763
dtype: float64
2024-11-17 20:30:14,693 - my_logger - INFO - Date
2022-01-01   -0.013078
dtype: float64
2024-11-17 20:30:14,702 - my_logger - INFO - Date
2022-02-01   -0.010727
dtype: float64
2024-11-17 20:30:14,716 - my_logger - INFO - Date
2022-03-01    0.037936
dtype: float64
2024-11-17 20:30:14,727 - my_logger - INFO - Date
2022-04-01   -0.066471
dtype: float64
2024-11-17 20:30:14,739 - my_logger - INFO - Date
2022-05-01    0.017247
dtype: float64
2024-11-17 20:30:14,749 - my_logger - INFO - Date
2022-06-01   -0.097502
dtype: float64
2024-11-17 20:30:15,715 - my_logger - INFO - Date
2022-07-01    0.049142
dtype: float64
2024-11-17 20:30:15,724 - my_logger - INFO - Date
2022-08-01   -0.034536
dtype: float64
2024-11-17 20:30:15,734 - my_logger - INFO - Date
2022-09-01   -0.068984
dtype: float64
2024-11-17 20:30:15,743 - my_logger - INFO - Date
2022-10-01    0.040627
dtype: float64
2024-11-17 20:30:15,753 - my_logger - INFO - Date
2022-11-01    0.055679
dtype: float64
2024-11-17 20:30:15,767 - my_logger - INFO - Date
2022-12-01   -0.025597
dtype: float64
2024-11-17 20:30:16,765 - my_logger - INFO - Date
2023-01-01    0.064946
dtype: float64
2024-11-17 20:30:16,774 - my_logger - INFO - Date
2023-02-01   -0.038626
dtype: float64
2024-11-17 20:30:16,785 - my_logger - INFO - Date
2023-03-01    0.014294
dtype: float64
2024-11-17 20:30:16,795 - my_logger - INFO - Date
2023-04-01    0.002301
dtype: float64
2024-11-17 20:30:16,805 - my_logger - INFO - Date
2023-05-01   -0.037721
dtype: float64
2024-11-17 20:30:16,816 - my_logger - INFO - Date
2023-06-01    0.042937
dtype: float64
2024-11-17 20:30:17,872 - my_logger - INFO - Date
2023-07-01    0.029946
dtype: float64
2024-11-17 20:30:17,882 - my_logger - INFO - Date
2023-08-01   -0.023329
dtype: float64
2024-11-17 20:30:17,893 - my_logger - INFO - Date
2023-09-01   -0.02726
dtype: float64
2024-11-17 20:30:17,903 - my_logger - INFO - Date
2023-10-01   -0.02293
dtype: float64
2024-11-17 20:30:17,913 - my_logger - INFO - Date
2023-11-01    0.065893
dtype: float64
2024-11-17 20:30:17,923 - my_logger - INFO - Date
2023-12-01    0.048491
dtype: float64
2024-11-17 20:31:09,919 - my_logger - INFO - Date
2020-01-01    0.010496
dtype: float64
2024-11-17 20:31:09,927 - my_logger - INFO - Date
2020-02-01   -0.060904
dtype: float64
2024-11-17 20:31:09,938 - my_logger - INFO - Date
2020-03-01   -0.079518
dtype: float64
2024-11-17 20:31:09,948 - my_logger - INFO - Date
2020-04-01    0.085613
dtype: float64
2024-11-17 20:31:09,956 - my_logger - INFO - Date
2020-05-01    0.039823
dtype: float64
2024-11-17 20:31:09,971 - my_logger - INFO - Date
2020-06-01    0.027464
dtype: float64
2024-11-17 20:31:10,988 - my_logger - INFO - Date
2020-07-01    0.07249
dtype: float64
2024-11-17 20:31:10,998 - my_logger - INFO - Date
2020-08-01    0.049204
dtype: float64
2024-11-17 20:31:11,007 - my_logger - INFO - Date
2020-09-01   -0.036237
dtype: float64
2024-11-17 20:31:11,019 - my_logger - INFO - Date
2020-10-01    0.014572
dtype: float64
2024-11-17 20:31:11,029 - my_logger - INFO - Date
2020-11-01    0.097201
dtype: float64
2024-11-17 20:31:11,042 - my_logger - INFO - Date
2020-12-01    0.053929
dtype: float64
2024-11-17 20:31:11,962 - my_logger - INFO - Date
2021-01-01   -0.017168
dtype: float64
2024-11-17 20:31:11,971 - my_logger - INFO - Date
2021-02-01   -0.008546
dtype: float64
2024-11-17 20:31:11,981 - my_logger - INFO - Date
2021-03-01    0.02655
dtype: float64
2024-11-17 20:31:11,991 - my_logger - INFO - Date
2021-04-01    0.036532
dtype: float64
2024-11-17 20:31:12,001 - my_logger - INFO - Date
2021-05-01    0.010577
dtype: float64
2024-11-17 20:31:12,018 - my_logger - INFO - Date
2021-06-01    0.026175
dtype: float64
2024-11-17 20:31:13,041 - my_logger - INFO - Date
2021-07-01    0.013571
dtype: float64
2024-11-17 20:31:13,050 - my_logger - INFO - Date
2021-08-01    0.018039
dtype: float64
2024-11-17 20:31:13,061 - my_logger - INFO - Date
2021-09-01   -0.032999
dtype: float64
2024-11-17 20:31:13,072 - my_logger - INFO - Date
2021-10-01    0.066104
dtype: float64
2024-11-17 20:31:13,082 - my_logger - INFO - Date
2021-11-01   -0.012245
dtype: float64
2024-11-17 20:31:13,091 - my_logger - INFO - Date
2021-12-01    0.032801
dtype: float64
2024-11-17 20:31:14,110 - my_logger - INFO - Date
2022-01-01   -0.017749
dtype: float64
2024-11-17 20:31:14,120 - my_logger - INFO - Date
2022-02-01   -0.008199
dtype: float64
2024-11-17 20:31:14,130 - my_logger - INFO - Date
2022-03-01    0.040579
dtype: float64
2024-11-17 20:31:14,141 - my_logger - INFO - Date
2022-04-01   -0.062449
dtype: float64
2024-11-17 20:31:14,151 - my_logger - INFO - Date
2022-05-01    0.019007
dtype: float64
2024-11-17 20:31:14,161 - my_logger - INFO - Date
2022-06-01   -0.099375
dtype: float64
2024-11-17 20:31:15,160 - my_logger - INFO - Date
2022-07-01    0.064691
dtype: float64
2024-11-17 20:31:15,172 - my_logger - INFO - Date
2022-08-01   -0.039136
dtype: float64
2024-11-17 20:31:15,216 - my_logger - INFO - Date
2022-09-01   -0.091267
dtype: float64
2024-11-17 20:31:15,225 - my_logger - INFO - Date
2022-10-01    0.047741
dtype: float64
2024-11-17 20:31:15,235 - my_logger - INFO - Date
2022-11-01    0.071363
dtype: float64
2024-11-17 20:31:15,245 - my_logger - INFO - Date
2022-12-01   -0.036538
dtype: float64
2024-11-17 20:31:16,261 - my_logger - INFO - Date
2023-01-01    0.066238
dtype: float64
2024-11-17 20:31:16,271 - my_logger - INFO - Date
2023-02-01   -0.038958
dtype: float64
2024-11-17 20:31:16,281 - my_logger - INFO - Date
2023-03-01    0.016115
dtype: float64
2024-11-17 20:31:16,290 - my_logger - INFO - Date
2023-04-01    0.003169
dtype: float64
2024-11-17 20:31:16,302 - my_logger - INFO - Date
2023-05-01   -0.036364
dtype: float64
2024-11-17 20:31:16,311 - my_logger - INFO - Date
2023-06-01    0.04244
dtype: float64
2024-11-17 20:31:17,330 - my_logger - INFO - Date
2023-07-01    0.03143
dtype: float64
2024-11-17 20:31:17,339 - my_logger - INFO - Date
2023-08-01   -0.026063
dtype: float64
2024-11-17 20:31:17,354 - my_logger - INFO - Date
2023-09-01   -0.028115
dtype: float64
2024-11-17 20:31:17,364 - my_logger - INFO - Date
2023-10-01   -0.0244
dtype: float64
2024-11-17 20:31:17,375 - my_logger - INFO - Date
2023-11-01    0.065204
dtype: float64
2024-11-17 20:31:17,386 - my_logger - INFO - Date
2023-12-01    0.048133
dtype: float64
2024-11-17 20:31:42,892 - my_logger - INFO - Date
2020-01-01    0.010749
dtype: float64
2024-11-17 20:31:42,903 - my_logger - INFO - Date
2020-02-01   -0.06651
dtype: float64
2024-11-17 20:31:42,913 - my_logger - INFO - Date
2020-03-01   -0.069669
dtype: float64
2024-11-17 20:31:42,923 - my_logger - INFO - Date
2020-04-01    0.085922
dtype: float64
2024-11-17 20:31:42,934 - my_logger - INFO - Date
2020-05-01    0.038459
dtype: float64
2024-11-17 20:31:42,943 - my_logger - INFO - Date
2020-06-01    0.023301
dtype: float64
2024-11-17 20:31:43,946 - my_logger - INFO - Date
2020-07-01    0.07249
dtype: float64
2024-11-17 20:31:43,957 - my_logger - INFO - Date
2020-08-01    0.049204
dtype: float64
2024-11-17 20:31:43,967 - my_logger - INFO - Date
2020-09-01   -0.036237
dtype: float64
2024-11-17 20:31:43,977 - my_logger - INFO - Date
2020-10-01    0.014572
dtype: float64
2024-11-17 20:31:43,987 - my_logger - INFO - Date
2020-11-01    0.097201
dtype: float64
2024-11-17 20:31:43,996 - my_logger - INFO - Date
2020-12-01    0.053929
dtype: float64
2024-11-17 20:31:44,930 - my_logger - INFO - Date
2021-01-01   -0.013714
dtype: float64
2024-11-17 20:31:44,940 - my_logger - INFO - Date
2021-02-01   -0.011747
dtype: float64
2024-11-17 20:31:44,949 - my_logger - INFO - Date
2021-03-01    0.023923
dtype: float64
2024-11-17 20:31:44,958 - my_logger - INFO - Date
2021-04-01    0.035769
dtype: float64
2024-11-17 20:31:44,968 - my_logger - INFO - Date
2021-05-01    0.009974
dtype: float64
2024-11-17 20:31:44,977 - my_logger - INFO - Date
2021-06-01    0.027146
dtype: float64
2024-11-17 20:31:45,919 - my_logger - INFO - Date
2021-07-01    0.020927
dtype: float64
2024-11-17 20:31:45,929 - my_logger - INFO - Date
2021-08-01    0.022781
dtype: float64
2024-11-17 20:31:45,938 - my_logger - INFO - Date
2021-09-01   -0.045744
dtype: float64
2024-11-17 20:31:45,948 - my_logger - INFO - Date
2021-10-01    0.05985
dtype: float64
2024-11-17 20:31:45,957 - my_logger - INFO - Date
2021-11-01   -0.0173
dtype: float64
2024-11-17 20:31:45,967 - my_logger - INFO - Date
2021-12-01    0.045761
dtype: float64
2024-11-17 20:31:46,959 - my_logger - INFO - Date
2022-01-01   -0.025523
dtype: float64
2024-11-17 20:31:46,968 - my_logger - INFO - Date
2022-02-01   -0.015254
dtype: float64
2024-11-17 20:31:46,977 - my_logger - INFO - Date
2022-03-01    0.031707
dtype: float64
2024-11-17 20:31:46,989 - my_logger - INFO - Date
2022-04-01   -0.063744
dtype: float64
2024-11-17 20:31:47,001 - my_logger - INFO - Date
2022-05-01    0.008605
dtype: float64
2024-11-17 20:31:47,011 - my_logger - INFO - Date
2022-06-01   -0.084486
dtype: float64
2024-11-17 20:31:47,960 - my_logger - INFO - Date
2022-07-01    0.056564
dtype: float64
2024-11-17 20:31:47,970 - my_logger - INFO - Date
2022-08-01   -0.034746
dtype: float64
2024-11-17 20:31:47,979 - my_logger - INFO - Date
2022-09-01   -0.076897
dtype: float64
2024-11-17 20:31:47,989 - my_logger - INFO - Date
2022-10-01    0.040374
dtype: float64
2024-11-17 20:31:47,998 - my_logger - INFO - Date
2022-11-01    0.060098
dtype: float64
2024-11-17 20:31:48,009 - my_logger - INFO - Date
2022-12-01   -0.028554
dtype: float64
2024-11-17 20:31:48,997 - my_logger - INFO - Date
2023-01-01    0.074565
dtype: float64
2024-11-17 20:31:49,007 - my_logger - INFO - Date
2023-02-01   -0.039638
dtype: float64
2024-11-17 20:31:49,019 - my_logger - INFO - Date
2023-03-01    0.015625
dtype: float64
2024-11-17 20:31:49,030 - my_logger - INFO - Date
2023-04-01    0.002381
dtype: float64
2024-11-17 20:31:49,041 - my_logger - INFO - Date
2023-05-01   -0.039759
dtype: float64
2024-11-17 20:31:49,053 - my_logger - INFO - Date
2023-06-01    0.048344
dtype: float64
2024-11-17 20:31:50,145 - my_logger - INFO - Date
2023-07-01    0.032972
dtype: float64
2024-11-17 20:31:50,156 - my_logger - INFO - Date
2023-08-01   -0.027178
dtype: float64
2024-11-17 20:31:50,166 - my_logger - INFO - Date
2023-09-01   -0.029042
dtype: float64
2024-11-17 20:31:50,175 - my_logger - INFO - Date
2023-10-01   -0.025034
dtype: float64
2024-11-17 20:31:50,185 - my_logger - INFO - Date
2023-11-01    0.066879
dtype: float64
2024-11-17 20:31:50,195 - my_logger - INFO - Date
2023-12-01    0.048546
dtype: float64
2024-11-17 20:35:01,747 - my_logger - INFO - Date
2020-01-01    0.010016
dtype: float64
2024-11-17 20:35:01,757 - my_logger - INFO - Date
2020-02-01   -0.07053
dtype: float64
2024-11-17 20:35:01,767 - my_logger - INFO - Date
2020-03-01   -0.084553
dtype: float64
2024-11-17 20:35:01,777 - my_logger - INFO - Date
2020-04-01    0.088029
dtype: float64
2024-11-17 20:35:01,787 - my_logger - INFO - Date
2020-05-01    0.038233
dtype: float64
2024-11-17 20:35:01,797 - my_logger - INFO - Date
2020-06-01    0.028078
dtype: float64
2024-11-17 20:35:02,865 - my_logger - INFO - Date
2020-07-01    0.07249
dtype: float64
2024-11-17 20:35:02,873 - my_logger - INFO - Date
2020-08-01    0.049204
dtype: float64
2024-11-17 20:35:02,885 - my_logger - INFO - Date
2020-09-01   -0.036237
dtype: float64
2024-11-17 20:35:02,896 - my_logger - INFO - Date
2020-10-01    0.014572
dtype: float64
2024-11-17 20:35:02,904 - my_logger - INFO - Date
2020-11-01    0.097201
dtype: float64
2024-11-17 20:35:02,915 - my_logger - INFO - Date
2020-12-01    0.053929
dtype: float64
2024-11-17 20:35:03,864 - my_logger - INFO - Date
2021-01-01   -0.008773
dtype: float64
2024-11-17 20:35:03,872 - my_logger - INFO - Date
2021-02-01   -0.008105
dtype: float64
2024-11-17 20:35:03,883 - my_logger - INFO - Date
2021-03-01    0.018082
dtype: float64
2024-11-17 20:35:03,892 - my_logger - INFO - Date
2021-04-01    0.03632
dtype: float64
2024-11-17 20:35:03,901 - my_logger - INFO - Date
2021-05-01    0.007476
dtype: float64
2024-11-17 20:35:03,913 - my_logger - INFO - Date
2021-06-01    0.032605
dtype: float64
2024-11-17 20:35:04,889 - my_logger - INFO - Date
2021-07-01    0.022059
dtype: float64
2024-11-17 20:35:04,899 - my_logger - INFO - Date
2021-08-01    0.020168
dtype: float64
2024-11-17 20:35:04,908 - my_logger - INFO - Date
2021-09-01   -0.046606
dtype: float64
2024-11-17 20:35:04,918 - my_logger - INFO - Date
2021-10-01    0.059647
dtype: float64
2024-11-17 20:35:04,927 - my_logger - INFO - Date
2021-11-01   -0.014762
dtype: float64
2024-11-17 20:35:04,937 - my_logger - INFO - Date
2021-12-01    0.046666
dtype: float64
2024-11-17 20:35:05,922 - my_logger - INFO - Date
2022-01-01   -0.005667
dtype: float64
2024-11-17 20:35:05,933 - my_logger - INFO - Date
2022-02-01   -0.00594
dtype: float64
2024-11-17 20:35:05,941 - my_logger - INFO - Date
2022-03-01    0.042374
dtype: float64
2024-11-17 20:35:05,951 - my_logger - INFO - Date
2022-04-01   -0.056588
dtype: float64
2024-11-17 20:35:05,962 - my_logger - INFO - Date
2022-05-01    0.025089
dtype: float64
2024-11-17 20:35:05,971 - my_logger - INFO - Date
2022-06-01   -0.093836
dtype: float64
2024-11-17 20:35:06,932 - my_logger - INFO - Date
2022-07-01    0.071783
dtype: float64
2024-11-17 20:35:06,943 - my_logger - INFO - Date
2022-08-01   -0.037808
dtype: float64
2024-11-17 20:35:06,952 - my_logger - INFO - Date
2022-09-01   -0.089773
dtype: float64
2024-11-17 20:35:06,963 - my_logger - INFO - Date
2022-10-01    0.052521
dtype: float64
2024-11-17 20:35:06,972 - my_logger - INFO - Date
2022-11-01    0.062912
dtype: float64
2024-11-17 20:35:06,983 - my_logger - INFO - Date
2022-12-01   -0.038456
dtype: float64
2024-11-17 20:35:07,997 - my_logger - INFO - Date
2023-01-01    0.076274
dtype: float64
2024-11-17 20:35:08,007 - my_logger - INFO - Date
2023-02-01   -0.038911
dtype: float64
2024-11-17 20:35:08,018 - my_logger - INFO - Date
2023-03-01    0.014981
dtype: float64
2024-11-17 20:35:08,028 - my_logger - INFO - Date
2023-04-01    0.001854
dtype: float64
2024-11-17 20:35:08,038 - my_logger - INFO - Date
2023-05-01   -0.036759
dtype: float64
2024-11-17 20:35:08,050 - my_logger - INFO - Date
2023-06-01    0.048184
dtype: float64
2024-11-17 20:35:09,051 - my_logger - INFO - Date
2023-07-01    0.032031
dtype: float64
2024-11-17 20:35:09,064 - my_logger - INFO - Date
2023-08-01   -0.027581
dtype: float64
2024-11-17 20:35:09,073 - my_logger - INFO - Date
2023-09-01   -0.029876
dtype: float64
2024-11-17 20:35:09,083 - my_logger - INFO - Date
2023-10-01   -0.025854
dtype: float64
2024-11-17 20:35:09,093 - my_logger - INFO - Date
2023-11-01    0.06878
dtype: float64
2024-11-17 20:35:09,103 - my_logger - INFO - Date
2023-12-01    0.050505
dtype: float64
2024-11-17 20:35:32,339 - my_logger - INFO - Date
2020-01-01    0.011131
dtype: float64
2024-11-17 20:35:32,348 - my_logger - INFO - Date
2020-02-01   -0.069228
dtype: float64
2024-11-17 20:35:32,356 - my_logger - INFO - Date
2020-03-01   -0.080895
dtype: float64
2024-11-17 20:35:32,368 - my_logger - INFO - Date
2020-04-01    0.085334
dtype: float64
2024-11-17 20:35:32,376 - my_logger - INFO - Date
2020-05-01    0.03768
dtype: float64
2024-11-17 20:35:32,387 - my_logger - INFO - Date
2020-06-01    0.026929
dtype: float64
2024-11-17 20:35:33,451 - my_logger - INFO - Date
2020-07-01    0.07249
dtype: float64
2024-11-17 20:35:33,461 - my_logger - INFO - Date
2020-08-01    0.049204
dtype: float64
2024-11-17 20:35:33,470 - my_logger - INFO - Date
2020-09-01   -0.036237
dtype: float64
2024-11-17 20:35:33,480 - my_logger - INFO - Date
2020-10-01    0.014572
dtype: float64
2024-11-17 20:35:33,490 - my_logger - INFO - Date
2020-11-01    0.097201
dtype: float64
2024-11-17 20:35:33,500 - my_logger - INFO - Date
2020-12-01    0.053929
dtype: float64
2024-11-17 20:35:34,465 - my_logger - INFO - Date
2021-01-01   -0.016481
dtype: float64
2024-11-17 20:35:34,475 - my_logger - INFO - Date
2021-02-01   -0.008763
dtype: float64
2024-11-17 20:35:34,485 - my_logger - INFO - Date
2021-03-01    0.026795
dtype: float64
2024-11-17 20:35:34,494 - my_logger - INFO - Date
2021-04-01    0.038775
dtype: float64
2024-11-17 20:35:34,504 - my_logger - INFO - Date
2021-05-01    0.009223
dtype: float64
2024-11-17 20:35:34,514 - my_logger - INFO - Date
2021-06-01    0.030754
dtype: float64
2024-11-17 20:35:35,467 - my_logger - INFO - Date
2021-07-01    0.015065
dtype: float64
2024-11-17 20:35:35,475 - my_logger - INFO - Date
2021-08-01    0.017986
dtype: float64
2024-11-17 20:35:35,484 - my_logger - INFO - Date
2021-09-01   -0.036112
dtype: float64
2024-11-17 20:35:35,499 - my_logger - INFO - Date
2021-10-01    0.062178
dtype: float64
2024-11-17 20:35:35,509 - my_logger - INFO - Date
2021-11-01   -0.016421
dtype: float64
2024-11-17 20:35:35,520 - my_logger - INFO - Date
2021-12-01    0.038039
dtype: float64
2024-11-17 20:35:36,501 - my_logger - INFO - Date
2022-01-01   -0.0421
dtype: float64
2024-11-17 20:35:36,511 - my_logger - INFO - Date
2022-02-01   -0.022314
dtype: float64
2024-11-17 20:35:36,521 - my_logger - INFO - Date
2022-03-01    0.029637
dtype: float64
2024-11-17 20:35:36,533 - my_logger - INFO - Date
2022-04-01   -0.08217
dtype: float64
2024-11-17 20:35:36,543 - my_logger - INFO - Date
2022-05-01    0.002948
dtype: float64
2024-11-17 20:35:36,555 - my_logger - INFO - Date
2022-06-01   -0.094343
dtype: float64
2024-11-17 20:35:37,547 - my_logger - INFO - Date
2022-07-01    0.074212
dtype: float64
2024-11-17 20:35:37,556 - my_logger - INFO - Date
2022-08-01   -0.043196
dtype: float64
2024-11-17 20:35:37,567 - my_logger - INFO - Date
2022-09-01   -0.086465
dtype: float64
2024-11-17 20:35:37,576 - my_logger - INFO - Date
2022-10-01    0.055407
dtype: float64
2024-11-17 20:35:37,586 - my_logger - INFO - Date
2022-11-01    0.061112
dtype: float64
2024-11-17 20:35:37,597 - my_logger - INFO - Date
2022-12-01   -0.039751
dtype: float64
2024-11-17 20:35:38,585 - my_logger - INFO - Date
2023-01-01    0.077654
dtype: float64
2024-11-17 20:35:38,596 - my_logger - INFO - Date
2023-02-01   -0.040153
dtype: float64
2024-11-17 20:35:38,605 - my_logger - INFO - Date
2023-03-01    0.014188
dtype: float64
2024-11-17 20:35:38,615 - my_logger - INFO - Date
2023-04-01    0.000737
dtype: float64
2024-11-17 20:35:38,626 - my_logger - INFO - Date
2023-05-01   -0.038567
dtype: float64
2024-11-17 20:35:38,636 - my_logger - INFO - Date
2023-06-01    0.047636
dtype: float64
2024-11-17 20:35:39,661 - my_logger - INFO - Date
2023-07-01    0.03184
dtype: float64
2024-11-17 20:35:39,672 - my_logger - INFO - Date
2023-08-01   -0.026689
dtype: float64
2024-11-17 20:35:39,684 - my_logger - INFO - Date
2023-09-01   -0.028391
dtype: float64
2024-11-17 20:35:39,693 - my_logger - INFO - Date
2023-10-01   -0.025403
dtype: float64
2024-11-17 20:35:39,703 - my_logger - INFO - Date
2023-11-01    0.06714
dtype: float64
2024-11-17 20:35:39,714 - my_logger - INFO - Date
2023-12-01    0.048026
dtype: float64
2025-03-25 15:15:34,129 - my_logger - INFO - Date
2020-01-01    0.01305
dtype: float64
2025-03-25 15:15:34,135 - my_logger - INFO - Date
2020-02-01   -0.067521
dtype: float64
2025-03-25 15:15:34,141 - my_logger - INFO - Date
2020-03-01   -0.094044
dtype: float64
2025-03-25 15:15:34,146 - my_logger - INFO - Date
2020-04-01    0.094866
dtype: float64
2025-03-25 15:15:34,154 - my_logger - INFO - Date
2020-05-01    0.04273
dtype: float64
2025-03-25 15:15:34,159 - my_logger - INFO - Date
2020-06-01    0.03877
dtype: float64
2025-03-25 15:15:34,893 - my_logger - INFO - Date
2020-07-01    0.07249
dtype: float64
2025-03-25 15:15:34,898 - my_logger - INFO - Date
2020-08-01    0.049204
dtype: float64
2025-03-25 15:15:34,905 - my_logger - INFO - Date
2020-09-01   -0.036237
dtype: float64
2025-03-25 15:15:34,910 - my_logger - INFO - Date
2020-10-01    0.014572
dtype: float64
2025-03-25 15:15:34,916 - my_logger - INFO - Date
2020-11-01    0.097201
dtype: float64
2025-03-25 15:15:34,921 - my_logger - INFO - Date
2020-12-01    0.053929
dtype: float64
2025-03-25 15:15:35,651 - my_logger - INFO - Date
2021-01-01   -0.008161
dtype: float64
2025-03-25 15:15:35,656 - my_logger - INFO - Date
2021-02-01   -0.007838
dtype: float64
2025-03-25 15:15:35,663 - my_logger - INFO - Date
2021-03-01    0.019454
dtype: float64
2025-03-25 15:15:35,669 - my_logger - INFO - Date
2021-04-01    0.039314
dtype: float64
2025-03-25 15:15:35,674 - my_logger - INFO - Date
2021-05-01    0.007028
dtype: float64
2025-03-25 15:15:35,680 - my_logger - INFO - Date
2021-06-01    0.034584
dtype: float64
2025-03-25 15:15:36,414 - my_logger - INFO - Date
2021-07-01    0.014822
dtype: float64
2025-03-25 15:15:36,419 - my_logger - INFO - Date
2021-08-01    0.019486
dtype: float64
2025-03-25 15:15:36,426 - my_logger - INFO - Date
2021-09-01   -0.036078
dtype: float64
2025-03-25 15:15:36,432 - my_logger - INFO - Date
2021-10-01    0.061038
dtype: float64
2025-03-25 15:15:36,443 - my_logger - INFO - Date
2021-11-01   -0.021747
dtype: float64
2025-03-25 15:15:36,455 - my_logger - INFO - Date
2021-12-01    0.043863
dtype: float64
2025-03-25 15:15:37,193 - my_logger - INFO - Date
2022-01-01   -0.029849
dtype: float64
2025-03-25 15:15:37,198 - my_logger - INFO - Date
2022-02-01   -0.014975
dtype: float64
2025-03-25 15:15:37,205 - my_logger - INFO - Date
2022-03-01    0.036417
dtype: float64
2025-03-25 15:15:37,210 - my_logger - INFO - Date
2022-04-01   -0.075301
dtype: float64
2025-03-25 15:15:37,217 - my_logger - INFO - Date
2022-05-01    0.011699
dtype: float64
2025-03-25 15:15:37,223 - my_logger - INFO - Date
2022-06-01   -0.099426
dtype: float64
2025-03-25 15:15:37,960 - my_logger - INFO - Date
2022-07-01    0.068286
dtype: float64
2025-03-25 15:15:37,966 - my_logger - INFO - Date
2022-08-01   -0.040525
dtype: float64
2025-03-25 15:15:37,973 - my_logger - INFO - Date
2022-09-01   -0.088617
dtype: float64
2025-03-25 15:15:37,979 - my_logger - INFO - Date
2022-10-01    0.050174
dtype: float64
2025-03-25 15:15:37,985 - my_logger - INFO - Date
2022-11-01    0.068231
dtype: float64
2025-03-25 15:15:37,991 - my_logger - INFO - Date
2022-12-01   -0.037614
dtype: float64
2025-03-25 15:15:38,722 - my_logger - INFO - Date
2023-01-01    0.059477
dtype: float64
2025-03-25 15:15:38,728 - my_logger - INFO - Date
2023-02-01   -0.035036
dtype: float64
2025-03-25 15:15:38,735 - my_logger - INFO - Date
2023-03-01    0.014003
dtype: float64
2025-03-25 15:15:38,741 - my_logger - INFO - Date
2023-04-01    0.003917
dtype: float64
2025-03-25 15:15:38,746 - my_logger - INFO - Date
2023-05-01   -0.031932
dtype: float64
2025-03-25 15:15:38,753 - my_logger - INFO - Date
2023-06-01    0.03502
dtype: float64
2025-03-25 15:15:39,503 - my_logger - INFO - Date
2023-07-01    0.03166
dtype: float64
2025-03-25 15:15:39,509 - my_logger - INFO - Date
2023-08-01   -0.025958
dtype: float64
2025-03-25 15:15:39,515 - my_logger - INFO - Date
2023-09-01   -0.028219
dtype: float64
2025-03-25 15:15:39,521 - my_logger - INFO - Date
2023-10-01   -0.02498
dtype: float64
2025-03-25 15:15:39,527 - my_logger - INFO - Date
2023-11-01    0.069004
dtype: float64
2025-03-25 15:15:39,532 - my_logger - INFO - Date
2023-12-01    0.04878
dtype: float64
2025-03-25 16:14:45,639 - yfinance - ERROR - 
1 Failed download:
2025-03-25 16:14:45,639 - yfinance - ERROR - ['APPL']: YFPricesMissingError('possibly delisted; no price data found  (1d 1990-01-01 -> 2025-03-25)')
2025-03-25 16:22:54,248 - my_logger - INFO - Date
2020-01-01    0.010866
dtype: float64
2025-03-25 16:22:54,253 - my_logger - INFO - Date
2020-02-01   -0.058758
dtype: float64
2025-03-25 16:22:54,259 - my_logger - INFO - Date
2020-03-01   -0.086501
dtype: float64
2025-03-25 16:22:54,264 - my_logger - INFO - Date
2020-04-01    0.096329
dtype: float64
2025-03-25 16:22:54,270 - my_logger - INFO - Date
2020-05-01    0.042514
dtype: float64
2025-03-25 16:22:54,276 - my_logger - INFO - Date
2020-06-01    0.039823
dtype: float64
2025-03-25 16:22:55,081 - my_logger - INFO - Date
2020-07-01    0.07249
dtype: float64
2025-03-25 16:22:55,087 - my_logger - INFO - Date
2020-08-01    0.049204
dtype: float64
2025-03-25 16:22:55,093 - my_logger - INFO - Date
2020-09-01   -0.036237
dtype: float64
2025-03-25 16:22:55,098 - my_logger - INFO - Date
2020-10-01    0.014572
dtype: float64
2025-03-25 16:22:55,105 - my_logger - INFO - Date
2020-11-01    0.097201
dtype: float64
2025-03-25 16:22:55,110 - my_logger - INFO - Date
2020-12-01    0.053929
dtype: float64
2025-03-25 16:22:55,846 - my_logger - INFO - Date
2021-01-01   -0.011547
dtype: float64
2025-03-25 16:22:55,854 - my_logger - INFO - Date
2021-02-01   -0.010444
dtype: float64
2025-03-25 16:22:55,861 - my_logger - INFO - Date
2021-03-01    0.019536
dtype: float64
2025-03-25 16:22:55,867 - my_logger - INFO - Date
2021-04-01    0.035694
dtype: float64
2025-03-25 16:22:55,874 - my_logger - INFO - Date
2021-05-01    0.00777
dtype: float64
2025-03-25 16:22:55,879 - my_logger - INFO - Date
2021-06-01    0.03193
dtype: float64
2025-03-25 16:22:56,628 - my_logger - INFO - Date
2021-07-01    0.019879
dtype: float64
2025-03-25 16:22:56,634 - my_logger - INFO - Date
2021-08-01    0.020397
dtype: float64
2025-03-25 16:22:56,641 - my_logger - INFO - Date
2021-09-01   -0.044594
dtype: float64
2025-03-25 16:22:56,649 - my_logger - INFO - Date
2021-10-01    0.063247
dtype: float64
2025-03-25 16:22:56,658 - my_logger - INFO - Date
2021-11-01   -0.009286
dtype: float64
2025-03-25 16:22:56,666 - my_logger - INFO - Date
2021-12-01    0.038169
dtype: float64
2025-03-25 16:22:57,491 - my_logger - INFO - Date
2022-01-01   -0.02892
dtype: float64
2025-03-25 16:22:57,498 - my_logger - INFO - Date
2022-02-01   -0.021497
dtype: float64
2025-03-25 16:22:57,506 - my_logger - INFO - Date
2022-03-01    0.029297
dtype: float64
2025-03-25 16:22:57,513 - my_logger - INFO - Date
2022-04-01   -0.081545
dtype: float64
2025-03-25 16:22:57,519 - my_logger - INFO - Date
2022-05-01    0.005365
dtype: float64
2025-03-25 16:22:57,527 - my_logger - INFO - Date
2022-06-01   -0.100972
dtype: float64
2025-03-25 16:22:58,345 - my_logger - INFO - Date
2022-07-01    0.077549
dtype: float64
2025-03-25 16:22:58,354 - my_logger - INFO - Date
2022-08-01   -0.044708
dtype: float64
2025-03-25 16:22:58,360 - my_logger - INFO - Date
2022-09-01   -0.09024
dtype: float64
2025-03-25 16:22:58,366 - my_logger - INFO - Date
2022-10-01    0.055969
dtype: float64
2025-03-25 16:22:58,373 - my_logger - INFO - Date
2022-11-01    0.063232
dtype: float64
2025-03-25 16:22:58,379 - my_logger - INFO - Date
2022-12-01   -0.043857
dtype: float64
2025-03-25 16:22:59,157 - my_logger - INFO - Date
2023-01-01    0.065847
dtype: float64
2025-03-25 16:22:59,163 - my_logger - INFO - Date
2023-02-01   -0.03366
dtype: float64
2025-03-25 16:22:59,169 - my_logger - INFO - Date
2023-03-01    0.016163
dtype: float64
2025-03-25 16:22:59,175 - my_logger - INFO - Date
2023-04-01    0.002933
dtype: float64
2025-03-25 16:22:59,181 - my_logger - INFO - Date
2023-05-01   -0.022794
dtype: float64
2025-03-25 16:22:59,187 - my_logger - INFO - Date
2023-06-01    0.034552
dtype: float64
2025-03-25 16:22:59,977 - my_logger - INFO - Date
2023-07-01    0.02967
dtype: float64
2025-03-25 16:22:59,984 - my_logger - INFO - Date
2023-08-01   -0.02283
dtype: float64
2025-03-25 16:22:59,990 - my_logger - INFO - Date
2023-09-01   -0.026558
dtype: float64
2025-03-25 16:22:59,996 - my_logger - INFO - Date
2023-10-01   -0.024092
dtype: float64
2025-03-25 16:23:00,002 - my_logger - INFO - Date
2023-11-01    0.064051
dtype: float64
2025-03-25 16:23:00,008 - my_logger - INFO - Date
2023-12-01    0.045319
dtype: float64
2025-03-25 17:13:45,531 - my_logger - INFO - Series([], dtype: float64)
2025-03-25 17:13:45,539 - my_logger - INFO - Series([], dtype: float64)
2025-03-25 17:13:45,544 - my_logger - INFO - Series([], dtype: float64)
2025-03-25 17:13:45,549 - my_logger - INFO - Date
2020-04-01   -0.05394
dtype: float64
2025-03-25 17:13:45,554 - my_logger - INFO - Date
2020-05-01    0.04311
dtype: float64
2025-03-25 17:13:45,560 - my_logger - INFO - Date
2020-06-01    0.021199
dtype: float64
2025-03-25 17:13:46,435 - my_logger - INFO - Date
2020-07-01    0.07249
dtype: float64
2025-03-25 17:13:46,441 - my_logger - INFO - Series([], dtype: float64)
2025-03-25 17:13:46,446 - my_logger - INFO - Date
2020-09-01    0.01066
dtype: float64
2025-03-25 17:13:46,452 - my_logger - INFO - Date
2020-10-01    0.014572
dtype: float64
2025-03-25 17:13:46,458 - my_logger - INFO - Series([], dtype: float64)
2025-03-25 17:13:46,463 - my_logger - INFO - Date
2020-12-01    0.156282
dtype: float64
2025-03-25 17:13:47,260 - my_logger - INFO - Series([], dtype: float64)
2025-03-25 17:13:47,266 - my_logger - INFO - Date
2021-02-01    0.014285
dtype: float64
2025-03-25 17:13:47,272 - my_logger - INFO - Date
2021-03-01    0.014243
dtype: float64
2025-03-25 17:13:47,279 - my_logger - INFO - Date
2021-04-01    0.029329
dtype: float64
2025-03-25 17:13:47,285 - my_logger - INFO - Series([], dtype: float64)
2025-03-25 17:13:47,290 - my_logger - INFO - Date
2021-06-01    0.044534
dtype: float64
2025-03-25 17:13:47,953 - my_logger - INFO - Date
2021-07-01    0.040417
dtype: float64
2025-03-25 17:13:47,959 - my_logger - INFO - Series([], dtype: float64)
2025-03-25 17:13:47,965 - my_logger - INFO - Date
2021-09-01    0.021274
dtype: float64
2025-03-25 17:13:47,971 - my_logger - INFO - Date
2021-10-01    0.005258
dtype: float64
2025-03-25 17:13:47,978 - my_logger - INFO - Date
2021-11-01    0.046902
dtype: float64
2025-03-25 17:13:47,986 - my_logger - INFO - Date
2021-12-01    0.033625
dtype: float64
2025-03-25 17:13:48,739 - my_logger - INFO - Series([], dtype: float64)
2025-03-25 17:13:48,744 - my_logger - INFO - Date
2022-02-01   -0.086333
dtype: float64
2025-03-25 17:13:48,750 - my_logger - INFO - Date
2022-03-01    0.005549
dtype: float64
2025-03-25 17:13:48,756 - my_logger - INFO - Date
2022-04-01   -0.045745
dtype: float64
2025-03-25 17:13:48,764 - my_logger - INFO - Series([], dtype: float64)
2025-03-25 17:13:48,770 - my_logger - INFO - Date
2022-06-01   -0.081255
dtype: float64
2025-03-25 17:13:49,625 - my_logger - INFO - Date
2022-07-01    0.021988
dtype: float64
2025-03-25 17:13:49,631 - my_logger - INFO - Date
2022-08-01   -0.00607
dtype: float64
2025-03-25 17:13:49,640 - my_logger - INFO - Date
2022-09-01   -0.071714
dtype: float64
2025-03-25 17:13:49,649 - my_logger - INFO - Series([], dtype: float64)
2025-03-25 17:13:49,654 - my_logger - INFO - Date
2022-11-01    0.053179
dtype: float64
2025-03-25 17:13:49,662 - my_logger - INFO - Date
2022-12-01    0.003432
dtype: float64
2025-03-25 17:13:50,565 - my_logger - INFO - Series([], dtype: float64)
2025-03-25 17:13:50,571 - my_logger - INFO - Date
2023-02-01    0.037015
dtype: float64
2025-03-25 17:13:50,578 - my_logger - INFO - Date
2023-03-01    0.030172
dtype: float64
2025-03-25 17:13:50,583 - my_logger - INFO - Series([], dtype: float64)
2025-03-25 17:13:50,589 - my_logger - INFO - Date
2023-05-01   -0.009105
dtype: float64
2025-03-25 17:13:50,596 - my_logger - INFO - Date
2023-06-01    0.04117
dtype: float64
2025-03-25 17:13:51,355 - my_logger - INFO - Series([], dtype: float64)
2025-03-25 17:13:51,361 - my_logger - INFO - Date
2023-08-01    0.007288
dtype: float64
2025-03-25 17:13:51,366 - my_logger - INFO - Date
2023-09-01   -0.03116
dtype: float64
2025-03-25 17:13:51,372 - my_logger - INFO - Series([], dtype: float64)
2025-03-25 17:13:51,378 - my_logger - INFO - Date
2023-11-01    0.045035
dtype: float64
2025-03-25 17:13:51,385 - my_logger - INFO - Date
2023-12-01    0.057392
dtype: float64
2025-03-25 17:16:14,137 - my_logger - INFO - Series([], dtype: float64)
2025-03-25 17:16:14,142 - my_logger - INFO - Series([], dtype: float64)
2025-03-25 17:16:14,148 - my_logger - INFO - Series([], dtype: float64)
2025-03-25 17:16:14,153 - my_logger - INFO - Date
2020-04-01   -0.051155
dtype: float64
2025-03-25 17:16:14,159 - my_logger - INFO - Date
2020-05-01    0.042878
dtype: float64
2025-03-25 17:16:14,165 - my_logger - INFO - Date
2020-06-01    0.021502
dtype: float64
2025-03-25 17:16:15,025 - my_logger - INFO - Date
2020-07-01    0.07249
dtype: float64
2025-03-25 17:16:15,033 - my_logger - INFO - Series([], dtype: float64)
2025-03-25 17:16:15,038 - my_logger - INFO - Date
2020-09-01    0.01066
dtype: float64
2025-03-25 17:16:15,044 - my_logger - INFO - Date
2020-10-01    0.014572
dtype: float64
2025-03-25 17:16:15,050 - my_logger - INFO - Series([], dtype: float64)
2025-03-25 17:16:15,055 - my_logger - INFO - Date
2020-12-01    0.156282
dtype: float64
2025-03-25 17:16:15,826 - my_logger - INFO - Series([], dtype: float64)
2025-03-25 17:16:15,831 - my_logger - INFO - Date
2021-02-01    0.012231
dtype: float64
2025-03-25 17:16:15,837 - my_logger - INFO - Date
2021-03-01    0.013063
dtype: float64
2025-03-25 17:16:15,843 - my_logger - INFO - Date
2021-04-01    0.026965
dtype: float64
2025-03-25 17:16:15,848 - my_logger - INFO - Series([], dtype: float64)
2025-03-25 17:16:15,854 - my_logger - INFO - Date
2021-06-01    0.044418
dtype: float64
2025-03-25 17:16:16,494 - my_logger - INFO - Date
2021-07-01    0.043191
dtype: float64
2025-03-25 17:16:16,500 - my_logger - INFO - Series([], dtype: float64)
2025-03-25 17:16:16,505 - my_logger - INFO - Date
2021-09-01    0.028432
dtype: float64
2025-03-25 17:16:16,512 - my_logger - INFO - Date
2021-10-01    0.006137
dtype: float64
2025-03-25 17:16:16,518 - my_logger - INFO - Date
2021-11-01    0.05865
dtype: float64
2025-03-25 17:16:16,523 - my_logger - INFO - Date
2021-12-01    0.030787
dtype: float64
2025-03-25 17:16:17,158 - my_logger - INFO - Series([], dtype: float64)
2025-03-25 17:16:17,163 - my_logger - INFO - Date
2022-02-01   -0.082562
dtype: float64
2025-03-25 17:16:17,169 - my_logger - INFO - Date
2022-03-01    0.006678
dtype: float64
2025-03-25 17:16:17,174 - my_logger - INFO - Date
2022-04-01   -0.039869
dtype: float64
2025-03-25 17:16:17,180 - my_logger - INFO - Series([], dtype: float64)
2025-03-25 17:16:17,185 - my_logger - INFO - Date
2022-06-01   -0.075867
dtype: float64
2025-03-25 17:16:17,921 - my_logger - INFO - Date
2022-07-01    0.012614
dtype: float64
2025-03-25 17:16:17,926 - my_logger - INFO - Date
2022-08-01   -0.001727
dtype: float64
2025-03-25 17:16:17,934 - my_logger - INFO - Date
2022-09-01   -0.071493
dtype: float64
2025-03-25 17:16:17,940 - my_logger - INFO - Series([], dtype: float64)
2025-03-25 17:16:17,946 - my_logger - INFO - Date
2022-11-01    0.048475
dtype: float64
2025-03-25 17:16:17,951 - my_logger - INFO - Date
2022-12-01    0.010572
dtype: float64
2025-03-25 17:16:18,646 - my_logger - INFO - Series([], dtype: float64)
2025-03-25 17:16:18,652 - my_logger - INFO - Date
2023-02-01    0.034816
dtype: float64
2025-03-25 17:16:18,659 - my_logger - INFO - Date
2023-03-01    0.028257
dtype: float64
2025-03-25 17:16:18,665 - my_logger - INFO - Series([], dtype: float64)
2025-03-25 17:16:18,671 - my_logger - INFO - Date
2023-05-01    0.000597
dtype: float64
2025-03-25 17:16:18,678 - my_logger - INFO - Date
2023-06-01    0.045201
dtype: float64
2025-03-25 17:16:19,369 - my_logger - INFO - Series([], dtype: float64)
2025-03-25 17:16:19,374 - my_logger - INFO - Date
2023-08-01    0.006458
dtype: float64
2025-03-25 17:16:19,380 - my_logger - INFO - Date
2023-09-01   -0.030089
dtype: float64
2025-03-25 17:16:19,386 - my_logger - INFO - Series([], dtype: float64)
2025-03-25 17:16:19,391 - my_logger - INFO - Date
2023-11-01    0.045081
dtype: float64
2025-03-25 17:16:19,398 - my_logger - INFO - Date
2023-12-01    0.056776
dtype: float64
2025-03-25 17:22:50,366 - my_logger - INFO - Series([], dtype: float64)
2025-03-25 17:22:50,371 - my_logger - INFO - Series([], dtype: float64)
2025-03-25 17:22:50,377 - my_logger - INFO - Series([], dtype: float64)
2025-03-25 17:22:50,383 - my_logger - INFO - Date
2020-04-01   -0.0532
dtype: float64
2025-03-25 17:22:50,388 - my_logger - INFO - Date
2020-05-01    0.045909
dtype: float64
2025-03-25 17:22:50,394 - my_logger - INFO - Date
2020-06-01    0.023002
dtype: float64
2025-03-25 17:22:51,270 - my_logger - INFO - Date
2020-07-01    0.07249
dtype: float64
2025-03-25 17:22:51,276 - my_logger - INFO - Series([], dtype: float64)
2025-03-25 17:22:51,283 - my_logger - INFO - Date
2020-09-01    0.01066
dtype: float64
2025-03-25 17:22:51,290 - my_logger - INFO - Date
2020-10-01    0.014572
dtype: float64
2025-03-25 17:22:51,298 - my_logger - INFO - Series([], dtype: float64)
2025-03-25 17:22:51,304 - my_logger - INFO - Date
2020-12-01    0.156282
dtype: float64
2025-03-25 17:22:52,133 - my_logger - INFO - Series([], dtype: float64)
2025-03-25 17:22:52,139 - my_logger - INFO - Date
2021-02-01    0.010897
dtype: float64
2025-03-25 17:22:52,146 - my_logger - INFO - Date
2021-03-01    0.014746
dtype: float64
2025-03-25 17:22:52,152 - my_logger - INFO - Date
2021-04-01    0.032534
dtype: float64
2025-03-25 17:22:52,158 - my_logger - INFO - Series([], dtype: float64)
2025-03-25 17:22:52,164 - my_logger - INFO - Date
2021-06-01    0.045767
dtype: float64
2025-03-25 17:22:52,925 - my_logger - INFO - Date
2021-07-01    0.042594
dtype: float64
2025-03-25 17:22:52,931 - my_logger - INFO - Series([], dtype: float64)
2025-03-25 17:22:52,937 - my_logger - INFO - Date
2021-09-01    0.028757
dtype: float64
2025-03-25 17:22:52,943 - my_logger - INFO - Date
2021-10-01    0.00395
dtype: float64
2025-03-25 17:22:52,950 - my_logger - INFO - Date
2021-11-01    0.059935
dtype: float64
2025-03-25 17:22:52,955 - my_logger - INFO - Date
2021-12-01    0.028848
dtype: float64
2025-03-25 17:22:53,628 - my_logger - INFO - Series([], dtype: float64)
2025-03-25 17:22:53,633 - my_logger - INFO - Date
2022-02-01   -0.088443
dtype: float64
2025-03-25 17:22:53,639 - my_logger - INFO - Date
2022-03-01    0.011564
dtype: float64
2025-03-25 17:22:53,645 - my_logger - INFO - Date
2022-04-01   -0.042312
dtype: float64
2025-03-25 17:22:53,651 - my_logger - INFO - Series([], dtype: float64)
2025-03-25 17:22:53,656 - my_logger - INFO - Date
2022-06-01   -0.077917
dtype: float64
2025-03-25 17:22:54,454 - my_logger - INFO - Date
2022-07-01    0.003077
dtype: float64
2025-03-25 17:22:54,460 - my_logger - INFO - Date
2022-08-01    0.004737
dtype: float64
2025-03-25 17:22:54,466 - my_logger - INFO - Date
2022-09-01   -0.06655
dtype: float64
2025-03-25 17:22:54,472 - my_logger - INFO - Series([], dtype: float64)
2025-03-25 17:22:54,478 - my_logger - INFO - Date
2022-11-01    0.036697
dtype: float64
2025-03-25 17:22:54,484 - my_logger - INFO - Date
2022-12-01    0.017897
dtype: float64
2025-03-25 17:22:55,207 - my_logger - INFO - Series([], dtype: float64)
2025-03-25 17:22:55,215 - my_logger - INFO - Date
2023-02-01    0.035383
dtype: float64
2025-03-25 17:22:55,221 - my_logger - INFO - Date
2023-03-01    0.026256
dtype: float64
2025-03-25 17:22:55,227 - my_logger - INFO - Series([], dtype: float64)
2025-03-25 17:22:55,233 - my_logger - INFO - Date
2023-05-01   -0.005018
dtype: float64
2025-03-25 17:22:55,239 - my_logger - INFO - Date
2023-06-01    0.041773
dtype: float64
2025-03-25 17:22:55,970 - my_logger - INFO - Series([], dtype: float64)
2025-03-25 17:22:55,975 - my_logger - INFO - Date
2023-08-01    0.009365
dtype: float64
2025-03-25 17:22:55,983 - my_logger - INFO - Date
2023-09-01   -0.030374
dtype: float64
2025-03-25 17:22:55,990 - my_logger - INFO - Series([], dtype: float64)
2025-03-25 17:22:55,997 - my_logger - INFO - Date
2023-11-01    0.044223
dtype: float64
2025-03-25 17:22:56,003 - my_logger - INFO - Date
2023-12-01    0.059484
dtype: float64
2025-03-25 17:23:43,210 - my_logger - INFO - Series([], dtype: float64)
2025-03-25 17:23:43,215 - my_logger - INFO - Series([], dtype: float64)
2025-03-25 17:23:43,221 - my_logger - INFO - Series([], dtype: float64)
2025-03-25 17:23:43,227 - my_logger - INFO - Date
2020-04-01   -0.055183
dtype: float64
2025-03-25 17:23:43,232 - my_logger - INFO - Date
2020-05-01    0.042273
dtype: float64
2025-03-25 17:23:43,238 - my_logger - INFO - Date
2020-06-01    0.022788
dtype: float64
2025-03-25 17:23:44,110 - my_logger - INFO - Date
2020-07-01    0.07249
dtype: float64
2025-03-25 17:23:44,117 - my_logger - INFO - Series([], dtype: float64)
2025-03-25 17:23:44,123 - my_logger - INFO - Date
2020-09-01    0.01066
dtype: float64
2025-03-25 17:23:44,130 - my_logger - INFO - Date
2020-10-01    0.014572
dtype: float64
2025-03-25 17:23:44,136 - my_logger - INFO - Series([], dtype: float64)
2025-03-25 17:23:44,143 - my_logger - INFO - Date
2020-12-01    0.156282
dtype: float64
2025-03-25 17:23:45,007 - my_logger - INFO - Series([], dtype: float64)
2025-03-25 17:23:45,013 - my_logger - INFO - Date
2021-02-01    0.007207
dtype: float64
2025-03-25 17:23:45,019 - my_logger - INFO - Date
2021-03-01    0.019514
dtype: float64
2025-03-25 17:23:45,027 - my_logger - INFO - Date
2021-04-01    0.030334
dtype: float64
2025-03-25 17:23:45,034 - my_logger - INFO - Series([], dtype: float64)
2025-03-25 17:23:45,039 - my_logger - INFO - Date
2021-06-01    0.043905
dtype: float64
2025-03-25 17:23:45,815 - my_logger - INFO - Date
2021-07-01    0.04315
dtype: float64
2025-03-25 17:23:45,821 - my_logger - INFO - Series([], dtype: float64)
2025-03-25 17:23:45,826 - my_logger - INFO - Date
2021-09-01    0.031932
dtype: float64
2025-03-25 17:23:45,832 - my_logger - INFO - Date
2021-10-01   -0.001755
dtype: float64
2025-03-25 17:23:45,838 - my_logger - INFO - Date
2021-11-01    0.057851
dtype: float64
2025-03-25 17:23:45,844 - my_logger - INFO - Date
2021-12-01    0.032666
dtype: float64
2025-03-25 17:23:46,570 - my_logger - INFO - Series([], dtype: float64)
2025-03-25 17:23:46,576 - my_logger - INFO - Date
2022-02-01   -0.080459
dtype: float64
2025-03-25 17:23:46,582 - my_logger - INFO - Date
2022-03-01    0.008169
dtype: float64
2025-03-25 17:23:46,588 - my_logger - INFO - Date
2022-04-01   -0.036886
dtype: float64
2025-03-25 17:23:46,596 - my_logger - INFO - Series([], dtype: float64)
2025-03-25 17:23:46,602 - my_logger - INFO - Date
2022-06-01   -0.075047
dtype: float64
2025-03-25 17:23:47,403 - my_logger - INFO - Date
2022-07-01    0.007602
dtype: float64
2025-03-25 17:23:47,409 - my_logger - INFO - Date
2022-08-01    0.001028
dtype: float64
2025-03-25 17:23:47,416 - my_logger - INFO - Date
2022-09-01   -0.067738
dtype: float64
2025-03-25 17:23:47,423 - my_logger - INFO - Series([], dtype: float64)
2025-03-25 17:23:47,430 - my_logger - INFO - Date
2022-11-01    0.041489
dtype: float64
2025-03-25 17:23:47,435 - my_logger - INFO - Date
2022-12-01    0.014131
dtype: float64
2025-03-25 17:23:48,148 - my_logger - INFO - Series([], dtype: float64)
2025-03-25 17:23:48,154 - my_logger - INFO - Date
2023-02-01    0.029714
dtype: float64
2025-03-25 17:23:48,160 - my_logger - INFO - Date
2023-03-01    0.027004
dtype: float64
2025-03-25 17:23:48,166 - my_logger - INFO - Series([], dtype: float64)
2025-03-25 17:23:48,172 - my_logger - INFO - Date
2023-05-01   -0.007712
dtype: float64
2025-03-25 17:23:48,179 - my_logger - INFO - Date
2023-06-01    0.038314
dtype: float64
2025-03-25 17:23:48,898 - my_logger - INFO - Series([], dtype: float64)
2025-03-25 17:23:48,904 - my_logger - INFO - Date
2023-08-01    0.006971
dtype: float64
2025-03-25 17:23:48,911 - my_logger - INFO - Date
2023-09-01   -0.02908
dtype: float64
2025-03-25 17:23:48,917 - my_logger - INFO - Series([], dtype: float64)
2025-03-25 17:23:48,922 - my_logger - INFO - Date
2023-11-01    0.042864
dtype: float64
2025-03-25 17:23:48,929 - my_logger - INFO - Date
2023-12-01    0.05141
dtype: float64
2025-03-25 17:34:57,537 - my_logger - INFO - Series([], dtype: float64)
2025-03-25 17:34:57,543 - my_logger - INFO - Series([], dtype: float64)
2025-03-25 17:34:57,549 - my_logger - INFO - Series([], dtype: float64)
2025-03-25 17:34:57,554 - my_logger - INFO - Date
2020-04-01   -0.05315
dtype: float64
2025-03-25 17:34:57,560 - my_logger - INFO - Date
2020-05-01    0.038918
dtype: float64
2025-03-25 17:34:57,566 - my_logger - INFO - Date
2020-06-01    0.020915
dtype: float64
2025-03-25 17:34:58,381 - my_logger - INFO - Date
2020-07-01    0.07249
dtype: float64
2025-03-25 17:34:58,387 - my_logger - INFO - Series([], dtype: float64)
2025-03-25 17:34:58,393 - my_logger - INFO - Date
2020-09-01    0.01066
dtype: float64
2025-03-25 17:34:58,398 - my_logger - INFO - Date
2020-10-01    0.014572
dtype: float64
2025-03-25 17:34:58,404 - my_logger - INFO - Series([], dtype: float64)
2025-03-25 17:34:58,410 - my_logger - INFO - Date
2020-12-01    0.156282
dtype: float64
2025-03-25 17:34:59,190 - my_logger - INFO - Series([], dtype: float64)
2025-03-25 17:34:59,195 - my_logger - INFO - Date
2021-02-01    0.010684
dtype: float64
2025-03-25 17:34:59,201 - my_logger - INFO - Date
2021-03-01    0.014456
dtype: float64
2025-03-25 17:34:59,206 - my_logger - INFO - Date
2021-04-01    0.031127
dtype: float64
2025-03-25 17:34:59,212 - my_logger - INFO - Series([], dtype: float64)
2025-03-25 17:34:59,218 - my_logger - INFO - Date
2021-06-01    0.045004
dtype: float64
2025-03-25 17:34:59,872 - my_logger - INFO - Date
2021-07-01    0.042351
dtype: float64
2025-03-25 17:34:59,877 - my_logger - INFO - Series([], dtype: float64)
2025-03-25 17:34:59,883 - my_logger - INFO - Date
2021-09-01    0.022932
dtype: float64
2025-03-25 17:34:59,889 - my_logger - INFO - Date
2021-10-01    0.007881
dtype: float64
2025-03-25 17:34:59,894 - my_logger - INFO - Date
2021-11-01    0.048581
dtype: float64
2025-03-25 17:34:59,900 - my_logger - INFO - Date
2021-12-01    0.035064
dtype: float64
2025-03-25 17:35:00,537 - my_logger - INFO - Series([], dtype: float64)
2025-03-25 17:35:00,542 - my_logger - INFO - Date
2022-02-01   -0.079384
dtype: float64
2025-03-25 17:35:00,547 - my_logger - INFO - Date
2022-03-01    0.006012
dtype: float64
2025-03-25 17:35:00,553 - my_logger - INFO - Date
2022-04-01   -0.039374
dtype: float64
2025-03-25 17:35:00,559 - my_logger - INFO - Series([], dtype: float64)
2025-03-25 17:35:00,564 - my_logger - INFO - Date
2022-06-01   -0.079252
dtype: float64
2025-03-25 17:35:01,359 - my_logger - INFO - Date
2022-07-01    0.01957
dtype: float64
2025-03-25 17:35:01,365 - my_logger - INFO - Date
2022-08-01   -0.008861
dtype: float64
2025-03-25 17:35:01,371 - my_logger - INFO - Date
2022-09-01   -0.070247
dtype: float64
2025-03-25 17:35:01,376 - my_logger - INFO - Series([], dtype: float64)
2025-03-25 17:35:01,384 - my_logger - INFO - Date
2022-11-01    0.058508
dtype: float64
2025-03-25 17:35:01,395 - my_logger - INFO - Date
2022-12-01    0.004137
dtype: float64
2025-03-25 17:35:02,120 - my_logger - INFO - Series([], dtype: float64)
2025-03-25 17:35:02,125 - my_logger - INFO - Date
2023-02-01    0.042404
dtype: float64
2025-03-25 17:35:02,131 - my_logger - INFO - Date
2023-03-01    0.030249
dtype: float64
2025-03-25 17:35:02,137 - my_logger - INFO - Series([], dtype: float64)
2025-03-25 17:35:02,143 - my_logger - INFO - Date
2023-05-01   -0.00645
dtype: float64
2025-03-25 17:35:02,148 - my_logger - INFO - Date
2023-06-01    0.047559
dtype: float64
2025-03-25 17:35:02,852 - my_logger - INFO - Series([], dtype: float64)
2025-03-25 17:35:02,857 - my_logger - INFO - Date
2023-08-01    0.005233
dtype: float64
2025-03-25 17:35:02,863 - my_logger - INFO - Date
2023-09-01   -0.034101
dtype: float64
2025-03-25 17:35:02,869 - my_logger - INFO - Series([], dtype: float64)
2025-03-25 17:35:02,875 - my_logger - INFO - Date
2023-11-01    0.049241
dtype: float64
2025-03-25 17:35:02,880 - my_logger - INFO - Date
2023-12-01    0.053629
dtype: float64
2025-03-25 17:37:40,366 - my_logger - INFO - Series([], dtype: float64)
2025-03-25 17:37:40,371 - my_logger - INFO - Series([], dtype: float64)
2025-03-25 17:37:40,377 - my_logger - INFO - Series([], dtype: float64)
2025-03-25 17:37:40,382 - my_logger - INFO - Date
2020-04-01   -0.045696
dtype: float64
2025-03-25 17:37:40,388 - my_logger - INFO - Date
2020-05-01    0.045702
dtype: float64
2025-03-25 17:37:40,396 - my_logger - INFO - Date
2020-06-01    0.019813
dtype: float64
2025-03-25 17:37:41,235 - my_logger - INFO - Date
2020-07-01    0.07249
dtype: float64
2025-03-25 17:37:41,240 - my_logger - INFO - Series([], dtype: float64)
2025-03-25 17:37:41,245 - my_logger - INFO - Date
2020-09-01    0.01066
dtype: float64
2025-03-25 17:37:41,251 - my_logger - INFO - Date
2020-10-01    0.014572
dtype: float64
2025-03-25 17:37:41,256 - my_logger - INFO - Series([], dtype: float64)
2025-03-25 17:37:41,262 - my_logger - INFO - Date
2020-12-01    0.156282
dtype: float64
2025-03-25 17:37:42,070 - my_logger - INFO - Series([], dtype: float64)
2025-03-25 17:37:42,075 - my_logger - INFO - Date
2021-02-01    0.009965
dtype: float64
2025-03-25 17:37:42,081 - my_logger - INFO - Date
2021-03-01    0.016926
dtype: float64
2025-03-25 17:37:42,087 - my_logger - INFO - Date
2021-04-01    0.03148
dtype: float64
2025-03-25 17:37:42,094 - my_logger - INFO - Series([], dtype: float64)
2025-03-25 17:37:42,099 - my_logger - INFO - Date
2021-06-01    0.047011
dtype: float64
2025-03-25 17:37:42,847 - my_logger - INFO - Date
2021-07-01    0.040424
dtype: float64
2025-03-25 17:37:42,854 - my_logger - INFO - Series([], dtype: float64)
2025-03-25 17:37:42,861 - my_logger - INFO - Date
2021-09-01    0.019478
dtype: float64
2025-03-25 17:37:42,866 - my_logger - INFO - Date
2021-10-01    0.010974
dtype: float64
2025-03-25 17:37:42,872 - my_logger - INFO - Date
2021-11-01    0.044207
dtype: float64
2025-03-25 17:37:42,879 - my_logger - INFO - Date
2021-12-01    0.034277
dtype: float64
2025-03-25 17:37:43,533 - my_logger - INFO - Series([], dtype: float64)
2025-03-25 17:37:43,538 - my_logger - INFO - Date
2022-02-01   -0.073036
dtype: float64
2025-03-25 17:37:43,544 - my_logger - INFO - Date
2022-03-01    0.002127
dtype: float64
2025-03-25 17:37:43,549 - my_logger - INFO - Date
2022-04-01   -0.026523
dtype: float64
2025-03-25 17:37:43,555 - my_logger - INFO - Series([], dtype: float64)
2025-03-25 17:37:43,560 - my_logger - INFO - Date
2022-06-01   -0.07206
dtype: float64
2025-03-25 17:37:44,294 - my_logger - INFO - Date
2022-07-01    0.013612
dtype: float64
2025-03-25 17:37:44,299 - my_logger - INFO - Date
2022-08-01   -0.008417
dtype: float64
2025-03-25 17:37:44,305 - my_logger - INFO - Date
2022-09-01   -0.064585
dtype: float64
2025-03-25 17:37:44,311 - my_logger - INFO - Series([], dtype: float64)
2025-03-25 17:37:44,317 - my_logger - INFO - Date
2022-11-01    0.057791
dtype: float64
2025-03-25 17:37:44,323 - my_logger - INFO - Date
2022-12-01    0.008887
dtype: float64
2025-03-25 17:37:45,049 - my_logger - INFO - Series([], dtype: float64)
2025-03-25 17:37:45,055 - my_logger - INFO - Date
2023-02-01    0.0295
dtype: float64
2025-03-25 17:37:45,061 - my_logger - INFO - Date
2023-03-01    0.02927
dtype: float64
2025-03-25 17:37:45,067 - my_logger - INFO - Series([], dtype: float64)
2025-03-25 17:37:45,075 - my_logger - INFO - Date
2023-05-01    0.008653
dtype: float64
2025-03-25 17:37:45,081 - my_logger - INFO - Date
2023-06-01    0.039194
dtype: float64
2025-03-25 17:37:45,801 - my_logger - INFO - Series([], dtype: float64)
2025-03-25 17:37:45,806 - my_logger - INFO - Date
2023-08-01    0.005824
dtype: float64
2025-03-25 17:37:45,812 - my_logger - INFO - Date
2023-09-01   -0.032323
dtype: float64
2025-03-25 17:37:45,818 - my_logger - INFO - Series([], dtype: float64)
2025-03-25 17:37:45,823 - my_logger - INFO - Date
2023-11-01    0.046694
dtype: float64
2025-03-25 17:37:45,829 - my_logger - INFO - Date
2023-12-01    0.052348
dtype: float64
2025-03-25 17:38:42,648 - my_logger - INFO - Series([], dtype: float64)
2025-03-25 17:38:42,653 - my_logger - INFO - Series([], dtype: float64)
2025-03-25 17:38:42,659 - my_logger - INFO - Series([], dtype: float64)
2025-03-25 17:38:42,665 - my_logger - INFO - Date
2020-04-01   -0.04834
dtype: float64
2025-03-25 17:38:42,670 - my_logger - INFO - Date
2020-05-01    0.042968
dtype: float64
2025-03-25 17:38:42,676 - my_logger - INFO - Date
2020-06-01    0.023633
dtype: float64
2025-03-25 17:38:43,503 - my_logger - INFO - Date
2020-07-01    0.07249
dtype: float64
2025-03-25 17:38:43,509 - my_logger - INFO - Series([], dtype: float64)
2025-03-25 17:38:43,514 - my_logger - INFO - Date
2020-09-01    0.01066
dtype: float64
2025-03-25 17:38:43,520 - my_logger - INFO - Date
2020-10-01    0.014572
dtype: float64
2025-03-25 17:38:43,526 - my_logger - INFO - Series([], dtype: float64)
2025-03-25 17:38:43,531 - my_logger - INFO - Date
2020-12-01    0.156282
dtype: float64
2025-03-25 17:38:44,321 - my_logger - INFO - Series([], dtype: float64)
2025-03-25 17:38:44,326 - my_logger - INFO - Date
2021-02-01    0.016377
dtype: float64
2025-03-25 17:38:44,332 - my_logger - INFO - Date
2021-03-01    0.00967
dtype: float64
2025-03-25 17:38:44,338 - my_logger - INFO - Date
2021-04-01    0.02908
dtype: float64
2025-03-25 17:38:44,344 - my_logger - INFO - Series([], dtype: float64)
2025-03-25 17:38:44,350 - my_logger - INFO - Date
2021-06-01    0.046474
dtype: float64
2025-03-25 17:38:45,003 - my_logger - INFO - Date
2021-07-01    0.043272
dtype: float64
2025-03-25 17:38:45,009 - my_logger - INFO - Series([], dtype: float64)
2025-03-25 17:38:45,015 - my_logger - INFO - Date
2021-09-01    0.025217
dtype: float64
2025-03-25 17:38:45,020 - my_logger - INFO - Date
2021-10-01    0.007305
dtype: float64
2025-03-25 17:38:45,026 - my_logger - INFO - Date
2021-11-01    0.052827
dtype: float64
2025-03-25 17:38:45,033 - my_logger - INFO - Date
2021-12-01    0.034123
dtype: float64
2025-03-25 17:38:45,733 - my_logger - INFO - Series([], dtype: float64)
2025-03-25 17:38:45,738 - my_logger - INFO - Date
2022-02-01   -0.087673
dtype: float64
2025-03-25 17:38:45,744 - my_logger - INFO - Date
2022-03-01    0.011306
dtype: float64
2025-03-25 17:38:45,750 - my_logger - INFO - Date
2022-04-01   -0.045351
dtype: float64
2025-03-25 17:38:45,755 - my_logger - INFO - Series([], dtype: float64)
2025-03-25 17:38:45,761 - my_logger - INFO - Date
2022-06-01   -0.081269
dtype: float64
2025-03-25 17:38:46,595 - my_logger - INFO - Date
2022-07-01    0.010165
dtype: float64
2025-03-25 17:38:46,600 - my_logger - INFO - Date
2022-08-01   -0.001463
dtype: float64
2025-03-25 17:38:46,606 - my_logger - INFO - Date
2022-09-01   -0.067679
dtype: float64
2025-03-25 17:38:46,613 - my_logger - INFO - Series([], dtype: float64)
2025-03-25 17:38:46,618 - my_logger - INFO - Date
2022-11-01    0.046995
dtype: float64
2025-03-25 17:38:46,624 - my_logger - INFO - Date
2022-12-01    0.012183
dtype: float64
2025-03-25 17:38:47,346 - my_logger - INFO - Series([], dtype: float64)
2025-03-25 17:38:47,352 - my_logger - INFO - Date
2023-02-01    0.044893
dtype: float64
2025-03-25 17:38:47,358 - my_logger - INFO - Date
2023-03-01    0.032774
dtype: float64
2025-03-25 17:38:47,364 - my_logger - INFO - Series([], dtype: float64)
2025-03-25 17:38:47,369 - my_logger - INFO - Date
2023-05-01   -0.003186
dtype: float64
2025-03-25 17:38:47,375 - my_logger - INFO - Date
2023-06-01    0.045207
dtype: float64
2025-03-25 17:38:48,069 - my_logger - INFO - Series([], dtype: float64)
2025-03-25 17:38:48,074 - my_logger - INFO - Date
2023-08-01    0.004618
dtype: float64
2025-03-25 17:38:48,080 - my_logger - INFO - Date
2023-09-01   -0.033474
dtype: float64
2025-03-25 17:38:48,086 - my_logger - INFO - Series([], dtype: float64)
2025-03-25 17:38:48,092 - my_logger - INFO - Date
2023-11-01    0.046408
dtype: float64
2025-03-25 17:38:48,099 - my_logger - INFO - Date
2023-12-01    0.054977
dtype: float64
2025-03-25 17:39:57,790 - my_logger - INFO - Series([], dtype: float64)
2025-03-25 17:39:57,795 - my_logger - INFO - Series([], dtype: float64)
2025-03-25 17:39:57,800 - my_logger - INFO - Series([], dtype: float64)
2025-03-25 17:39:57,807 - my_logger - INFO - Date
2020-04-01   -0.047011
dtype: float64
2025-03-25 17:39:57,813 - my_logger - INFO - Date
2020-05-01    0.04299
dtype: float64
2025-03-25 17:39:57,818 - my_logger - INFO - Date
2020-06-01    0.022327
dtype: float64
2025-03-25 17:39:58,678 - my_logger - INFO - Date
2020-07-01    0.07249
dtype: float64
2025-03-25 17:39:58,683 - my_logger - INFO - Series([], dtype: float64)
2025-03-25 17:39:58,690 - my_logger - INFO - Date
2020-09-01    0.01066
dtype: float64
2025-03-25 17:39:58,695 - my_logger - INFO - Date
2020-10-01    0.014572
dtype: float64
2025-03-25 17:39:58,701 - my_logger - INFO - Series([], dtype: float64)
2025-03-25 17:39:58,706 - my_logger - INFO - Date
2020-12-01    0.156282
dtype: float64
2025-03-25 17:39:59,513 - my_logger - INFO - Series([], dtype: float64)
2025-03-25 17:39:59,518 - my_logger - INFO - Date
2021-02-01    0.010307
dtype: float64
2025-03-25 17:39:59,524 - my_logger - INFO - Date
2021-03-01    0.013885
dtype: float64
2025-03-25 17:39:59,531 - my_logger - INFO - Date
2021-04-01    0.033668
dtype: float64
2025-03-25 17:39:59,538 - my_logger - INFO - Series([], dtype: float64)
2025-03-25 17:39:59,544 - my_logger - INFO - Date
2021-06-01    0.045947
dtype: float64
2025-03-25 17:40:00,219 - my_logger - INFO - Date
2021-07-01    0.043905
dtype: float64
2025-03-25 17:40:00,225 - my_logger - INFO - Series([], dtype: float64)
2025-03-25 17:40:00,230 - my_logger - INFO - Date
2021-09-01    0.03044
dtype: float64
2025-03-25 17:40:00,236 - my_logger - INFO - Date
2021-10-01    0.002571
dtype: float64
2025-03-25 17:40:00,242 - my_logger - INFO - Date
2021-11-01    0.056137
dtype: float64
2025-03-25 17:40:00,248 - my_logger - INFO - Date
2021-12-01    0.032505
dtype: float64
2025-03-25 17:40:00,894 - my_logger - INFO - Series([], dtype: float64)
2025-03-25 17:40:00,899 - my_logger - INFO - Date
2022-02-01   -0.085774
dtype: float64
2025-03-25 17:40:00,905 - my_logger - INFO - Date
2022-03-01    0.014723
dtype: float64
2025-03-25 17:40:00,911 - my_logger - INFO - Date
2022-04-01   -0.045324
dtype: float64
2025-03-25 17:40:00,916 - my_logger - INFO - Series([], dtype: float64)
2025-03-25 17:40:00,922 - my_logger - INFO - Date
2022-06-01   -0.073394
dtype: float64
2025-03-25 17:40:01,768 - my_logger - INFO - Date
2022-07-01    0.022326
dtype: float64
2025-03-25 17:40:01,775 - my_logger - INFO - Date
2022-08-01   -0.005959
dtype: float64
2025-03-25 17:40:01,781 - my_logger - INFO - Date
2022-09-01   -0.07316
dtype: float64
2025-03-25 17:40:01,788 - my_logger - INFO - Series([], dtype: float64)
2025-03-25 17:40:01,795 - my_logger - INFO - Date
2022-11-01    0.054046
dtype: float64
2025-03-25 17:40:01,800 - my_logger - INFO - Date
2022-12-01    0.002956
dtype: float64
2025-03-25 17:40:02,511 - my_logger - INFO - Series([], dtype: float64)
2025-03-25 17:40:02,516 - my_logger - INFO - Date
2023-02-01    0.033929
dtype: float64
2025-03-25 17:40:02,523 - my_logger - INFO - Date
2023-03-01    0.029513
dtype: float64
2025-03-25 17:40:02,529 - my_logger - INFO - Series([], dtype: float64)
2025-03-25 17:40:02,534 - my_logger - INFO - Date
2023-05-01   -0.006526
dtype: float64
2025-03-25 17:40:02,540 - my_logger - INFO - Date
2023-06-01    0.043075
dtype: float64
2025-03-25 17:40:03,333 - my_logger - INFO - Series([], dtype: float64)
2025-03-25 17:40:03,338 - my_logger - INFO - Date
2023-08-01    0.00839
dtype: float64
2025-03-25 17:40:03,344 - my_logger - INFO - Date
2023-09-01   -0.030361
dtype: float64
2025-03-25 17:40:03,351 - my_logger - INFO - Series([], dtype: float64)
2025-03-25 17:40:03,357 - my_logger - INFO - Date
2023-11-01    0.045164
dtype: float64
2025-03-25 17:40:03,363 - my_logger - INFO - Date
2023-12-01    0.055817
dtype: float64
2025-03-25 17:42:30,909 - my_logger - INFO - Series([], dtype: float64)
2025-03-25 17:42:30,914 - my_logger - INFO - Series([], dtype: float64)
2025-03-25 17:42:30,919 - my_logger - INFO - Series([], dtype: float64)
2025-03-25 17:42:30,925 - my_logger - INFO - Date
2020-04-01   -0.055601
dtype: float64
2025-03-25 17:42:30,930 - my_logger - INFO - Date
2020-05-01    0.052791
dtype: float64
2025-03-25 17:42:30,937 - my_logger - INFO - Date
2020-06-01    0.022714
dtype: float64
2025-03-25 17:42:31,714 - my_logger - INFO - Date
2020-07-01    0.07249
dtype: float64
2025-03-25 17:42:31,720 - my_logger - INFO - Series([], dtype: float64)
2025-03-25 17:42:31,726 - my_logger - INFO - Date
2020-09-01    0.01066
dtype: float64
2025-03-25 17:42:31,734 - my_logger - INFO - Date
2020-10-01    0.014572
dtype: float64
2025-03-25 17:42:31,739 - my_logger - INFO - Series([], dtype: float64)
2025-03-25 17:42:31,745 - my_logger - INFO - Date
2020-12-01    0.156282
dtype: float64
2025-03-25 17:42:32,591 - my_logger - INFO - Series([], dtype: float64)
2025-03-25 17:42:32,596 - my_logger - INFO - Date
2021-02-01    0.012322
dtype: float64
2025-03-25 17:42:32,603 - my_logger - INFO - Date
2021-03-01    0.012956
dtype: float64
2025-03-25 17:42:32,609 - my_logger - INFO - Date
2021-04-01    0.027987
dtype: float64
2025-03-25 17:42:32,614 - my_logger - INFO - Series([], dtype: float64)
2025-03-25 17:42:32,620 - my_logger - INFO - Date
2021-06-01    0.042799
dtype: float64
2025-03-25 17:42:33,320 - my_logger - INFO - Date
2021-07-01    0.043645
dtype: float64
2025-03-25 17:42:33,326 - my_logger - INFO - Series([], dtype: float64)
2025-03-25 17:42:33,333 - my_logger - INFO - Date
2021-09-01    0.033798
dtype: float64
2025-03-25 17:42:33,339 - my_logger - INFO - Date
2021-10-01    0.00068
dtype: float64
2025-03-25 17:42:33,344 - my_logger - INFO - Date
2021-11-01    0.06378
dtype: float64
2025-03-25 17:42:33,353 - my_logger - INFO - Date
2021-12-01    0.030479
dtype: float64
2025-03-25 17:42:33,989 - my_logger - INFO - Series([], dtype: float64)
2025-03-25 17:42:33,994 - my_logger - INFO - Date
2022-02-01   -0.089756
dtype: float64
2025-03-25 17:42:34,000 - my_logger - INFO - Date
2022-03-01    0.006743
dtype: float64
2025-03-25 17:42:34,009 - my_logger - INFO - Date
2022-04-01   -0.044097
dtype: float64
2025-03-25 17:42:34,017 - my_logger - INFO - Series([], dtype: float64)
2025-03-25 17:42:34,023 - my_logger - INFO - Date
2022-06-01   -0.081988
dtype: float64
2025-03-25 17:42:34,768 - my_logger - INFO - Date
2022-07-01    0.015124
dtype: float64
2025-03-25 17:42:34,774 - my_logger - INFO - Date
2022-08-01   -0.001413
dtype: float64
2025-03-25 17:42:34,782 - my_logger - INFO - Date
2022-09-01   -0.072037
dtype: float64
2025-03-25 17:42:34,788 - my_logger - INFO - Series([], dtype: float64)
2025-03-25 17:42:34,795 - my_logger - INFO - Date
2022-11-01    0.04465
dtype: float64
2025-03-25 17:42:34,802 - my_logger - INFO - Date
2022-12-01    0.008998
dtype: float64
2025-03-25 17:42:35,646 - my_logger - INFO - Series([], dtype: float64)
2025-03-25 17:42:35,653 - my_logger - INFO - Date
2023-02-01    0.034772
dtype: float64
2025-03-25 17:42:35,661 - my_logger - INFO - Date
2023-03-01    0.026816
dtype: float64
2025-03-25 17:42:35,669 - my_logger - INFO - Series([], dtype: float64)
2025-03-25 17:42:35,676 - my_logger - INFO - Date
2023-05-01   -0.010652
dtype: float64
2025-03-25 17:42:35,685 - my_logger - INFO - Date
2023-06-01    0.039001
dtype: float64
2025-03-25 17:42:36,440 - my_logger - INFO - Series([], dtype: float64)
2025-03-25 17:42:36,447 - my_logger - INFO - Date
2023-08-01    0.002239
dtype: float64
2025-03-25 17:42:36,453 - my_logger - INFO - Date
2023-09-01   -0.033822
dtype: float64
2025-03-25 17:42:36,460 - my_logger - INFO - Series([], dtype: float64)
2025-03-25 17:42:36,467 - my_logger - INFO - Date
2023-11-01    0.045838
dtype: float64
2025-03-25 17:42:36,472 - my_logger - INFO - Date
2023-12-01    0.059373
dtype: float64
2025-03-25 17:45:45,771 - my_logger - INFO - Series([], dtype: float64)
2025-03-25 17:45:45,777 - my_logger - INFO - Series([], dtype: float64)
2025-03-25 17:45:45,785 - my_logger - INFO - Series([], dtype: float64)
2025-03-25 17:45:45,793 - my_logger - INFO - Date
2020-04-01   -0.046749
dtype: float64
2025-03-25 17:45:45,800 - my_logger - INFO - Date
2020-05-01    0.043946
dtype: float64
2025-03-25 17:45:45,808 - my_logger - INFO - Date
2020-06-01    0.020514
dtype: float64
2025-03-25 17:45:46,635 - my_logger - INFO - Date
2020-07-01    0.07249
dtype: float64
2025-03-25 17:45:46,644 - my_logger - INFO - Series([], dtype: float64)
2025-03-25 17:45:46,651 - my_logger - INFO - Date
2020-09-01    0.01066
dtype: float64
2025-03-25 17:45:46,659 - my_logger - INFO - Date
2020-10-01    0.014572
dtype: float64
2025-03-25 17:45:46,666 - my_logger - INFO - Series([], dtype: float64)
2025-03-25 17:45:46,673 - my_logger - INFO - Date
2020-12-01    0.156282
dtype: float64
2025-03-25 17:45:47,497 - my_logger - INFO - Series([], dtype: float64)
2025-03-25 17:45:47,504 - my_logger - INFO - Date
2021-02-01    0.009888
dtype: float64
2025-03-25 17:45:47,512 - my_logger - INFO - Date
2021-03-01    0.012535
dtype: float64
2025-03-25 17:45:47,520 - my_logger - INFO - Date
2021-04-01    0.031108
dtype: float64
2025-03-25 17:45:47,528 - my_logger - INFO - Series([], dtype: float64)
2025-03-25 17:45:47,535 - my_logger - INFO - Date
2021-06-01    0.045075
dtype: float64
2025-03-25 17:45:48,187 - my_logger - INFO - Date
2021-07-01    0.045125
dtype: float64
2025-03-25 17:45:48,195 - my_logger - INFO - Series([], dtype: float64)
2025-03-25 17:45:48,201 - my_logger - INFO - Date
2021-09-01    0.027841
dtype: float64
2025-03-25 17:45:48,209 - my_logger - INFO - Date
2021-10-01    0.00694
dtype: float64
2025-03-25 17:45:48,216 - my_logger - INFO - Date
2021-11-01    0.056216
dtype: float64
2025-03-25 17:45:48,224 - my_logger - INFO - Date
2021-12-01    0.031397
dtype: float64
2025-03-25 17:45:48,862 - my_logger - INFO - Series([], dtype: float64)
2025-03-25 17:45:48,869 - my_logger - INFO - Date
2022-02-01   -0.08399
dtype: float64
2025-03-25 17:45:48,877 - my_logger - INFO - Date
2022-03-01    0.005711
dtype: float64
2025-03-25 17:45:48,884 - my_logger - INFO - Date
2022-04-01   -0.038573
dtype: float64
2025-03-25 17:45:48,892 - my_logger - INFO - Series([], dtype: float64)
2025-03-25 17:45:48,899 - my_logger - INFO - Date
2022-06-01   -0.074913
dtype: float64
2025-03-25 17:45:49,696 - my_logger - INFO - Date
2022-07-01   -0.003303
dtype: float64
2025-03-25 17:45:49,704 - my_logger - INFO - Date
2022-08-01    0.010976
dtype: float64
2025-03-25 17:45:49,711 - my_logger - INFO - Date
2022-09-01   -0.063382
dtype: float64
2025-03-25 17:45:49,718 - my_logger - INFO - Series([], dtype: float64)
2025-03-25 17:45:49,726 - my_logger - INFO - Date
2022-11-01    0.022497
dtype: float64
2025-03-25 17:45:49,733 - my_logger - INFO - Date
2022-12-01    0.024151
dtype: float64
2025-03-25 17:45:50,455 - my_logger - INFO - Series([], dtype: float64)
2025-03-25 17:45:50,462 - my_logger - INFO - Date
2023-02-01    0.040439
dtype: float64
2025-03-25 17:45:50,471 - my_logger - INFO - Date
2023-03-01    0.034754
dtype: float64
2025-03-25 17:45:50,480 - my_logger - INFO - Series([], dtype: float64)
2025-03-25 17:45:50,487 - my_logger - INFO - Date
2023-05-01   -0.001821
dtype: float64
2025-03-25 17:45:50,496 - my_logger - INFO - Date
2023-06-01    0.049853
dtype: float64
2025-03-25 17:45:51,200 - my_logger - INFO - Series([], dtype: float64)
2025-03-25 17:45:51,207 - my_logger - INFO - Date
2023-08-01    0.006126
dtype: float64
2025-03-25 17:45:51,215 - my_logger - INFO - Date
2023-09-01   -0.032995
dtype: float64
2025-03-25 17:45:51,222 - my_logger - INFO - Series([], dtype: float64)
2025-03-25 17:45:51,230 - my_logger - INFO - Date
2023-11-01    0.048246
dtype: float64
2025-03-25 17:45:51,237 - my_logger - INFO - Date
2023-12-01    0.055945
dtype: float64
2025-03-25 17:48:26,697 - my_logger - INFO - Series([], dtype: float64)
2025-03-25 17:48:26,704 - my_logger - INFO - Series([], dtype: float64)
2025-03-25 17:48:26,712 - my_logger - INFO - Series([], dtype: float64)
2025-03-25 17:48:26,720 - my_logger - INFO - Date
2020-04-01   -0.052221
dtype: float64
2025-03-25 17:48:26,728 - my_logger - INFO - Date
2020-05-01    0.046653
dtype: float64
2025-03-25 17:48:26,736 - my_logger - INFO - Date
2020-06-01    0.022486
dtype: float64
2025-03-25 17:48:27,799 - my_logger - INFO - Date
2020-07-01    0.07249
dtype: float64
2025-03-25 17:48:27,807 - my_logger - INFO - Series([], dtype: float64)
2025-03-25 17:48:27,814 - my_logger - INFO - Date
2020-09-01    0.01066
dtype: float64
2025-03-25 17:48:27,821 - my_logger - INFO - Date
2020-10-01    0.014572
dtype: float64
2025-03-25 17:48:27,829 - my_logger - INFO - Series([], dtype: float64)
2025-03-25 17:48:27,836 - my_logger - INFO - Date
2020-12-01    0.156282
dtype: float64
2025-03-25 17:48:28,645 - my_logger - INFO - Series([], dtype: float64)
2025-03-25 17:48:28,652 - my_logger - INFO - Date
2021-02-01    0.010526
dtype: float64
2025-03-25 17:48:28,660 - my_logger - INFO - Date
2021-03-01    0.013919
dtype: float64
2025-03-25 17:48:28,669 - my_logger - INFO - Date
2021-04-01    0.031201
dtype: float64
2025-03-25 17:48:28,676 - my_logger - INFO - Series([], dtype: float64)
2025-03-25 17:48:28,683 - my_logger - INFO - Date
2021-06-01    0.046202
dtype: float64
2025-03-25 17:48:29,361 - my_logger - INFO - Date
2021-07-01    0.043341
dtype: float64
2025-03-25 17:48:29,369 - my_logger - INFO - Series([], dtype: float64)
2025-03-25 17:48:29,375 - my_logger - INFO - Date
2021-09-01    0.022848
dtype: float64
2025-03-25 17:48:29,383 - my_logger - INFO - Date
2021-10-01    0.00848
dtype: float64
2025-03-25 17:48:29,391 - my_logger - INFO - Date
2021-11-01    0.045063
dtype: float64
2025-03-25 17:48:29,398 - my_logger - INFO - Date
2021-12-01    0.040017
dtype: float64
2025-03-25 17:48:30,057 - my_logger - INFO - Series([], dtype: float64)
2025-03-25 17:48:30,064 - my_logger - INFO - Date
2022-02-01   -0.082981
dtype: float64
2025-03-25 17:48:30,072 - my_logger - INFO - Date
2022-03-01    0.00864
dtype: float64
2025-03-25 17:48:30,080 - my_logger - INFO - Date
2022-04-01   -0.039838
dtype: float64
2025-03-25 17:48:30,087 - my_logger - INFO - Series([], dtype: float64)
2025-03-25 17:48:30,094 - my_logger - INFO - Date
2022-06-01   -0.074705
dtype: float64
2025-03-25 17:48:30,943 - my_logger - INFO - Date
2022-07-01    0.019812
dtype: float64
2025-03-25 17:48:30,951 - my_logger - INFO - Date
2022-08-01   -0.007476
dtype: float64
2025-03-25 17:48:30,958 - my_logger - INFO - Date
2022-09-01   -0.07045
dtype: float64
2025-03-25 17:48:30,966 - my_logger - INFO - Series([], dtype: float64)
2025-03-25 17:48:30,974 - my_logger - INFO - Date
2022-11-01    0.058225
dtype: float64
2025-03-25 17:48:30,981 - my_logger - INFO - Date
2022-12-01    0.004262
dtype: float64
2025-03-25 17:48:31,695 - my_logger - INFO - Series([], dtype: float64)
2025-03-25 17:48:31,702 - my_logger - INFO - Date
2023-02-01    0.034638
dtype: float64
2025-03-25 17:48:31,709 - my_logger - INFO - Date
2023-03-01    0.031435
dtype: float64
2025-03-25 17:48:31,717 - my_logger - INFO - Series([], dtype: float64)
2025-03-25 17:48:31,724 - my_logger - INFO - Date
2023-05-01    0.002793
dtype: float64
2025-03-25 17:48:31,732 - my_logger - INFO - Date
2023-06-01    0.045014
dtype: float64
2025-03-25 17:48:32,449 - my_logger - INFO - Series([], dtype: float64)
2025-03-25 17:48:32,456 - my_logger - INFO - Date
2023-08-01    0.007833
dtype: float64
2025-03-25 17:48:32,465 - my_logger - INFO - Date
2023-09-01   -0.034377
dtype: float64
2025-03-25 17:48:32,473 - my_logger - INFO - Series([], dtype: float64)
2025-03-25 17:48:32,481 - my_logger - INFO - Date
2023-11-01    0.049908
dtype: float64
2025-03-25 17:48:32,490 - my_logger - INFO - Date
2023-12-01    0.057605
dtype: float64
2025-03-25 17:50:02,789 - my_logger - INFO - Series([], dtype: float64)
2025-03-25 17:50:02,797 - my_logger - INFO - Series([], dtype: float64)
2025-03-25 17:50:02,804 - my_logger - INFO - Series([], dtype: float64)
2025-03-25 17:50:02,811 - my_logger - INFO - Date
2020-04-01   -0.061201
dtype: float64
2025-03-25 17:50:02,819 - my_logger - INFO - Date
2020-05-01    0.047478
dtype: float64
2025-03-25 17:50:02,826 - my_logger - INFO - Date
2020-06-01    0.024045
dtype: float64
2025-03-25 17:50:03,645 - my_logger - INFO - Date
2020-07-01    0.07249
dtype: float64
2025-03-25 17:50:03,652 - my_logger - INFO - Series([], dtype: float64)
2025-03-25 17:50:03,659 - my_logger - INFO - Date
2020-09-01    0.01066
dtype: float64
2025-03-25 17:50:03,667 - my_logger - INFO - Date
2020-10-01    0.014572
dtype: float64
2025-03-25 17:50:03,674 - my_logger - INFO - Series([], dtype: float64)
2025-03-25 17:50:03,684 - my_logger - INFO - Date
2020-12-01    0.156282
dtype: float64
2025-03-25 17:50:04,518 - my_logger - INFO - Series([], dtype: float64)
2025-03-25 17:50:04,525 - my_logger - INFO - Date
2021-02-01    0.013549
dtype: float64
2025-03-25 17:50:04,535 - my_logger - INFO - Date
2021-03-01    0.015584
dtype: float64
2025-03-25 17:50:04,542 - my_logger - INFO - Date
2021-04-01    0.027447
dtype: float64
2025-03-25 17:50:04,551 - my_logger - INFO - Series([], dtype: float64)
2025-03-25 17:50:04,560 - my_logger - INFO - Date
2021-06-01    0.044081
dtype: float64
2025-03-25 17:50:05,229 - my_logger - INFO - Date
2021-07-01    0.042732
dtype: float64
2025-03-25 17:50:05,237 - my_logger - INFO - Series([], dtype: float64)
2025-03-25 17:50:05,245 - my_logger - INFO - Date
2021-09-01    0.026327
dtype: float64
2025-03-25 17:50:05,253 - my_logger - INFO - Date
2021-10-01    0.008634
dtype: float64
2025-03-25 17:50:05,260 - my_logger - INFO - Date
2021-11-01    0.055146
dtype: float64
2025-03-25 17:50:05,270 - my_logger - INFO - Date
2021-12-01    0.03152
dtype: float64
2025-03-25 17:50:05,961 - my_logger - INFO - Series([], dtype: float64)
2025-03-25 17:50:05,969 - my_logger - INFO - Date
2022-02-01   -0.080574
dtype: float64
2025-03-25 17:50:05,977 - my_logger - INFO - Date
2022-03-01    0.003445
dtype: float64
2025-03-25 17:50:05,986 - my_logger - INFO - Date
2022-04-01   -0.034102
dtype: float64
2025-03-25 17:50:05,994 - my_logger - INFO - Series([], dtype: float64)
2025-03-25 17:50:06,001 - my_logger - INFO - Date
2022-06-01   -0.076296
dtype: float64
2025-03-25 17:50:06,846 - my_logger - INFO - Date
2022-07-01    0.013402
dtype: float64
2025-03-25 17:50:06,853 - my_logger - INFO - Date
2022-08-01    0.000167
dtype: float64
2025-03-25 17:50:06,861 - my_logger - INFO - Date
2022-09-01   -0.070673
dtype: float64
2025-03-25 17:50:06,869 - my_logger - INFO - Series([], dtype: float64)
2025-03-25 17:50:06,876 - my_logger - INFO - Date
2022-11-01    0.045599
dtype: float64
2025-03-25 17:50:06,884 - my_logger - INFO - Date
2022-12-01    0.00974
dtype: float64
2025-03-25 17:50:07,663 - my_logger - INFO - Series([], dtype: float64)
2025-03-25 17:50:07,671 - my_logger - INFO - Date
2023-02-01    0.032353
dtype: float64
2025-03-25 17:50:07,678 - my_logger - INFO - Date
2023-03-01    0.030615
dtype: float64
2025-03-25 17:50:07,686 - my_logger - INFO - Series([], dtype: float64)
2025-03-25 17:50:07,693 - my_logger - INFO - Date
2023-05-01   -0.000036
dtype: float64
2025-03-25 17:50:07,701 - my_logger - INFO - Date
2023-06-01    0.038201
dtype: float64
2025-03-25 17:50:08,420 - my_logger - INFO - Series([], dtype: float64)
2025-03-25 17:50:08,427 - my_logger - INFO - Date
2023-08-01    0.005333
dtype: float64
2025-03-25 17:50:08,435 - my_logger - INFO - Date
2023-09-01   -0.032779
dtype: float64
2025-03-25 17:50:08,442 - my_logger - INFO - Series([], dtype: float64)
2025-03-25 17:50:08,452 - my_logger - INFO - Date
2023-11-01    0.045198
dtype: float64
2025-03-25 17:50:08,459 - my_logger - INFO - Date
2023-12-01    0.057329
dtype: float64
2025-03-25 17:51:50,881 - my_logger - INFO - Series([], dtype: float64)
2025-03-25 17:51:50,889 - my_logger - INFO - Series([], dtype: float64)
2025-03-25 17:51:50,897 - my_logger - INFO - Series([], dtype: float64)
2025-03-25 17:51:50,904 - my_logger - INFO - Date
2020-04-01   -0.056129
dtype: float64
2025-03-25 17:51:50,913 - my_logger - INFO - Date
2020-05-01    0.043614
dtype: float64
2025-03-25 17:51:50,921 - my_logger - INFO - Date
2020-06-01    0.021017
dtype: float64
2025-03-25 17:51:51,907 - my_logger - INFO - Date
2020-07-01    0.07249
dtype: float64
2025-03-25 17:51:51,914 - my_logger - INFO - Series([], dtype: float64)
2025-03-25 17:51:51,922 - my_logger - INFO - Date
2020-09-01    0.01066
dtype: float64
2025-03-25 17:51:51,930 - my_logger - INFO - Date
2020-10-01    0.014572
dtype: float64
2025-03-25 17:51:51,937 - my_logger - INFO - Series([], dtype: float64)
2025-03-25 17:51:51,945 - my_logger - INFO - Date
2020-12-01    0.156282
dtype: float64
2025-03-25 17:51:52,947 - my_logger - INFO - Series([], dtype: float64)
2025-03-25 17:51:52,955 - my_logger - INFO - Date
2021-02-01    0.014121
dtype: float64
2025-03-25 17:51:52,962 - my_logger - INFO - Date
2021-03-01    0.015082
dtype: float64
2025-03-25 17:51:52,972 - my_logger - INFO - Date
2021-04-01    0.03252
dtype: float64
2025-03-25 17:51:52,980 - my_logger - INFO - Series([], dtype: float64)
2025-03-25 17:51:52,987 - my_logger - INFO - Date
2021-06-01    0.046228
dtype: float64
2025-03-25 17:51:53,706 - my_logger - INFO - Date
2021-07-01    0.045395
dtype: float64
2025-03-25 17:51:53,715 - my_logger - INFO - Series([], dtype: float64)
2025-03-25 17:51:53,722 - my_logger - INFO - Date
2021-09-01    0.028607
dtype: float64
2025-03-25 17:51:53,729 - my_logger - INFO - Date
2021-10-01    0.005659
dtype: float64
2025-03-25 17:51:53,737 - my_logger - INFO - Date
2021-11-01    0.054161
dtype: float64
2025-03-25 17:51:53,745 - my_logger - INFO - Date
2021-12-01    0.035185
dtype: float64
2025-03-25 17:51:54,484 - my_logger - INFO - Series([], dtype: float64)
2025-03-25 17:51:54,491 - my_logger - INFO - Date
2022-02-01   -0.08239
dtype: float64
2025-03-25 17:51:54,498 - my_logger - INFO - Date
2022-03-01    0.006269
dtype: float64
2025-03-25 17:51:54,505 - my_logger - INFO - Date
2022-04-01   -0.039198
dtype: float64
2025-03-25 17:51:54,513 - my_logger - INFO - Series([], dtype: float64)
2025-03-25 17:51:54,524 - my_logger - INFO - Date
2022-06-01   -0.078809
dtype: float64
2025-03-25 17:51:55,607 - my_logger - INFO - Date
2022-07-01    0.016591
dtype: float64
2025-03-25 17:51:55,615 - my_logger - INFO - Date
2022-08-01   -0.005001
dtype: float64
2025-03-25 17:51:55,623 - my_logger - INFO - Date
2022-09-01   -0.070208
dtype: float64
2025-03-25 17:51:55,632 - my_logger - INFO - Series([], dtype: float64)
2025-03-25 17:51:55,639 - my_logger - INFO - Date
2022-11-01    0.051259
dtype: float64
2025-03-25 17:51:55,647 - my_logger - INFO - Date
2022-12-01    0.007369
dtype: float64
2025-03-25 17:51:56,645 - my_logger - INFO - Series([], dtype: float64)
2025-03-25 17:51:56,652 - my_logger - INFO - Date
2023-02-01    0.040529
dtype: float64
2025-03-25 17:51:56,659 - my_logger - INFO - Date
2023-03-01    0.03502
dtype: float64
2025-03-25 17:51:56,666 - my_logger - INFO - Series([], dtype: float64)
2025-03-25 17:51:56,674 - my_logger - INFO - Date
2023-05-01    0.006177
dtype: float64
2025-03-25 17:51:56,683 - my_logger - INFO - Date
2023-06-01    0.040025
dtype: float64
2025-03-25 17:51:57,476 - my_logger - INFO - Series([], dtype: float64)
2025-03-25 17:51:57,482 - my_logger - INFO - Date
2023-08-01    0.004049
dtype: float64
2025-03-25 17:51:57,490 - my_logger - INFO - Date
2023-09-01   -0.033622
dtype: float64
2025-03-25 17:51:57,498 - my_logger - INFO - Series([], dtype: float64)
2025-03-25 17:51:57,505 - my_logger - INFO - Date
2023-11-01    0.044457
dtype: float64
2025-03-25 17:51:57,513 - my_logger - INFO - Date
2023-12-01    0.057067
dtype: float64
2025-03-25 18:04:38,919 - my_logger - INFO - Series([], dtype: float64)
2025-03-25 18:04:38,926 - my_logger - INFO - Series([], dtype: float64)
2025-03-25 18:04:38,933 - my_logger - INFO - Series([], dtype: float64)
2025-03-25 18:04:38,940 - my_logger - INFO - Date
2020-04-01   -0.049791
dtype: float64
2025-03-25 18:04:38,949 - my_logger - INFO - Date
2020-05-01    0.041835
dtype: float64
2025-03-25 18:04:38,956 - my_logger - INFO - Date
2020-06-01    0.019856
dtype: float64
2025-03-25 18:04:39,775 - my_logger - INFO - Date
2020-07-01    0.07249
dtype: float64
2025-03-25 18:04:39,783 - my_logger - INFO - Series([], dtype: float64)
2025-03-25 18:04:39,791 - my_logger - INFO - Date
2020-09-01    0.01066
dtype: float64
2025-03-25 18:04:39,798 - my_logger - INFO - Date
2020-10-01    0.014572
dtype: float64
2025-03-25 18:04:39,805 - my_logger - INFO - Series([], dtype: float64)
2025-03-25 18:04:39,814 - my_logger - INFO - Date
2020-12-01    0.156282
dtype: float64
2025-03-25 18:04:40,662 - my_logger - INFO - Series([], dtype: float64)
2025-03-25 18:04:40,668 - my_logger - INFO - Date
2021-02-01    0.01375
dtype: float64
2025-03-25 18:04:40,677 - my_logger - INFO - Date
2021-03-01    0.011326
dtype: float64
2025-03-25 18:04:40,686 - my_logger - INFO - Date
2021-04-01    0.029021
dtype: float64
2025-03-25 18:04:40,693 - my_logger - INFO - Series([], dtype: float64)
2025-03-25 18:04:40,701 - my_logger - INFO - Date
2021-06-01    0.044652
dtype: float64
2025-03-25 18:04:41,364 - my_logger - INFO - Date
2021-07-01    0.048237
dtype: float64
2025-03-25 18:04:41,371 - my_logger - INFO - Series([], dtype: float64)
2025-03-25 18:04:41,378 - my_logger - INFO - Date
2021-09-01    0.038875
dtype: float64
2025-03-25 18:04:41,386 - my_logger - INFO - Date
2021-10-01   -0.002768
dtype: float64
2025-03-25 18:04:41,393 - my_logger - INFO - Date
2021-11-01    0.069359
dtype: float64
2025-03-25 18:04:41,400 - my_logger - INFO - Date
2021-12-01    0.030734
dtype: float64
2025-03-25 18:04:42,045 - my_logger - INFO - Series([], dtype: float64)
2025-03-25 18:04:42,052 - my_logger - INFO - Date
2022-02-01   -0.082398
dtype: float64
2025-03-25 18:04:42,060 - my_logger - INFO - Date
2022-03-01    0.009173
dtype: float64
2025-03-25 18:04:42,067 - my_logger - INFO - Date
2022-04-01   -0.042142
dtype: float64
2025-03-25 18:04:42,074 - my_logger - INFO - Series([], dtype: float64)
2025-03-25 18:04:42,081 - my_logger - INFO - Date
2022-06-01   -0.077661
dtype: float64
2025-03-25 18:04:42,839 - my_logger - INFO - Date
2022-07-01    0.007589
dtype: float64
2025-03-25 18:04:42,847 - my_logger - INFO - Date
2022-08-01    0.005316
dtype: float64
2025-03-25 18:04:42,854 - my_logger - INFO - Date
2022-09-01   -0.068982
dtype: float64
2025-03-25 18:04:42,861 - my_logger - INFO - Series([], dtype: float64)
2025-03-25 18:04:42,868 - my_logger - INFO - Date
2022-11-01    0.03741
dtype: float64
2025-03-25 18:04:42,875 - my_logger - INFO - Date
2022-12-01    0.014987
dtype: float64
2025-03-25 18:04:43,660 - my_logger - INFO - Series([], dtype: float64)
2025-03-25 18:04:43,668 - my_logger - INFO - Date
2023-02-01    0.035294
dtype: float64
2025-03-25 18:04:43,677 - my_logger - INFO - Date
2023-03-01    0.031436
dtype: float64
2025-03-25 18:04:43,686 - my_logger - INFO - Series([], dtype: float64)
2025-03-25 18:04:43,695 - my_logger - INFO - Date
2023-05-01   -0.003104
dtype: float64
2025-03-25 18:04:43,704 - my_logger - INFO - Date
2023-06-01    0.035911
dtype: float64
2025-03-25 18:04:44,426 - my_logger - INFO - Series([], dtype: float64)
2025-03-25 18:04:44,433 - my_logger - INFO - Date
2023-08-01    0.004218
dtype: float64
2025-03-25 18:04:44,441 - my_logger - INFO - Date
2023-09-01   -0.032516
dtype: float64
2025-03-25 18:04:44,449 - my_logger - INFO - Series([], dtype: float64)
2025-03-25 18:04:44,456 - my_logger - INFO - Date
2023-11-01    0.045652
dtype: float64
2025-03-25 18:04:44,464 - my_logger - INFO - Date
2023-12-01    0.054342
dtype: float64
2025-03-25 18:06:21,807 - my_logger - INFO - Date
2020-01-01    0.024612
dtype: float64
2025-03-25 18:06:21,817 - my_logger - INFO - Date
2020-02-01   -0.033623
dtype: float64
2025-03-25 18:06:21,827 - my_logger - INFO - Date
2020-03-01   -0.070322
dtype: float64
2025-03-25 18:06:21,838 - my_logger - INFO - Date
2020-04-01    0.057139
dtype: float64
2025-03-25 18:06:21,848 - my_logger - INFO - Date
2020-05-01    0.07987
dtype: float64
2025-03-25 18:06:21,857 - my_logger - INFO - Date
2020-06-01    0.044237
dtype: float64
2025-03-25 18:06:22,688 - my_logger - INFO - Date
2020-07-01    0.07249
dtype: float64
2025-03-25 18:06:22,696 - my_logger - INFO - Date
2020-08-01    0.049204
dtype: float64
2025-03-25 18:06:22,704 - my_logger - INFO - Date
2020-09-01   -0.036237
dtype: float64
2025-03-25 18:06:22,712 - my_logger - INFO - Date
2020-10-01    0.014572
dtype: float64
2025-03-25 18:06:22,720 - my_logger - INFO - Date
2020-11-01    0.097201
dtype: float64
2025-03-25 18:06:22,728 - my_logger - INFO - Date
2020-12-01    0.053929
dtype: float64
2025-03-25 18:06:23,511 - my_logger - INFO - Date
2021-01-01    0.008314
dtype: float64
2025-03-25 18:06:23,520 - my_logger - INFO - Date
2021-02-01    0.017722
dtype: float64
2025-03-25 18:06:23,530 - my_logger - INFO - Date
2021-03-01    0.007358
dtype: float64
2025-03-25 18:06:23,537 - my_logger - INFO - Date
2021-04-01    0.027941
dtype: float64
2025-03-25 18:06:23,546 - my_logger - INFO - Date
2021-05-01    0.0242
dtype: float64
2025-03-25 18:06:23,554 - my_logger - INFO - Date
2021-06-01    0.020295
dtype: float64
2025-03-25 18:06:25,882 - my_logger - INFO - Date
2021-07-01    0.045193
dtype: float64
2025-03-25 18:06:25,896 - my_logger - INFO - Date
2021-08-01    0.040582
dtype: float64
2025-03-25 18:06:25,911 - my_logger - INFO - Date
2021-09-01   -0.001779
dtype: float64
2025-03-25 18:06:25,923 - my_logger - INFO - Date
2021-10-01    0.006664
dtype: float64
2025-03-25 18:06:25,938 - my_logger - INFO - Date
2021-11-01    0.066604
dtype: float64
2025-03-25 18:06:25,954 - my_logger - INFO - Date
2021-12-01    0.030349
dtype: float64
2025-03-25 18:06:27,966 - my_logger - INFO - Date
2022-01-01    0.005644
dtype: float64
2025-03-25 18:06:27,982 - my_logger - INFO - Date
2022-02-01   -0.030114
dtype: float64
2025-03-25 18:06:27,995 - my_logger - INFO - Date
2022-03-01    0.009018
dtype: float64
2025-03-25 18:06:28,005 - my_logger - INFO - Date
2022-04-01   -0.028865
dtype: float64
2025-03-25 18:06:28,015 - my_logger - INFO - Date
2022-05-01   -0.015455
dtype: float64
2025-03-25 18:06:28,039 - my_logger - INFO - Date
2022-06-01   -0.0763
dtype: float64
2025-03-25 18:06:29,026 - my_logger - INFO - Date
2020-01-01    0.030048
dtype: float64
2025-03-25 18:06:29,050 - my_logger - INFO - Date
2020-02-01   -0.011941
dtype: float64
2025-03-25 18:06:29,066 - my_logger - INFO - Date
2020-03-01   -0.061952
dtype: float64
2025-03-25 18:06:29,077 - my_logger - INFO - Date
2020-04-01    0.03478
dtype: float64
2025-03-25 18:06:29,093 - my_logger - INFO - Date
2020-05-01    0.087395
dtype: float64
2025-03-25 18:06:29,114 - my_logger - INFO - Date
2020-06-01    0.039092
dtype: float64
2025-03-25 18:06:29,948 - my_logger - INFO - Date
2022-07-01    0.027708
dtype: float64
2025-03-25 18:06:29,962 - my_logger - INFO - Date
2022-08-01   -0.00185
dtype: float64
2025-03-25 18:06:29,971 - my_logger - INFO - Date
2022-09-01   -0.084629
dtype: float64
2025-03-25 18:06:29,981 - my_logger - INFO - Date
2022-10-01    0.006528
dtype: float64
2025-03-25 18:06:30,011 - my_logger - INFO - Date
2022-11-01    0.043721
dtype: float64
2025-03-25 18:06:30,023 - my_logger - INFO - Date
2022-12-01   -0.000496
dtype: float64
2025-03-25 18:06:30,997 - my_logger - INFO - Date
2020-07-01    0.07249
dtype: float64
2025-03-25 18:06:31,008 - my_logger - INFO - Date
2020-08-01    0.049204
dtype: float64
2025-03-25 18:06:31,017 - my_logger - INFO - Date
2020-09-01   -0.036237
dtype: float64
2025-03-25 18:06:31,028 - my_logger - INFO - Date
2020-10-01    0.014572
dtype: float64
2025-03-25 18:06:31,049 - my_logger - INFO - Date
2020-11-01    0.097201
dtype: float64
2025-03-25 18:06:31,059 - my_logger - INFO - Date
2020-12-01    0.053929
dtype: float64
2025-03-25 18:06:31,962 - my_logger - INFO - Date
2023-01-01    0.060282
dtype: float64
2025-03-25 18:06:31,977 - my_logger - INFO - Date
2023-02-01   -0.033642
dtype: float64
2025-03-25 18:06:31,988 - my_logger - INFO - Date
2023-03-01    0.017375
dtype: float64
2025-03-25 18:06:32,004 - my_logger - INFO - Date
2023-04-01    0.008465
dtype: float64
2025-03-25 18:06:32,015 - my_logger - INFO - Date
2023-05-01   -0.022833
dtype: float64
2025-03-25 18:06:32,028 - my_logger - INFO - Date
2023-06-01    0.035595
dtype: float64
2025-03-25 18:06:32,796 - my_logger - INFO - Date
2021-01-01    0.004302
dtype: float64
2025-03-25 18:06:32,812 - my_logger - INFO - Date
2021-02-01    0.015714
dtype: float64
2025-03-25 18:06:32,836 - my_logger - INFO - Date
2021-03-01    0.013641
dtype: float64
2025-03-25 18:06:32,860 - my_logger - INFO - Date
2021-04-01    0.028944
dtype: float64
2025-03-25 18:06:32,895 - my_logger - INFO - Date
2021-05-01    0.024346
dtype: float64
2025-03-25 18:06:32,912 - my_logger - INFO - Date
2021-06-01    0.019553
dtype: float64
2025-03-25 18:06:33,915 - my_logger - INFO - Date
2023-07-01    0.029807
dtype: float64
2025-03-25 18:06:33,935 - my_logger - INFO - Date
2023-08-01   -0.021789
dtype: float64
2025-03-25 18:06:33,948 - my_logger - INFO - Date
2023-09-01   -0.026674
dtype: float64
2025-03-25 18:06:33,956 - my_logger - INFO - Date
2023-10-01   -0.026151
dtype: float64
2025-03-25 18:06:33,969 - my_logger - INFO - Date
2023-11-01    0.06444
dtype: float64
2025-03-25 18:06:33,990 - my_logger - INFO - Date
2023-12-01    0.05299
dtype: float64
2025-03-25 18:06:34,378 - my_logger - INFO - Date
2021-07-01    0.033482
dtype: float64
2025-03-25 18:06:34,386 - my_logger - INFO - Date
2021-08-01    0.033453
dtype: float64
2025-03-25 18:06:34,394 - my_logger - INFO - Date
2021-09-01   -0.005768
dtype: float64
2025-03-25 18:06:34,402 - my_logger - INFO - Date
2021-10-01    0.024252
dtype: float64
2025-03-25 18:06:34,410 - my_logger - INFO - Date
2021-11-01    0.045926
dtype: float64
2025-03-25 18:06:34,418 - my_logger - INFO - Date
2021-12-01    0.031963
dtype: float64
2025-03-25 18:06:35,173 - my_logger - INFO - Date
2022-01-01   -0.009928
dtype: float64
2025-03-25 18:06:35,181 - my_logger - INFO - Date
2022-02-01   -0.032131
dtype: float64
2025-03-25 18:06:35,189 - my_logger - INFO - Date
2022-03-01    0.013247
dtype: float64
2025-03-25 18:06:35,197 - my_logger - INFO - Date
2022-04-01   -0.032097
dtype: float64
2025-03-25 18:06:35,204 - my_logger - INFO - Date
2022-05-01   -0.019762
dtype: float64
2025-03-25 18:06:35,214 - my_logger - INFO - Date
2022-06-01   -0.072099
dtype: float64
2025-03-25 18:06:35,953 - my_logger - INFO - Date
2022-07-01    0.011217
dtype: float64
2025-03-25 18:06:35,960 - my_logger - INFO - Date
2022-08-01    0.012159
dtype: float64
2025-03-25 18:06:35,969 - my_logger - INFO - Date
2022-09-01   -0.082714
dtype: float64
2025-03-25 18:06:35,977 - my_logger - INFO - Date
2022-10-01   -0.008478
dtype: float64
2025-03-25 18:06:35,986 - my_logger - INFO - Date
2022-11-01    0.03899
dtype: float64
2025-03-25 18:06:35,995 - my_logger - INFO - Date
2022-12-01    0.011123
dtype: float64
2025-03-25 18:06:36,786 - my_logger - INFO - Date
2023-01-01    0.054116
dtype: float64
2025-03-25 18:06:36,793 - my_logger - INFO - Date
2023-02-01   -0.030521
dtype: float64
2025-03-25 18:06:36,802 - my_logger - INFO - Date
2023-03-01    0.0187
dtype: float64
2025-03-25 18:06:36,811 - my_logger - INFO - Date
2023-04-01    0.017659
dtype: float64
2025-03-25 18:06:36,821 - my_logger - INFO - Date
2023-05-01   -0.012445
dtype: float64
2025-03-25 18:06:36,829 - my_logger - INFO - Date
2023-06-01    0.033619
dtype: float64
2025-03-25 18:06:37,591 - my_logger - INFO - Date
2023-07-01    0.030151
dtype: float64
2025-03-25 18:06:37,599 - my_logger - INFO - Date
2023-08-01   -0.023365
dtype: float64
2025-03-25 18:06:37,608 - my_logger - INFO - Date
2023-09-01   -0.026954
dtype: float64
2025-03-25 18:06:37,615 - my_logger - INFO - Date
2023-10-01   -0.024321
dtype: float64
2025-03-25 18:06:37,624 - my_logger - INFO - Date
2023-11-01    0.063902
dtype: float64
2025-03-25 18:06:37,632 - my_logger - INFO - Date
2023-12-01    0.046626
dtype: float64
2025-03-29 14:31:05,854 - my_logger - INFO - Date
2020-01-01    0.026263
dtype: float64
2025-03-29 14:31:05,869 - my_logger - INFO - Date
2020-02-01   -0.020115
dtype: float64
2025-03-29 14:31:05,877 - my_logger - INFO - Date
2020-03-01   -0.063032
dtype: float64
2025-03-29 14:31:05,886 - my_logger - INFO - Date
2020-04-01    0.038508
dtype: float64
2025-03-29 14:31:05,895 - my_logger - INFO - Date
2020-05-01    0.084841
dtype: float64
2025-03-29 14:31:05,904 - my_logger - INFO - Date
2020-06-01    0.042541
dtype: float64
2025-03-29 14:31:06,753 - my_logger - INFO - Date
2020-07-01    0.07249
dtype: float64
2025-03-29 14:31:06,761 - my_logger - INFO - Date
2020-08-01    0.049204
dtype: float64
2025-03-29 14:31:06,770 - my_logger - INFO - Date
2020-09-01   -0.036237
dtype: float64
2025-03-29 14:31:06,778 - my_logger - INFO - Date
2020-10-01    0.014572
dtype: float64
2025-03-29 14:31:06,786 - my_logger - INFO - Date
2020-11-01    0.097201
dtype: float64
2025-03-29 14:31:06,794 - my_logger - INFO - Date
2020-12-01    0.053929
dtype: float64
2025-03-29 14:31:07,560 - my_logger - INFO - Date
2021-01-01    0.009565
dtype: float64
2025-03-29 14:31:07,568 - my_logger - INFO - Date
2021-02-01    0.021852
dtype: float64
2025-03-29 14:31:07,578 - my_logger - INFO - Date
2021-03-01    0.010797
dtype: float64
2025-03-29 14:31:07,586 - my_logger - INFO - Date
2021-04-01    0.025903
dtype: float64
2025-03-29 14:31:07,594 - my_logger - INFO - Date
2021-05-01    0.030212
dtype: float64
2025-03-29 14:31:07,602 - my_logger - INFO - Date
2021-06-01    0.016913
dtype: float64
2025-03-29 14:31:08,410 - my_logger - INFO - Date
2021-07-01    0.037063
dtype: float64
2025-03-29 14:31:08,419 - my_logger - INFO - Date
2021-08-01    0.036394
dtype: float64
2025-03-29 14:31:08,427 - my_logger - INFO - Date
2021-09-01   -0.007993
dtype: float64
2025-03-29 14:31:08,436 - my_logger - INFO - Date
2021-10-01    0.016699
dtype: float64
2025-03-29 14:31:08,450 - my_logger - INFO - Date
2021-11-01    0.04939
dtype: float64
2025-03-29 14:31:08,460 - my_logger - INFO - Date
2021-12-01    0.031758
dtype: float64
2025-03-29 14:31:09,267 - my_logger - INFO - Date
2022-01-01   -0.014411
dtype: float64
2025-03-29 14:31:09,275 - my_logger - INFO - Date
2022-02-01   -0.026144
dtype: float64
2025-03-29 14:31:09,284 - my_logger - INFO - Date
2022-03-01    0.021339
dtype: float64
2025-03-29 14:31:09,293 - my_logger - INFO - Date
2022-04-01   -0.049005
dtype: float64
2025-03-29 14:31:09,302 - my_logger - INFO - Date
2022-05-01   -0.000848
dtype: float64
2025-03-29 14:31:09,310 - my_logger - INFO - Date
2022-06-01   -0.079396
dtype: float64
2025-03-29 14:31:10,100 - my_logger - INFO - Date
2022-07-01    0.008754
dtype: float64
2025-03-29 14:31:10,108 - my_logger - INFO - Date
2022-08-01    0.013509
dtype: float64
2025-03-29 14:31:10,116 - my_logger - INFO - Date
2022-09-01   -0.076823
dtype: float64
2025-03-29 14:31:10,125 - my_logger - INFO - Date
2022-10-01   -0.013752
dtype: float64
2025-03-29 14:31:10,133 - my_logger - INFO - Date
2022-11-01    0.033897
dtype: float64
2025-03-29 14:31:10,144 - my_logger - INFO - Date
2022-12-01    0.015279
dtype: float64
2025-03-29 14:31:11,021 - my_logger - INFO - Date
2023-01-01    0.055903
dtype: float64
2025-03-29 14:31:11,030 - my_logger - INFO - Date
2023-02-01   -0.030257
dtype: float64
2025-03-29 14:31:11,041 - my_logger - INFO - Date
2023-03-01    0.016409
dtype: float64
2025-03-29 14:31:11,049 - my_logger - INFO - Date
2023-04-01    0.013042
dtype: float64
2025-03-29 14:31:11,058 - my_logger - INFO - Date
2023-05-01   -0.018614
dtype: float64
2025-03-29 14:31:11,066 - my_logger - INFO - Date
2023-06-01    0.037072
dtype: float64
2025-03-29 14:31:11,901 - my_logger - INFO - Date
2023-07-01    0.028634
dtype: float64
2025-03-29 14:31:11,909 - my_logger - INFO - Date
2023-08-01   -0.021384
dtype: float64
2025-03-29 14:31:11,920 - my_logger - INFO - Date
2023-09-01   -0.025004
dtype: float64
2025-03-29 14:31:11,928 - my_logger - INFO - Date
2023-10-01   -0.02462
dtype: float64
2025-03-29 14:31:11,937 - my_logger - INFO - Date
2023-11-01    0.062531
dtype: float64
2025-03-29 14:31:11,945 - my_logger - INFO - Date
2023-12-01    0.049165
dtype: float64
2025-03-29 14:31:47,275 - my_logger - INFO - Date
2020-01-01    0.07502
dtype: float64
2025-03-29 14:31:47,284 - my_logger - INFO - Date
2020-02-01    0.076323
dtype: float64
2025-03-29 14:31:47,292 - my_logger - INFO - Date
2020-03-01   -0.050242
dtype: float64
2025-03-29 14:31:47,299 - my_logger - INFO - Date
2020-04-01   -0.023929
dtype: float64
2025-03-29 14:31:47,308 - my_logger - INFO - Date
2020-05-01    0.153927
dtype: float64
2025-03-29 14:31:47,316 - my_logger - INFO - Date
2020-06-01    0.059341
dtype: float64
2025-03-29 14:32:36,836 - my_logger - INFO - Date
2020-01-01    0.065501
dtype: float64
2025-03-29 14:32:36,844 - my_logger - INFO - Date
2020-02-01    0.053266
dtype: float64
2025-03-29 14:32:36,853 - my_logger - INFO - Date
2020-03-01   -0.056794
dtype: float64
2025-03-29 14:32:36,860 - my_logger - INFO - Date
2020-04-01   -0.01157
dtype: float64
2025-03-29 14:32:36,868 - my_logger - INFO - Date
2020-05-01    0.140071
dtype: float64
2025-03-29 14:32:36,876 - my_logger - INFO - Date
2020-06-01    0.05682
dtype: float64
2025-03-29 14:32:42,740 - my_logger - INFO - Date
2020-01-01    0.119147
dtype: float64
2025-03-29 14:32:42,747 - my_logger - INFO - Date
2020-02-01    0.1652
dtype: float64
2025-03-29 14:32:42,756 - my_logger - INFO - Date
2020-03-01   -0.0374
dtype: float64
2025-03-29 14:32:42,764 - my_logger - INFO - Date
2020-04-01   -0.083245
dtype: float64
2025-03-29 14:32:42,772 - my_logger - INFO - Date
2020-05-01    0.221284
dtype: float64
2025-03-29 14:32:42,779 - my_logger - INFO - Date
2020-06-01    0.083912
dtype: float64
2025-03-29 15:04:07,852 - my_logger - INFO - Date
2020-01-01    0.104286
dtype: float64
2025-03-29 15:04:07,861 - my_logger - INFO - Date
2020-02-01    0.127578
dtype: float64
2025-03-29 15:04:07,869 - my_logger - INFO - Date
2020-03-01   -0.047464
dtype: float64
2025-03-29 15:04:07,878 - my_logger - INFO - Date
2020-04-01   -0.054981
dtype: float64
2025-03-29 15:04:07,887 - my_logger - INFO - Date
2020-05-01    0.199218
dtype: float64
2025-03-29 15:04:07,895 - my_logger - INFO - Date
2020-06-01    0.080693
dtype: float64
2025-03-29 15:08:10,173 - my_logger - INFO - Date
2020-01-01    0.111576
dtype: float64
2025-03-29 15:08:10,186 - my_logger - INFO - Date
2020-02-01    0.149523
dtype: float64
2025-03-29 15:08:10,195 - my_logger - INFO - Date
2020-03-01   -0.033139
dtype: float64
2025-03-29 15:08:10,205 - my_logger - INFO - Date
2020-04-01   -0.07566
dtype: float64
2025-03-29 15:08:10,213 - my_logger - INFO - Date
2020-05-01    0.213784
dtype: float64
2025-03-29 15:08:10,222 - my_logger - INFO - Date
2020-06-01    0.080231
dtype: float64
2025-03-29 15:08:51,053 - my_logger - INFO - Date
2020-01-01    0.131596
dtype: float64
2025-03-29 15:08:51,062 - my_logger - INFO - Date
2020-02-01    0.191493
dtype: float64
2025-03-29 15:08:51,070 - my_logger - INFO - Date
2020-03-01   -0.027406
dtype: float64
2025-03-29 15:08:51,078 - my_logger - INFO - Date
2020-04-01   -0.095618
dtype: float64
2025-03-29 15:08:51,087 - my_logger - INFO - Date
2020-05-01    0.241006
dtype: float64
2025-03-29 15:08:51,094 - my_logger - INFO - Date
2020-06-01    0.088131
dtype: float64
2025-03-29 15:12:35,954 - my_logger - INFO - Date
2020-01-01    0.122393
dtype: float64
2025-03-29 15:12:35,962 - my_logger - INFO - Date
2020-02-01    0.173999
dtype: float64
2025-03-29 15:12:35,970 - my_logger - INFO - Date
2020-03-01   -0.030324
dtype: float64
2025-03-29 15:12:35,979 - my_logger - INFO - Date
2020-04-01   -0.091902
dtype: float64
2025-03-29 15:12:35,987 - my_logger - INFO - Date
2020-05-01    0.229949
dtype: float64
2025-03-29 15:12:35,995 - my_logger - INFO - Date
2020-06-01    0.082657
dtype: float64
2025-03-29 15:13:54,162 - my_logger - INFO - Date
2020-01-01    0.107223
dtype: float64
2025-03-29 15:13:54,169 - my_logger - INFO - Date
2020-02-01    0.143678
dtype: float64
2025-03-29 15:13:54,176 - my_logger - INFO - Date
2020-03-01   -0.037943
dtype: float64
2025-03-29 15:13:54,184 - my_logger - INFO - Date
2020-04-01   -0.067764
dtype: float64
2025-03-29 15:13:54,194 - my_logger - INFO - Date
2020-05-01    0.208479
dtype: float64
2025-03-29 15:13:54,202 - my_logger - INFO - Date
2020-06-01    0.078757
dtype: float64
2025-03-29 15:15:56,555 - my_logger - INFO - Date
2020-01-01    0.122621
dtype: float64
2025-03-29 15:15:56,562 - my_logger - INFO - Date
2020-02-01    0.176306
dtype: float64
2025-03-29 15:15:56,570 - my_logger - INFO - Date
2020-03-01   -0.028454
dtype: float64
2025-03-29 15:15:56,578 - my_logger - INFO - Date
2020-04-01   -0.090959
dtype: float64
2025-03-29 15:15:56,585 - my_logger - INFO - Date
2020-05-01    0.231109
dtype: float64
2025-03-29 15:15:56,594 - my_logger - INFO - Date
2020-06-01    0.085835
dtype: float64
2025-03-29 15:17:14,064 - my_logger - INFO - Date
2020-01-01    0.117625
dtype: float64
2025-03-29 15:17:14,072 - my_logger - INFO - Date
2020-02-01    0.160295
dtype: float64
2025-03-29 15:17:14,087 - my_logger - INFO - Date
2020-03-01   -0.032341
dtype: float64
2025-03-29 15:17:14,098 - my_logger - INFO - Date
2020-04-01   -0.087884
dtype: float64
2025-03-29 15:17:14,114 - my_logger - INFO - Date
2020-05-01    0.22163
dtype: float64
2025-03-29 15:17:14,130 - my_logger - INFO - Date
2020-06-01    0.08369
dtype: float64
2025-03-29 15:17:16,185 - my_logger - INFO - Date
2020-01-01    0.108077
dtype: float64
2025-03-29 15:17:16,193 - my_logger - INFO - Date
2020-02-01    0.141524
dtype: float64
2025-03-29 15:17:16,202 - my_logger - INFO - Date
2020-03-01   -0.035747
dtype: float64
2025-03-29 15:17:16,211 - my_logger - INFO - Date
2020-04-01   -0.077924
dtype: float64
2025-03-29 15:17:16,219 - my_logger - INFO - Date
2020-05-01    0.206937
dtype: float64
2025-03-29 15:17:16,228 - my_logger - INFO - Date
2020-06-01    0.078192
dtype: float64
2025-03-29 15:24:09,624 - my_logger - INFO - Date
2020-01-01    0.118552
dtype: float64
2025-03-29 15:24:09,631 - my_logger - INFO - Date
2020-02-01    0.165346
dtype: float64
2025-03-29 15:24:09,640 - my_logger - INFO - Date
2020-03-01   -0.034415
dtype: float64
2025-03-29 15:24:09,648 - my_logger - INFO - Date
2020-04-01   -0.077583
dtype: float64
2025-03-29 15:24:09,655 - my_logger - INFO - Date
2020-05-01    0.223309
dtype: float64
2025-03-29 15:24:09,663 - my_logger - INFO - Date
2020-06-01    0.083293
dtype: float64
2025-03-30 21:19:09,993 - my_logger - INFO - Date
2020-01-01    0.059783
dtype: float64
2025-03-30 21:19:10,138 - my_logger - INFO - Date
2020-02-01    0.044442
dtype: float64
2025-03-30 21:19:10,148 - my_logger - INFO - Date
2020-03-01   -0.05689
dtype: float64
2025-03-30 21:19:10,158 - my_logger - INFO - Date
2020-04-01   -0.004409
dtype: float64
2025-03-30 21:19:10,167 - my_logger - INFO - Date
2020-05-01    0.133634
dtype: float64
2025-03-30 21:19:10,176 - my_logger - INFO - Date
2020-06-01    0.056139
dtype: float64
2025-03-30 21:20:27,989 - my_logger - INFO - Date
2020-01-01    0.060903
dtype: float64
2025-03-30 21:20:27,998 - my_logger - INFO - Date
2020-02-01    0.03542
dtype: float64
2025-03-30 21:20:28,006 - my_logger - INFO - Date
2020-03-01   -0.062228
dtype: float64
2025-03-30 21:20:28,015 - my_logger - INFO - Date
2020-04-01    0.005936
dtype: float64
2025-03-30 21:20:28,024 - my_logger - INFO - Date
2020-05-01    0.127474
dtype: float64
2025-03-30 21:20:28,034 - my_logger - INFO - Date
2020-06-01    0.057644
dtype: float64
2025-03-30 21:21:48,527 - my_logger - INFO - Date
2020-01-01    0.068925
dtype: float64
2025-03-30 21:21:48,534 - my_logger - INFO - Date
2020-02-01    0.050309
dtype: float64
2025-03-30 21:21:48,544 - my_logger - INFO - Date
2020-03-01   -0.057973
dtype: float64
2025-03-30 21:21:48,551 - my_logger - INFO - Date
2020-04-01   -0.000621
dtype: float64
2025-03-30 21:21:48,560 - my_logger - INFO - Date
2020-05-01    0.140132
dtype: float64
2025-03-30 21:21:48,568 - my_logger - INFO - Date
2020-06-01    0.060829
dtype: float64
2025-03-30 21:32:45,945 - my_logger - INFO - Date
2020-01-01    0.065463
dtype: float64
2025-03-30 21:32:45,953 - my_logger - INFO - Date
2020-02-01    0.041935
dtype: float64
2025-03-30 21:32:45,960 - my_logger - INFO - Date
2020-03-01   -0.05979
dtype: float64
2025-03-30 21:32:45,968 - my_logger - INFO - Date
2020-04-01   -0.001454
dtype: float64
2025-03-30 21:32:45,975 - my_logger - INFO - Date
2020-05-01    0.137552
dtype: float64
2025-03-30 21:32:45,983 - my_logger - INFO - Date
2020-06-01    0.061301
dtype: float64
2025-03-30 21:32:46,357 - my_logger - INFO - Date
2020-07-01   NaN
dtype: float64
2025-03-30 21:32:46,367 - my_logger - INFO - Date
2020-08-01   NaN
dtype: float64
2025-03-30 21:32:46,376 - my_logger - INFO - Date
2020-09-01   NaN
dtype: float64
2025-03-30 21:32:46,385 - my_logger - INFO - Date
2020-10-01   NaN
dtype: float64
2025-03-30 21:32:46,394 - my_logger - INFO - Date
2020-11-01   NaN
dtype: float64
2025-03-30 21:32:46,403 - my_logger - INFO - Date
2020-12-01   NaN
dtype: float64
2025-03-30 21:32:47,257 - my_logger - INFO - Date
2021-01-01    0.031611
dtype: float64
2025-03-30 21:32:47,266 - my_logger - INFO - Date
2021-02-01    0.020204
dtype: float64
2025-03-30 21:32:47,277 - my_logger - INFO - Date
2021-03-01   -0.01085
dtype: float64
2025-03-30 21:32:47,288 - my_logger - INFO - Date
2021-04-01    0.028872
dtype: float64
2025-03-30 21:32:47,299 - my_logger - INFO - Date
2021-05-01    0.022431
dtype: float64
2025-03-30 21:32:47,309 - my_logger - INFO - Date
2021-06-01    0.01098
dtype: float64
2025-03-30 21:32:48,036 - my_logger - INFO - Date
2021-07-01    0.045804
dtype: float64
2025-03-30 21:32:48,044 - my_logger - INFO - Date
2021-08-01    0.040046
dtype: float64
2025-03-30 21:32:48,053 - my_logger - INFO - Date
2021-09-01   -0.000564
dtype: float64
2025-03-30 21:32:48,062 - my_logger - INFO - Date
2021-10-01    0.023005
dtype: float64
2025-03-30 21:32:48,071 - my_logger - INFO - Date
2021-11-01    0.09264
dtype: float64
2025-03-30 21:32:48,080 - my_logger - INFO - Date
2021-12-01    0.026425
dtype: float64
2025-03-30 21:32:48,912 - my_logger - INFO - Date
2022-01-01   -0.007238
dtype: float64
2025-03-30 21:32:48,921 - my_logger - INFO - Date
2022-02-01   -0.055914
dtype: float64
2025-03-30 21:32:48,930 - my_logger - INFO - Date
2022-03-01   -0.006152
dtype: float64
2025-03-30 21:32:48,940 - my_logger - INFO - Date
2022-04-01    0.003574
dtype: float64
2025-03-30 21:32:48,950 - my_logger - INFO - Date
2022-05-01   -0.054499
dtype: float64
2025-03-30 21:32:48,958 - my_logger - INFO - Date
2022-06-01   -0.076927
dtype: float64
2025-03-30 21:32:50,032 - my_logger - INFO - Date
2022-07-01    0.020765
dtype: float64
2025-03-30 21:32:50,041 - my_logger - INFO - Date
2022-08-01    0.029622
dtype: float64
2025-03-30 21:32:50,051 - my_logger - INFO - Date
2022-09-01   -0.078932
dtype: float64
2025-03-30 21:32:50,059 - my_logger - INFO - Date
2022-10-01    0.002389
dtype: float64
2025-03-30 21:32:50,070 - my_logger - INFO - Date
2022-11-01    0.047161
dtype: float64
2025-03-30 21:32:50,078 - my_logger - INFO - Date
2022-12-01   -0.028046
dtype: float64
2025-03-30 21:32:51,332 - my_logger - INFO - Date
2023-01-01    0.019185
dtype: float64
2025-03-30 21:32:51,346 - my_logger - INFO - Date
2023-02-01    0.001585
dtype: float64
2025-03-30 21:32:51,357 - my_logger - INFO - Date
2023-03-01    0.02112
dtype: float64
2025-03-30 21:32:51,368 - my_logger - INFO - Date
2023-04-01    0.037791
dtype: float64
2025-03-30 21:32:51,378 - my_logger - INFO - Date
2023-05-01   -0.023233
dtype: float64
2025-03-30 21:32:51,388 - my_logger - INFO - Date
2023-06-01    0.062427
dtype: float64
2025-03-30 21:32:52,461 - my_logger - INFO - Date
2023-07-01    0.062036
dtype: float64
2025-03-30 21:32:52,473 - my_logger - INFO - Date
2023-08-01   -0.034033
dtype: float64
2025-03-30 21:32:52,482 - my_logger - INFO - Date
2023-09-01   -0.035648
dtype: float64
2025-03-30 21:32:52,491 - my_logger - INFO - Date
2023-10-01   -0.045337
dtype: float64
2025-03-30 21:32:52,501 - my_logger - INFO - Date
2023-11-01    0.056571
dtype: float64
2025-03-30 21:32:52,510 - my_logger - INFO - Date
2023-12-01    0.068414
dtype: float64
2025-03-30 21:35:05,355 - my_logger - INFO - Date
2020-01-01   NaN
dtype: float64
2025-03-30 21:35:05,367 - my_logger - INFO - Date
2020-02-01   NaN
dtype: float64
2025-03-30 21:35:05,375 - my_logger - INFO - Date
2020-03-01   NaN
dtype: float64
2025-03-30 21:35:05,384 - my_logger - INFO - Date
2020-04-01   NaN
dtype: float64
2025-03-30 21:35:05,393 - my_logger - INFO - Date
2020-05-01   NaN
dtype: float64
2025-03-30 21:35:05,401 - my_logger - INFO - Date
2020-06-01   NaN
dtype: float64
2025-03-30 21:35:05,727 - my_logger - INFO - Date
2020-07-01   NaN
dtype: float64
2025-03-30 21:35:05,736 - my_logger - INFO - Date
2020-08-01   NaN
dtype: float64
2025-03-30 21:35:05,748 - my_logger - INFO - Date
2020-09-01   NaN
dtype: float64
2025-03-30 21:35:05,755 - my_logger - INFO - Date
2020-10-01   NaN
dtype: float64
2025-03-30 21:35:05,767 - my_logger - INFO - Date
2020-11-01   NaN
dtype: float64
2025-03-30 21:35:05,775 - my_logger - INFO - Date
2020-12-01   NaN
dtype: float64
2025-03-30 21:35:06,291 - my_logger - INFO - Date
2021-01-01   NaN
dtype: float64
2025-03-30 21:35:06,304 - my_logger - INFO - Date
2021-02-01   NaN
dtype: float64
2025-03-30 21:35:06,318 - my_logger - INFO - Date
2021-03-01   NaN
dtype: float64
2025-03-30 21:35:06,327 - my_logger - INFO - Date
2021-04-01   NaN
dtype: float64
2025-03-30 21:35:06,335 - my_logger - INFO - Date
2021-05-01   NaN
dtype: float64
2025-03-30 21:35:06,343 - my_logger - INFO - Date
2021-06-01   NaN
dtype: float64
2025-03-30 21:35:06,820 - my_logger - INFO - Date
2021-07-01   NaN
dtype: float64
2025-03-30 21:35:06,828 - my_logger - INFO - Date
2021-08-01   NaN
dtype: float64
2025-03-30 21:35:06,836 - my_logger - INFO - Date
2021-09-01   NaN
dtype: float64
2025-03-30 21:35:06,846 - my_logger - INFO - Date
2021-10-01   NaN
dtype: float64
2025-03-30 21:35:06,853 - my_logger - INFO - Date
2021-11-01   NaN
dtype: float64
2025-03-30 21:35:06,862 - my_logger - INFO - Date
2021-12-01   NaN
dtype: float64
2025-03-30 21:35:07,376 - my_logger - INFO - Date
2022-01-01   NaN
dtype: float64
2025-03-30 21:35:07,385 - my_logger - INFO - Date
2022-02-01   NaN
dtype: float64
2025-03-30 21:35:07,394 - my_logger - INFO - Date
2022-03-01   NaN
dtype: float64
2025-03-30 21:35:07,404 - my_logger - INFO - Date
2022-04-01   NaN
dtype: float64
2025-03-30 21:35:07,413 - my_logger - INFO - Date
2022-05-01   NaN
dtype: float64
2025-03-30 21:35:07,424 - my_logger - INFO - Date
2022-06-01   NaN
dtype: float64
2025-03-30 21:35:08,074 - my_logger - INFO - Date
2022-07-01   NaN
dtype: float64
2025-03-30 21:35:08,084 - my_logger - INFO - Date
2022-08-01   NaN
dtype: float64
2025-03-30 21:35:08,093 - my_logger - INFO - Date
2022-09-01   NaN
dtype: float64
2025-03-30 21:35:08,106 - my_logger - INFO - Date
2022-10-01   NaN
dtype: float64
2025-03-30 21:35:08,120 - my_logger - INFO - Date
2022-11-01   NaN
dtype: float64
2025-03-30 21:35:08,136 - my_logger - INFO - Date
2022-12-01   NaN
dtype: float64
2025-03-30 21:35:08,920 - my_logger - INFO - Date
2023-01-01   NaN
dtype: float64
2025-03-30 21:35:08,935 - my_logger - INFO - Date
2023-02-01   NaN
dtype: float64
2025-03-30 21:35:08,952 - my_logger - INFO - Date
2023-03-01   NaN
dtype: float64
2025-03-30 21:35:08,967 - my_logger - INFO - Date
2023-04-01   NaN
dtype: float64
2025-03-30 21:35:08,976 - my_logger - INFO - Date
2023-05-01   NaN
dtype: float64
2025-03-30 21:35:08,986 - my_logger - INFO - Date
2023-06-01   NaN
dtype: float64
2025-03-30 21:35:09,600 - my_logger - INFO - Date
2023-07-01   NaN
dtype: float64
2025-03-30 21:35:09,610 - my_logger - INFO - Date
2023-08-01   NaN
dtype: float64
2025-03-30 21:35:09,620 - my_logger - INFO - Date
2023-09-01   NaN
dtype: float64
2025-03-30 21:35:09,632 - my_logger - INFO - Date
2023-10-01   NaN
dtype: float64
2025-03-30 21:35:09,641 - my_logger - INFO - Date
2023-11-01   NaN
dtype: float64
2025-03-30 21:35:09,650 - my_logger - INFO - Date
2023-12-01   NaN
dtype: float64
2025-04-13 18:45:21,386 - my_logger - INFO - Date
2020-01-01    0.043697
dtype: float64
2025-04-13 18:45:21,396 - my_logger - INFO - Date
2020-02-01   -0.018045
dtype: float64
2025-04-13 18:45:21,404 - my_logger - INFO - Date
2020-03-01   -0.065925
dtype: float64
2025-04-13 18:45:21,413 - my_logger - INFO - Date
2020-04-01    0.00525
dtype: float64
2025-04-13 18:45:21,421 - my_logger - INFO - Date
2020-05-01    0.079129
dtype: float64
2025-04-13 18:45:21,429 - my_logger - INFO - Date
2020-06-01    0.048037
dtype: float64
2025-04-13 18:45:22,214 - my_logger - INFO - Date
2020-07-01    0.114173
dtype: float64
2025-04-13 18:45:22,221 - my_logger - INFO - Date
2020-08-01    0.106697
dtype: float64
2025-04-13 18:45:22,230 - my_logger - INFO - Date
2020-09-01    0.102656
dtype: float64
2025-04-13 18:45:22,237 - my_logger - INFO - Date
2020-10-01   -0.047169
dtype: float64
2025-04-13 18:45:22,246 - my_logger - INFO - Date
2020-11-01    0.005363
dtype: float64
2025-04-13 18:45:22,254 - my_logger - INFO - Date
2020-12-01    0.088339
dtype: float64
2025-04-13 18:45:23,018 - my_logger - INFO - Date
2021-01-01    0.026576
dtype: float64
2025-04-13 18:45:23,026 - my_logger - INFO - Date
2021-02-01   -0.002069
dtype: float64
2025-04-13 18:45:23,035 - my_logger - INFO - Date
2021-03-01   -0.012955
dtype: float64
2025-04-13 18:45:23,043 - my_logger - INFO - Date
2021-04-01    0.015821
dtype: float64
2025-04-13 18:45:23,051 - my_logger - INFO - Date
2021-05-01    0.032419
dtype: float64
2025-04-13 18:45:23,059 - my_logger - INFO - Date
2021-06-01   -0.005295
dtype: float64
2025-04-13 18:45:23,800 - my_logger - INFO - Date
2021-07-01    0.050895
dtype: float64
2025-04-13 18:45:23,808 - my_logger - INFO - Date
2021-08-01    0.044789
dtype: float64
2025-04-13 18:45:23,816 - my_logger - INFO - Date
2021-09-01    0.002934
dtype: float64
2025-04-13 18:45:23,824 - my_logger - INFO - Date
2021-10-01   -0.004436
dtype: float64
2025-04-13 18:45:23,833 - my_logger - INFO - Date
2021-11-01    0.045736
dtype: float64
2025-04-13 18:45:23,841 - my_logger - INFO - Date
2021-12-01    0.056353
dtype: float64
2025-04-13 18:45:24,600 - my_logger - INFO - Date
2022-01-01    0.020198
dtype: float64
2025-04-13 18:45:24,608 - my_logger - INFO - Date
2022-02-01   -0.027451
dtype: float64
2025-04-13 18:45:24,617 - my_logger - INFO - Date
2022-03-01   -0.009943
dtype: float64
2025-04-13 18:45:24,625 - my_logger - INFO - Date
2022-04-01    0.000645
dtype: float64
2025-04-13 18:45:24,633 - my_logger - INFO - Date
2022-05-01   -0.043909
dtype: float64
2025-04-13 18:45:24,641 - my_logger - INFO - Date
2022-06-01   -0.062123
dtype: float64
2025-04-13 18:45:25,352 - my_logger - INFO - Date
2022-07-01   -0.006729
dtype: float64
2025-04-13 18:45:25,361 - my_logger - INFO - Date
2022-08-01    0.040803
dtype: float64
2025-04-13 18:45:25,369 - my_logger - INFO - Date
2022-09-01   -0.055133
dtype: float64
2025-04-13 18:45:25,377 - my_logger - INFO - Date
2022-10-01   -0.028204
dtype: float64
2025-04-13 18:45:25,385 - my_logger - INFO - Date
2022-11-01    0.065627
dtype: float64
2025-04-13 18:45:25,394 - my_logger - INFO - Date
2022-12-01   -0.01246
dtype: float64
2025-04-13 18:45:26,160 - my_logger - INFO - Date
2023-01-01    0.030152
dtype: float64
2025-04-13 18:45:26,168 - my_logger - INFO - Date
2023-02-01   -0.010248
dtype: float64
2025-04-13 18:45:26,176 - my_logger - INFO - Date
2023-03-01    0.017125
dtype: float64
2025-04-13 18:45:26,184 - my_logger - INFO - Date
2023-04-01    0.024864
dtype: float64
2025-04-13 18:45:26,192 - my_logger - INFO - Date
2023-05-01   -0.014314
dtype: float64
2025-04-13 18:45:26,200 - my_logger - INFO - Date
2023-06-01    0.034993
dtype: float64
2025-04-13 18:45:26,919 - my_logger - INFO - Date
2023-07-01    0.035034
dtype: float64
2025-04-13 18:45:26,927 - my_logger - INFO - Date
2023-08-01   -0.018999
dtype: float64
2025-04-13 18:45:26,935 - my_logger - INFO - Date
2023-09-01   -0.026663
dtype: float64
2025-04-13 18:45:26,943 - my_logger - INFO - Date
2023-10-01   -0.031394
dtype: float64
2025-04-13 18:45:26,951 - my_logger - INFO - Date
2023-11-01    0.057135
dtype: float64
2025-04-13 18:45:26,959 - my_logger - INFO - Date
2023-12-01    0.052563
dtype: float64
2025-04-13 18:48:20,246 - my_logger - INFO - Date
2020-01-01    0.044825
dtype: float64
2025-04-13 18:48:20,258 - my_logger - INFO - Date
2020-02-01   -0.005243
dtype: float64
2025-04-13 18:48:20,270 - my_logger - INFO - Date
2020-03-01   -0.065446
dtype: float64
2025-04-13 18:48:20,282 - my_logger - INFO - Date
2020-04-01   -0.004415
dtype: float64
2025-04-13 18:48:20,295 - my_logger - INFO - Date
2020-05-01    0.076228
dtype: float64
2025-04-13 18:48:20,307 - my_logger - INFO - Date
2020-06-01    0.047455
dtype: float64
2025-04-13 18:48:21,149 - my_logger - INFO - Date
2020-07-01    0.114173
dtype: float64
2025-04-13 18:48:21,157 - my_logger - INFO - Date
2020-08-01    0.106697
dtype: float64
2025-04-13 18:48:21,164 - my_logger - INFO - Date
2020-09-01    0.102656
dtype: float64
2025-04-13 18:48:21,173 - my_logger - INFO - Date
2020-10-01   -0.047169
dtype: float64
2025-04-13 18:48:21,180 - my_logger - INFO - Date
2020-11-01    0.005363
dtype: float64
2025-04-13 18:48:21,189 - my_logger - INFO - Date
2020-12-01    0.088339
dtype: float64
2025-04-13 18:48:21,958 - my_logger - INFO - Date
2021-01-01    0.026752
dtype: float64
2025-04-13 18:48:21,966 - my_logger - INFO - Date
2021-02-01   -0.002751
dtype: float64
2025-04-13 18:48:21,975 - my_logger - INFO - Date
2021-03-01   -0.013671
dtype: float64
2025-04-13 18:48:21,983 - my_logger - INFO - Date
2021-04-01    0.01514
dtype: float64
2025-04-13 18:48:21,991 - my_logger - INFO - Date
2021-05-01    0.032418
dtype: float64
2025-04-13 18:48:21,999 - my_logger - INFO - Date
2021-06-01   -0.005915
dtype: float64
2025-04-13 18:48:22,738 - my_logger - INFO - Date
2021-07-01    0.049432
dtype: float64
2025-04-13 18:48:22,747 - my_logger - INFO - Date
2021-08-01    0.044174
dtype: float64
2025-04-13 18:48:22,755 - my_logger - INFO - Date
2021-09-01   -0.001572
dtype: float64
2025-04-13 18:48:22,763 - my_logger - INFO - Date
2021-10-01    0.002457
dtype: float64
2025-04-13 18:48:22,771 - my_logger - INFO - Date
2021-11-01    0.03638
dtype: float64
2025-04-13 18:48:22,778 - my_logger - INFO - Date
2021-12-01    0.059166
dtype: float64
2025-04-13 18:48:23,504 - my_logger - INFO - Date
2022-01-01    0.020716
dtype: float64
2025-04-13 18:48:23,511 - my_logger - INFO - Date
2022-02-01   -0.026935
dtype: float64
2025-04-13 18:48:23,520 - my_logger - INFO - Date
2022-03-01   -0.013841
dtype: float64
2025-04-13 18:48:23,528 - my_logger - INFO - Date
2022-04-01    0.001172
dtype: float64
2025-04-13 18:48:23,536 - my_logger - INFO - Date
2022-05-01   -0.045556
dtype: float64
2025-04-13 18:48:23,545 - my_logger - INFO - Date
2022-06-01   -0.060431
dtype: float64
2025-04-13 18:48:24,281 - my_logger - INFO - Date
2022-07-01   -0.007923
dtype: float64
2025-04-13 18:48:24,289 - my_logger - INFO - Date
2022-08-01    0.045959
dtype: float64
2025-04-13 18:48:24,298 - my_logger - INFO - Date
2022-09-01   -0.052551
dtype: float64
2025-04-13 18:48:24,306 - my_logger - INFO - Date
2022-10-01   -0.026196
dtype: float64
2025-04-13 18:48:24,314 - my_logger - INFO - Date
2022-11-01    0.068787
dtype: float64
2025-04-13 18:48:24,322 - my_logger - INFO - Date
2022-12-01   -0.017832
dtype: float64
2025-04-13 18:48:25,030 - my_logger - INFO - Date
2023-01-01    0.024262
dtype: float64
2025-04-13 18:48:25,039 - my_logger - INFO - Date
2023-02-01   -0.009177
dtype: float64
2025-04-13 18:48:25,046 - my_logger - INFO - Date
2023-03-01    0.018056
dtype: float64
2025-04-13 18:48:25,055 - my_logger - INFO - Date
2023-04-01    0.025412
dtype: float64
2025-04-13 18:48:25,062 - my_logger - INFO - Date
2023-05-01   -0.012732
dtype: float64
2025-04-13 18:48:25,071 - my_logger - INFO - Date
2023-06-01    0.03117
dtype: float64
2025-04-13 18:48:25,804 - my_logger - INFO - Date
2023-07-01    0.036166
dtype: float64
2025-04-13 18:48:25,813 - my_logger - INFO - Date
2023-08-01   -0.016245
dtype: float64
2025-04-13 18:48:25,829 - my_logger - INFO - Date
2023-09-01   -0.029146
dtype: float64
2025-04-13 18:48:25,843 - my_logger - INFO - Date
2023-10-01   -0.034266
dtype: float64
2025-04-13 18:48:25,851 - my_logger - INFO - Date
2023-11-01    0.053828
dtype: float64
2025-04-13 18:48:25,860 - my_logger - INFO - Date
2023-12-01    0.055342
dtype: float64
2025-04-13 18:50:38,685 - my_logger - INFO - Date
2020-01-01    0.031883
dtype: float64
2025-04-13 18:50:38,692 - my_logger - INFO - Date
2020-02-01   -0.025045
dtype: float64
2025-04-13 18:50:38,700 - my_logger - INFO - Date
2020-03-01   -0.070156
dtype: float64
2025-04-13 18:50:38,706 - my_logger - INFO - Date
2020-04-01    0.01275
dtype: float64
2025-04-13 18:50:38,713 - my_logger - INFO - Date
2020-05-01    0.11689
dtype: float64
2025-04-13 18:50:38,721 - my_logger - INFO - Date
2020-06-01    0.057781
dtype: float64
2025-04-13 18:50:58,278 - my_logger - INFO - Date
2020-01-01    0.044435
dtype: float64
2025-04-13 18:50:58,286 - my_logger - INFO - Date
2020-02-01   -0.007004
dtype: float64
2025-04-13 18:50:58,294 - my_logger - INFO - Date
2020-03-01   -0.068252
dtype: float64
2025-04-13 18:50:58,303 - my_logger - INFO - Date
2020-04-01    0.001257
dtype: float64
2025-04-13 18:50:58,310 - my_logger - INFO - Date
2020-05-01    0.080101
dtype: float64
2025-04-13 18:50:58,319 - my_logger - INFO - Date
2020-06-01    0.049202
dtype: float64
2025-04-13 18:50:59,048 - my_logger - INFO - Date
2020-07-01    0.114173
dtype: float64
2025-04-13 18:50:59,056 - my_logger - INFO - Date
2020-08-01    0.106697
dtype: float64
2025-04-13 18:50:59,064 - my_logger - INFO - Date
2020-09-01    0.102656
dtype: float64
2025-04-13 18:50:59,072 - my_logger - INFO - Date
2020-10-01   -0.047169
dtype: float64
2025-04-13 18:50:59,080 - my_logger - INFO - Date
2020-11-01    0.005363
dtype: float64
2025-04-13 18:50:59,088 - my_logger - INFO - Date
2020-12-01    0.088339
dtype: float64
2025-04-13 18:50:59,818 - my_logger - INFO - Date
2021-01-01    0.023924
dtype: float64
2025-04-13 18:50:59,827 - my_logger - INFO - Date
2021-02-01   -0.006912
dtype: float64
2025-04-13 18:50:59,835 - my_logger - INFO - Date
2021-03-01   -0.011611
dtype: float64
2025-04-13 18:50:59,842 - my_logger - INFO - Date
2021-04-01    0.01769
dtype: float64
2025-04-13 18:50:59,851 - my_logger - INFO - Date
2021-05-01    0.030021
dtype: float64
2025-04-13 18:50:59,859 - my_logger - INFO - Date
2021-06-01   -0.002816
dtype: float64
2025-04-13 18:51:00,609 - my_logger - INFO - Date
2021-07-01    0.047249
dtype: float64
2025-04-13 18:51:00,618 - my_logger - INFO - Date
2021-08-01    0.042941
dtype: float64
2025-04-13 18:51:00,626 - my_logger - INFO - Date
2021-09-01    0.000353
dtype: float64
2025-04-13 18:51:00,634 - my_logger - INFO - Date
2021-10-01   -0.000459
dtype: float64
2025-04-13 18:51:00,642 - my_logger - INFO - Date
2021-11-01    0.029231
dtype: float64
2025-04-13 18:51:00,650 - my_logger - INFO - Date
2021-12-01    0.064777
dtype: float64
2025-04-13 18:51:01,374 - my_logger - INFO - Date
2022-01-01    0.005457
dtype: float64
2025-04-13 18:51:01,382 - my_logger - INFO - Date
2022-02-01   -0.031666
dtype: float64
2025-04-13 18:51:01,391 - my_logger - INFO - Date
2022-03-01   -0.011188
dtype: float64
2025-04-13 18:51:01,399 - my_logger - INFO - Date
2022-04-01   -0.016674
dtype: float64
2025-04-13 18:51:01,407 - my_logger - INFO - Date
2022-05-01   -0.044425
dtype: float64
2025-04-13 18:51:01,415 - my_logger - INFO - Date
2022-06-01   -0.063987
dtype: float64
2025-04-13 18:51:02,126 - my_logger - INFO - Date
2022-07-01   -0.009432
dtype: float64
2025-04-13 18:51:02,135 - my_logger - INFO - Date
2022-08-01    0.043364
dtype: float64
2025-04-13 18:51:02,143 - my_logger - INFO - Date
2022-09-01   -0.049606
dtype: float64
2025-04-13 18:51:02,152 - my_logger - INFO - Date
2022-10-01   -0.027867
dtype: float64
2025-04-13 18:51:02,159 - my_logger - INFO - Date
2022-11-01    0.062466
dtype: float64
2025-04-13 18:51:02,169 - my_logger - INFO - Date
2022-12-01   -0.009567
dtype: float64
2025-04-13 18:51:02,890 - my_logger - INFO - Date
2023-01-01    0.027274
dtype: float64
2025-04-13 18:51:02,899 - my_logger - INFO - Date
2023-02-01   -0.011255
dtype: float64
2025-04-13 18:51:02,907 - my_logger - INFO - Date
2023-03-01    0.015084
dtype: float64
2025-04-13 18:51:02,916 - my_logger - INFO - Date
2023-04-01    0.026172
dtype: float64
2025-04-13 18:51:02,924 - my_logger - INFO - Date
2023-05-01   -0.017161
dtype: float64
2025-04-13 18:51:02,933 - my_logger - INFO - Date
2023-06-01    0.034314
dtype: float64
2025-04-13 18:51:03,653 - my_logger - INFO - Date
2023-07-01    0.036564
dtype: float64
2025-04-13 18:51:03,660 - my_logger - INFO - Date
2023-08-01   -0.014825
dtype: float64
2025-04-13 18:51:03,668 - my_logger - INFO - Date
2023-09-01   -0.026762
dtype: float64
2025-04-13 18:51:03,676 - my_logger - INFO - Date
2023-10-01   -0.034497
dtype: float64
2025-04-13 18:51:03,686 - my_logger - INFO - Date
2023-11-01    0.05369
dtype: float64
2025-04-13 18:51:03,693 - my_logger - INFO - Date
2023-12-01    0.0583
dtype: float64
